INFO 2026-03-24 10:24:57,946 autoreload Watching for file changes with StatReloader
INFO 2026-03-24 10:25:20,366 autoreload C:\Users\Welcome\Desktop\CRM\March 24\files\settings.py changed, reloading.
INFO 2026-03-24 10:25:22,044 autoreload Watching for file changes with StatReloader
INFO 2026-03-24 10:25:39,092 autoreload Watching for file changes with StatReloader
INFO 2026-03-24 10:26:01,926 autoreload C:\Users\Welcome\Desktop\CRM\March 24\files\views.py changed, reloading.
INFO 2026-03-24 10:26:03,252 autoreload Watching for file changes with StatReloader
INFO 2026-03-24 10:26:39,375 autoreload Watching for file changes with StatReloader
INFO 2026-03-24 10:27:02,167 autoreload C:\Users\Welcome\Desktop\CRM\March 24\files\settings.py changed, reloading.
INFO 2026-03-24 10:27:02,828 autoreload Watching for file changes with StatReloader
INFO 2026-03-24 10:27:43,709 autoreload Watching for file changes with StatReloader
INFO 2026-03-24 10:28:54,296 autoreload Watching for file changes with StatReloader
INFO 2026-03-24 10:29:24,715 autoreload Watching for file changes with StatReloader
ERROR 2026-03-24 10:29:55,810 exception Invalid HTTP_HOST header: '127.0.0.1:8000'. You may need to add '127.0.0.1' to ALLOWED_HOSTS.
Traceback (most recent call last):
  File "C:\Users\Welcome\AppData\Local\Programs\Python\Python310\lib\site-packages\django\core\handlers\exception.py", line 55, in inner
    response = get_response(request)
  File "C:\Users\Welcome\AppData\Local\Programs\Python\Python310\lib\site-packages\django\utils\deprecation.py", line 133, in __call__
    response = self.process_request(request)
  File "C:\Users\Welcome\AppData\Local\Programs\Python\Python310\lib\site-packages\django\middleware\common.py", line 48, in process_request
    host = request.get_host()
  File "C:\Users\Welcome\AppData\Local\Programs\Python\Python310\lib\site-packages\django\http\request.py", line 150, in get_host
    raise DisallowedHost(msg)
django.core.exceptions.DisallowedHost: Invalid HTTP_HOST header: '127.0.0.1:8000'. You may need to add '127.0.0.1' to ALLOWED_HOSTS.
WARNING 2026-03-24 10:29:56,055 log Bad Request: /api/
WARNING 2026-03-24 10:29:56,057 basehttp "GET /api/ HTTP/1.1" 400 78269
ERROR 2026-03-24 10:29:56,249 exception Invalid HTTP_HOST header: '127.0.0.1:8000'. You may need to add '127.0.0.1' to ALLOWED_HOSTS.
Traceback (most recent call last):
  File "C:\Users\Welcome\AppData\Local\Programs\Python\Python310\lib\site-packages\django\core\handlers\exception.py", line 55, in inner
    response = get_response(request)
  File "C:\Users\Welcome\AppData\Local\Programs\Python\Python310\lib\site-packages\django\utils\deprecation.py", line 133, in __call__
    response = self.process_request(request)
  File "C:\Users\Welcome\AppData\Local\Programs\Python\Python310\lib\site-packages\django\middleware\common.py", line 48, in process_request
    host = request.get_host()
  File "C:\Users\Welcome\AppData\Local\Programs\Python\Python310\lib\site-packages\django\http\request.py", line 150, in get_host
    raise DisallowedHost(msg)
django.core.exceptions.DisallowedHost: Invalid HTTP_HOST header: '127.0.0.1:8000'. You may need to add '127.0.0.1' to ALLOWED_HOSTS.
WARNING 2026-03-24 10:29:56,282 log Bad Request: /favicon.ico
WARNING 2026-03-24 10:29:56,283 basehttp "GET /favicon.ico HTTP/1.1" 400 77814
ERROR 2026-03-24 10:29:58,451 exception Invalid HTTP_HOST header: '127.0.0.1:8000'. You may need to add '127.0.0.1' to ALLOWED_HOSTS.
Traceback (most recent call last):
  File "C:\Users\Welcome\AppData\Local\Programs\Python\Python310\lib\site-packages\django\core\handlers\exception.py", line 55, in inner
    response = get_response(request)
  File "C:\Users\Welcome\AppData\Local\Programs\Python\Python310\lib\site-packages\django\utils\deprecation.py", line 133, in __call__
    response = self.process_request(request)
  File "C:\Users\Welcome\AppData\Local\Programs\Python\Python310\lib\site-packages\django\middleware\common.py", line 48, in process_request
    host = request.get_host()
  File "C:\Users\Welcome\AppData\Local\Programs\Python\Python310\lib\site-packages\django\http\request.py", line 150, in get_host
    raise DisallowedHost(msg)
django.core.exceptions.DisallowedHost: Invalid HTTP_HOST header: '127.0.0.1:8000'. You may need to add '127.0.0.1' to ALLOWED_HOSTS.
WARNING 2026-03-24 10:29:58,484 log Bad Request: /api/docs/
WARNING 2026-03-24 10:29:58,485 basehttp "GET /api/docs/ HTTP/1.1" 400 78324
INFO 2026-03-24 10:30:03,169 autoreload C:\Users\Welcome\Desktop\CRM\March 24\files\settings.py changed, reloading.
INFO 2026-03-24 10:30:03,329 autoreload C:\Users\Welcome\Desktop\CRM\March 24\files\settings.py changed, reloading.
INFO 2026-03-24 10:30:03,747 autoreload C:\Users\Welcome\Desktop\CRM\March 24\files\settings.py changed, reloading.
INFO 2026-03-24 10:30:03,759 autoreload C:\Users\Welcome\Desktop\CRM\March 24\files\settings.py changed, reloading.
INFO 2026-03-24 10:30:04,203 autoreload Watching for file changes with StatReloader
INFO 2026-03-24 10:30:04,734 autoreload Watching for file changes with StatReloader
INFO 2026-03-24 10:30:04,736 autoreload Watching for file changes with StatReloader
INFO 2026-03-24 10:30:05,208 autoreload Watching for file changes with StatReloader
INFO 2026-03-24 10:30:06,035 autoreload C:\Users\Welcome\Desktop\CRM\March 24\files\settings.py changed, reloading.
INFO 2026-03-24 10:30:06,067 autoreload C:\Users\Welcome\Desktop\CRM\March 24\files\settings.py changed, reloading.
WARNING 2026-03-24 10:30:06,144 log Not Found: /api/docs/
WARNING 2026-03-24 10:30:06,145 basehttp "GET /api/docs/ HTTP/1.1" 404 12472
INFO 2026-03-24 10:30:06,640 autoreload C:\Users\Welcome\Desktop\CRM\March 24\files\settings.py changed, reloading.
WARNING 2026-03-24 10:30:06,914 log Not Found: /api/docs/
WARNING 2026-03-24 10:30:06,915 basehttp "GET /api/docs/ HTTP/1.1" 404 12472
INFO 2026-03-24 10:30:07,000 autoreload Watching for file changes with StatReloader
INFO 2026-03-24 10:30:07,021 autoreload Watching for file changes with StatReloader
INFO 2026-03-24 10:30:07,553 autoreload Watching for file changes with StatReloader
INFO 2026-03-24 10:30:13,283 autoreload C:\Users\Welcome\Desktop\CRM\March 24\files\urls.py changed, reloading.
INFO 2026-03-24 10:30:14,849 autoreload Watching for file changes with StatReloader
INFO 2026-03-24 11:55:57,062 autoreload C:\Users\Welcome\Desktop\CRM\March 24\files\settings.py changed, reloading.
INFO 2026-03-24 11:55:57,263 autoreload C:\Users\Welcome\Desktop\CRM\March 24\files\settings.py changed, reloading.
INFO 2026-03-24 11:55:57,510 autoreload C:\Users\Welcome\Desktop\CRM\March 24\files\settings.py changed, reloading.
INFO 2026-03-24 11:55:57,705 autoreload C:\Users\Welcome\Desktop\CRM\March 24\files\settings.py changed, reloading.
INFO 2026-03-24 11:56:01,630 autoreload Watching for file changes with StatReloader
INFO 2026-03-24 11:56:01,632 autoreload Watching for file changes with StatReloader
INFO 2026-03-24 11:56:01,635 autoreload Watching for file changes with StatReloader
INFO 2026-03-24 11:56:02,570 autoreload Watching for file changes with StatReloader
INFO 2026-03-24 11:56:26,592 autoreload C:\Users\Welcome\Desktop\CRM\March 24\files\views.py changed, reloading.
INFO 2026-03-24 11:56:26,627 autoreload C:\Users\Welcome\Desktop\CRM\March 24\files\views.py changed, reloading.
INFO 2026-03-24 11:56:27,043 autoreload C:\Users\Welcome\Desktop\CRM\March 24\files\views.py changed, reloading.
INFO 2026-03-24 11:56:27,243 autoreload C:\Users\Welcome\Desktop\CRM\March 24\files\views.py changed, reloading.
INFO 2026-03-24 11:56:29,387 autoreload Watching for file changes with StatReloader
INFO 2026-03-24 11:56:29,402 autoreload Watching for file changes with StatReloader
INFO 2026-03-24 11:56:29,817 autoreload Watching for file changes with StatReloader
INFO 2026-03-24 11:56:30,007 autoreload Watching for file changes with StatReloader
INFO 2026-03-24 11:57:42,288 autoreload Watching for file changes with StatReloader
INFO 2026-03-24 11:58:35,797 autoreload Watching for file changes with StatReloader
WARNING 2026-03-24 12:01:31,490 log Not Found: /api/docs/
WARNING 2026-03-24 12:01:31,491 basehttp "GET /api/docs/ HTTP/1.1" 404 15404
WARNING 2026-03-24 12:01:35,944 log Unauthorized: /api/
WARNING 2026-03-24 12:01:35,945 basehttp "GET /api/ HTTP/1.1" 401 58
WARNING 2026-03-24 12:01:38,152 log Unauthorized: /api/
WARNING 2026-03-24 12:01:38,153 basehttp "GET /api/ HTTP/1.1" 401 58
WARNING 2026-03-24 12:01:50,592 log Unauthorized: /api/
WARNING 2026-03-24 12:01:50,593 basehttp "GET /api/ HTTP/1.1" 401 58
WARNING 2026-03-24 12:02:11,407 log Not Found: /api/docs/
WARNING 2026-03-24 12:02:11,417 basehttp "GET /api/docs/ HTTP/1.1" 404 15404
WARNING 2026-03-24 12:02:18,274 log Not Found: /api/docs/
WARNING 2026-03-24 12:02:18,275 basehttp "GET /api/docs/ HTTP/1.1" 404 15404
WARNING 2026-03-24 12:02:22,829 log Unauthorized: /api/
WARNING 2026-03-24 12:02:22,830 basehttp "GET /api/ HTTP/1.1" 401 58
INFO 2026-03-24 12:02:25,422 basehttp "GET /admin/ HTTP/1.1" 302 0
INFO 2026-03-24 12:02:25,595 basehttp "GET /admin/login/?next=/admin/ HTTP/1.1" 200 4185
INFO 2026-03-24 12:02:25,901 basehttp "GET /static/admin/css/nav_sidebar.css HTTP/1.1" 200 2694
INFO 2026-03-24 12:02:25,904 basehttp "GET /static/admin/css/base.css HTTP/1.1" 200 21310
INFO 2026-03-24 12:02:25,905 basehttp "GET /static/admin/css/login.css HTTP/1.1" 200 958
INFO 2026-03-24 12:02:25,908 basehttp "GET /static/admin/css/dark_mode.css HTTP/1.1" 200 2929
INFO 2026-03-24 12:02:25,910 basehttp "GET /static/admin/css/responsive.css HTTP/1.1" 200 18559
INFO 2026-03-24 12:02:25,929 basehttp "GET /static/admin/js/theme.js HTTP/1.1" 200 1943
INFO 2026-03-24 12:02:25,936 basehttp "GET /static/admin/js/nav_sidebar.js HTTP/1.1" 200 3063
INFO 2026-03-24 12:02:40,899 basehttp "POST /admin/login/?next=/admin/ HTTP/1.1" 200 4346
INFO 2026-03-24 12:07:05,718 autoreload C:\Users\Welcome\Desktop\CRM\March 24\files\settings.py changed, reloading.
INFO 2026-03-24 12:07:05,988 autoreload C:\Users\Welcome\Desktop\CRM\March 24\files\settings.py changed, reloading.
INFO 2026-03-24 12:07:06,216 autoreload C:\Users\Welcome\Desktop\CRM\March 24\files\settings.py changed, reloading.
INFO 2026-03-24 12:07:06,378 autoreload C:\Users\Welcome\Desktop\CRM\March 24\files\settings.py changed, reloading.
INFO 2026-03-24 12:07:11,054 autoreload Watching for file changes with StatReloader
INFO 2026-03-24 12:07:11,175 autoreload Watching for file changes with StatReloader
INFO 2026-03-24 12:07:11,213 autoreload Watching for file changes with StatReloader
INFO 2026-03-24 12:07:11,657 autoreload Watching for file changes with StatReloader
INFO 2026-03-24 12:07:58,682 autoreload Watching for file changes with StatReloader
ERROR 2026-03-24 12:08:39,695 exception Invalid HTTP_HOST header: 'testserver'. You may need to add 'testserver' to ALLOWED_HOSTS.
Traceback (most recent call last):
  File "C:\Users\Welcome\AppData\Local\Programs\Python\Python312\Lib\site-packages\django\core\handlers\exception.py", line 55, in inner
    response = get_response(request)
               ^^^^^^^^^^^^^^^^^^^^^
  File "C:\Users\Welcome\AppData\Local\Programs\Python\Python312\Lib\site-packages\django\utils\deprecation.py", line 133, in __call__
    response = self.process_request(request)
               ^^^^^^^^^^^^^^^^^^^^^^^^^^^^^
  File "C:\Users\Welcome\AppData\Local\Programs\Python\Python312\Lib\site-packages\django\middleware\common.py", line 48, in process_request
    host = request.get_host()
           ^^^^^^^^^^^^^^^^^^
  File "C:\Users\Welcome\AppData\Local\Programs\Python\Python312\Lib\site-packages\django\http\request.py", line 150, in get_host
    raise DisallowedHost(msg)
django.core.exceptions.DisallowedHost: Invalid HTTP_HOST header: 'testserver'. You may need to add 'testserver' to ALLOWED_HOSTS.
WARNING 2026-03-24 12:08:40,162 log Bad Request: /
ERROR 2026-03-24 12:08:40,163 exception Invalid HTTP_HOST header: 'testserver'. You may need to add 'testserver' to ALLOWED_HOSTS.
Traceback (most recent call last):
  File "C:\Users\Welcome\AppData\Local\Programs\Python\Python312\Lib\site-packages\django\core\handlers\exception.py", line 55, in inner
    response = get_response(request)
               ^^^^^^^^^^^^^^^^^^^^^
  File "C:\Users\Welcome\AppData\Local\Programs\Python\Python312\Lib\site-packages\django\utils\deprecation.py", line 133, in __call__
    response = self.process_request(request)
               ^^^^^^^^^^^^^^^^^^^^^^^^^^^^^
  File "C:\Users\Welcome\AppData\Local\Programs\Python\Python312\Lib\site-packages\django\middleware\common.py", line 48, in process_request
    host = request.get_host()
           ^^^^^^^^^^^^^^^^^^
  File "C:\Users\Welcome\AppData\Local\Programs\Python\Python312\Lib\site-packages\django\http\request.py", line 150, in get_host
    raise DisallowedHost(msg)
django.core.exceptions.DisallowedHost: Invalid HTTP_HOST header: 'testserver'. You may need to add 'testserver' to ALLOWED_HOSTS.
WARNING 2026-03-24 12:08:40,189 log Bad Request: /login
WARNING 2026-03-24 12:08:54,823 log Unauthorized: /api/
INFO 2026-03-24 12:37:23,285 autoreload Watching for file changes with StatReloader
INFO 2026-03-24 12:37:26,236 basehttp "GET / HTTP/1.1" 200 408
WARNING 2026-03-24 12:37:26,639 basehttp "GET /static/assets/index-985a8f16.css HTTP/1.1" 404 1834
WARNING 2026-03-24 12:37:26,642 basehttp "GET /static/assets/index-d603c55c.js HTTP/1.1" 404 1831
INFO 2026-03-24 12:37:34,658 basehttp "GET / HTTP/1.1" 200 408
WARNING 2026-03-24 12:37:34,735 basehttp "GET /static/assets/index-d603c55c.js HTTP/1.1" 404 1831
WARNING 2026-03-24 12:37:34,736 basehttp "GET /static/assets/index-985a8f16.css HTTP/1.1" 404 1834
INFO 2026-03-24 12:37:35,941 basehttp "GET / HTTP/1.1" 200 408
WARNING 2026-03-24 12:37:35,971 basehttp "GET /static/assets/index-d603c55c.js HTTP/1.1" 404 1831
WARNING 2026-03-24 12:37:35,971 basehttp "GET /static/assets/index-985a8f16.css HTTP/1.1" 404 1834
INFO 2026-03-24 12:38:10,132 basehttp "GET / HTTP/1.1" 200 408
WARNING 2026-03-24 12:38:10,163 basehttp "GET /static/assets/index-d603c55c.js HTTP/1.1" 404 1831
WARNING 2026-03-24 12:38:10,165 basehttp "GET /static/assets/index-985a8f16.css HTTP/1.1" 404 1834
WARNING 2026-03-24 12:39:58,563 log Not Found: /static/assets/index-d603c55c.js
WARNING 2026-03-24 12:39:58,570 log Not Found: /static/assets/index-985a8f16.css
INFO 2026-03-24 12:40:07,481 autoreload C:\Users\Welcome\Desktop\CRM\March 24\files\settings.py changed, reloading.
INFO 2026-03-24 12:40:07,668 autoreload C:\Users\Welcome\Desktop\CRM\March 24\files\settings.py changed, reloading.
INFO 2026-03-24 12:40:07,714 autoreload C:\Users\Welcome\Desktop\CRM\March 24\files\settings.py changed, reloading.
INFO 2026-03-24 12:40:08,445 autoreload C:\Users\Welcome\Desktop\CRM\March 24\files\settings.py changed, reloading.
INFO 2026-03-24 12:40:08,573 autoreload C:\Users\Welcome\Desktop\CRM\March 24\files\settings.py changed, reloading.
INFO 2026-03-24 12:40:12,008 autoreload Watching for file changes with StatReloader
INFO 2026-03-24 12:40:12,287 autoreload Watching for file changes with StatReloader
INFO 2026-03-24 12:40:12,337 autoreload Watching for file changes with StatReloader
INFO 2026-03-24 12:40:13,174 autoreload Watching for file changes with StatReloader
INFO 2026-03-24 12:40:13,471 autoreload Watching for file changes with StatReloader
WARNING 2026-03-24 12:40:20,872 log Not Found: /static/assets/index-d603c55c.js
WARNING 2026-03-24 12:40:20,883 log Not Found: /static/assets/index-985a8f16.css
INFO 2026-03-24 12:40:31,727 autoreload C:\Users\Welcome\Desktop\CRM\March 24\files\urls.py changed, reloading.
INFO 2026-03-24 12:40:31,730 autoreload C:\Users\Welcome\Desktop\CRM\March 24\files\urls.py changed, reloading.
INFO 2026-03-24 12:40:31,868 autoreload C:\Users\Welcome\Desktop\CRM\March 24\files\urls.py changed, reloading.
INFO 2026-03-24 12:40:31,982 autoreload C:\Users\Welcome\Desktop\CRM\March 24\files\urls.py changed, reloading.
INFO 2026-03-24 12:40:32,158 autoreload C:\Users\Welcome\Desktop\CRM\March 24\files\urls.py changed, reloading.
INFO 2026-03-24 12:40:35,493 autoreload Watching for file changes with StatReloader
INFO 2026-03-24 12:40:35,518 autoreload Watching for file changes with StatReloader
INFO 2026-03-24 12:40:35,707 autoreload Watching for file changes with StatReloader
INFO 2026-03-24 12:40:35,903 autoreload Watching for file changes with StatReloader
INFO 2026-03-24 12:40:36,040 autoreload Watching for file changes with StatReloader
INFO 2026-03-24 12:41:46,550 basehttp "GET / HTTP/1.1" 200 408
INFO 2026-03-24 12:41:46,665 basehttp "GET /static/assets/index-985a8f16.css HTTP/1.1" 200 14344
INFO 2026-03-24 12:41:46,671 basehttp "GET /static/assets/index-d603c55c.js HTTP/1.1" 200 269435
INFO 2026-03-24 12:42:12,216 autoreload Watching for file changes with StatReloader
INFO 2026-03-24 12:42:16,181 basehttp "GET / HTTP/1.1" 200 408
INFO 2026-03-24 12:42:16,254 basehttp "GET /static/assets/index-d603c55c.js HTTP/1.1" 304 0
INFO 2026-03-24 12:42:16,256 basehttp "GET /static/assets/index-985a8f16.css HTTP/1.1" 304 0
INFO 2026-03-24 12:42:21,697 basehttp "GET /.well-known/appspecific/com.chrome.devtools.json HTTP/1.1" 200 408
INFO 2026-03-24 12:45:18,297 autoreload Watching for file changes with StatReloader
INFO 2026-03-24 12:45:20,527 basehttp "GET / HTTP/1.1" 200 408
INFO 2026-03-24 12:45:20,605 basehttp "GET /static/assets/index-985a8f16.css HTTP/1.1" 200 14344
INFO 2026-03-24 12:45:20,782 basehttp "GET /static/assets/index-11ef84a5.js HTTP/1.1" 200 269737
INFO 2026-03-24 12:47:06,413 autoreload Watching for file changes with StatReloader
INFO 2026-03-24 12:47:14,401 basehttp "GET / HTTP/1.1" 200 408
INFO 2026-03-24 12:47:14,456 basehttp "GET /static/assets/index-11ef84a5.js HTTP/1.1" 304 0
INFO 2026-03-24 12:47:14,459 basehttp "GET /static/assets/index-985a8f16.css HTTP/1.1" 304 0
ERROR 2026-03-24 12:47:26,849 log Internal Server Error: /api/auth/login/
Traceback (most recent call last):
  File "C:\Users\Welcome\AppData\Local\Programs\Python\Python312\Lib\site-packages\django_redis\cache.py", line 29, in _decorator
    return method(self, *args, **kwargs)
           ^^^^^^^^^^^^^^^^^^^^^^^^^^^^^
  File "C:\Users\Welcome\AppData\Local\Programs\Python\Python312\Lib\site-packages\django_redis\cache.py", line 99, in _get
    return self.client.get(key, default=default, version=version, client=client)
           ^^^^^^^^^^^^^^^^^^^^^^^^^^^^^^^^^^^^^^^^^^^^^^^^^^^^^^^^^^^^^^^^^^^^^
  File "C:\Users\Welcome\AppData\Local\Programs\Python\Python312\Lib\site-packages\django_redis\client\default.py", line 260, in get
    raise ConnectionInterrupted(connection=client) from e
django_redis.exceptions.ConnectionInterrupted: Redis ConnectionError: Error 10061 connecting to localhost:6379. No connection could be made because the target machine actively refused it.

During handling of the above exception, another exception occurred:

Traceback (most recent call last):
  File "C:\Users\Welcome\AppData\Local\Programs\Python\Python312\Lib\site-packages\django\core\handlers\exception.py", line 55, in inner
    response = get_response(request)
               ^^^^^^^^^^^^^^^^^^^^^
  File "C:\Users\Welcome\AppData\Local\Programs\Python\Python312\Lib\site-packages\django\core\handlers\base.py", line 197, in _get_response
    response = wrapped_callback(request, *callback_args, **callback_kwargs)
               ^^^^^^^^^^^^^^^^^^^^^^^^^^^^^^^^^^^^^^^^^^^^^^^^^^^^^^^^^^^^
  File "C:\Users\Welcome\AppData\Local\Programs\Python\Python312\Lib\site-packages\django\views\decorators\csrf.py", line 56, in wrapper_view
    return view_func(*args, **kwargs)
           ^^^^^^^^^^^^^^^^^^^^^^^^^^
  File "C:\Users\Welcome\AppData\Local\Programs\Python\Python312\Lib\site-packages\django\views\generic\base.py", line 104, in view
    return self.dispatch(request, *args, **kwargs)
           ^^^^^^^^^^^^^^^^^^^^^^^^^^^^^^^^^^^^^^^
  File "C:\Users\Welcome\AppData\Local\Programs\Python\Python312\Lib\site-packages\rest_framework\views.py", line 509, in dispatch
    response = self.handle_exception(exc)
               ^^^^^^^^^^^^^^^^^^^^^^^^^^
  File "C:\Users\Welcome\AppData\Local\Programs\Python\Python312\Lib\site-packages\rest_framework\views.py", line 469, in handle_exception
    self.raise_uncaught_exception(exc)
  File "C:\Users\Welcome\AppData\Local\Programs\Python\Python312\Lib\site-packages\rest_framework\views.py", line 480, in raise_uncaught_exception
    raise exc
  File "C:\Users\Welcome\AppData\Local\Programs\Python\Python312\Lib\site-packages\rest_framework\views.py", line 497, in dispatch
    self.initial(request, *args, **kwargs)
  File "C:\Users\Welcome\AppData\Local\Programs\Python\Python312\Lib\site-packages\rest_framework\views.py", line 416, in initial
    self.check_throttles(request)
  File "C:\Users\Welcome\AppData\Local\Programs\Python\Python312\Lib\site-packages\rest_framework\views.py", line 359, in check_throttles
    if not throttle.allow_request(request, self):
           ^^^^^^^^^^^^^^^^^^^^^^^^^^^^^^^^^^^^^
  File "C:\Users\Welcome\AppData\Local\Programs\Python\Python312\Lib\site-packages\rest_framework\throttling.py", line 123, in allow_request
    self.history = self.cache.get(self.key, [])
                   ^^^^^^^^^^^^^^^^^^^^^^^^^^^^
  File "C:\Users\Welcome\AppData\Local\Programs\Python\Python312\Lib\site-packages\django_redis\cache.py", line 92, in get
    value = self._get(key, default, version, client)
            ^^^^^^^^^^^^^^^^^^^^^^^^^^^^^^^^^^^^^^^^
  File "C:\Users\Welcome\AppData\Local\Programs\Python\Python312\Lib\site-packages\django_redis\cache.py", line 36, in _decorator
    raise e.__cause__
  File "C:\Users\Welcome\AppData\Local\Programs\Python\Python312\Lib\site-packages\django_redis\client\default.py", line 258, in get
    value = client.get(key)
            ^^^^^^^^^^^^^^^
  File "C:\Users\Welcome\AppData\Local\Programs\Python\Python312\Lib\site-packages\redis\commands\core.py", line 1830, in get
    return self.execute_command("GET", name)
           ^^^^^^^^^^^^^^^^^^^^^^^^^^^^^^^^^
  File "C:\Users\Welcome\AppData\Local\Programs\Python\Python312\Lib\site-packages\redis\client.py", line 542, in execute_command
    conn = self.connection or pool.get_connection(command_name, **options)
                              ^^^^^^^^^^^^^^^^^^^^^^^^^^^^^^^^^^^^^^^^^^^^
  File "C:\Users\Welcome\AppData\Local\Programs\Python\Python312\Lib\site-packages\redis\connection.py", line 1109, in get_connection
    connection.connect()
  File "C:\Users\Welcome\AppData\Local\Programs\Python\Python312\Lib\site-packages\redis\connection.py", line 282, in connect
    raise ConnectionError(self._error_message(e))
redis.exceptions.ConnectionError: Error 10061 connecting to localhost:6379. No connection could be made because the target machine actively refused it.
ERROR 2026-03-24 12:47:26,859 basehttp "POST /api/auth/login/ HTTP/1.1" 500 156448
ERROR 2026-03-24 12:47:36,370 log Internal Server Error: /api/auth/login/
Traceback (most recent call last):
  File "C:\Users\Welcome\AppData\Local\Programs\Python\Python312\Lib\site-packages\django_redis\cache.py", line 29, in _decorator
    return method(self, *args, **kwargs)
           ^^^^^^^^^^^^^^^^^^^^^^^^^^^^^
  File "C:\Users\Welcome\AppData\Local\Programs\Python\Python312\Lib\site-packages\django_redis\cache.py", line 99, in _get
    return self.client.get(key, default=default, version=version, client=client)
           ^^^^^^^^^^^^^^^^^^^^^^^^^^^^^^^^^^^^^^^^^^^^^^^^^^^^^^^^^^^^^^^^^^^^^
  File "C:\Users\Welcome\AppData\Local\Programs\Python\Python312\Lib\site-packages\django_redis\client\default.py", line 260, in get
    raise ConnectionInterrupted(connection=client) from e
django_redis.exceptions.ConnectionInterrupted: Redis ConnectionError: Error 10061 connecting to localhost:6379. No connection could be made because the target machine actively refused it.

During handling of the above exception, another exception occurred:

Traceback (most recent call last):
  File "C:\Users\Welcome\AppData\Local\Programs\Python\Python312\Lib\site-packages\django\core\handlers\exception.py", line 55, in inner
    response = get_response(request)
               ^^^^^^^^^^^^^^^^^^^^^
  File "C:\Users\Welcome\AppData\Local\Programs\Python\Python312\Lib\site-packages\django\core\handlers\base.py", line 197, in _get_response
    response = wrapped_callback(request, *callback_args, **callback_kwargs)
               ^^^^^^^^^^^^^^^^^^^^^^^^^^^^^^^^^^^^^^^^^^^^^^^^^^^^^^^^^^^^
  File "C:\Users\Welcome\AppData\Local\Programs\Python\Python312\Lib\site-packages\django\views\decorators\csrf.py", line 56, in wrapper_view
    return view_func(*args, **kwargs)
           ^^^^^^^^^^^^^^^^^^^^^^^^^^
  File "C:\Users\Welcome\AppData\Local\Programs\Python\Python312\Lib\site-packages\django\views\generic\base.py", line 104, in view
    return self.dispatch(request, *args, **kwargs)
           ^^^^^^^^^^^^^^^^^^^^^^^^^^^^^^^^^^^^^^^
  File "C:\Users\Welcome\AppData\Local\Programs\Python\Python312\Lib\site-packages\rest_framework\views.py", line 509, in dispatch
    response = self.handle_exception(exc)
               ^^^^^^^^^^^^^^^^^^^^^^^^^^
  File "C:\Users\Welcome\AppData\Local\Programs\Python\Python312\Lib\site-packages\rest_framework\views.py", line 469, in handle_exception
    self.raise_uncaught_exception(exc)
  File "C:\Users\Welcome\AppData\Local\Programs\Python\Python312\Lib\site-packages\rest_framework\views.py", line 480, in raise_uncaught_exception
    raise exc
  File "C:\Users\Welcome\AppData\Local\Programs\Python\Python312\Lib\site-packages\rest_framework\views.py", line 497, in dispatch
    self.initial(request, *args, **kwargs)
  File "C:\Users\Welcome\AppData\Local\Programs\Python\Python312\Lib\site-packages\rest_framework\views.py", line 416, in initial
    self.check_throttles(request)
  File "C:\Users\Welcome\AppData\Local\Programs\Python\Python312\Lib\site-packages\rest_framework\views.py", line 359, in check_throttles
    if not throttle.allow_request(request, self):
           ^^^^^^^^^^^^^^^^^^^^^^^^^^^^^^^^^^^^^
  File "C:\Users\Welcome\AppData\Local\Programs\Python\Python312\Lib\site-packages\rest_framework\throttling.py", line 123, in allow_request
    self.history = self.cache.get(self.key, [])
                   ^^^^^^^^^^^^^^^^^^^^^^^^^^^^
  File "C:\Users\Welcome\AppData\Local\Programs\Python\Python312\Lib\site-packages\django_redis\cache.py", line 92, in get
    value = self._get(key, default, version, client)
            ^^^^^^^^^^^^^^^^^^^^^^^^^^^^^^^^^^^^^^^^
  File "C:\Users\Welcome\AppData\Local\Programs\Python\Python312\Lib\site-packages\django_redis\cache.py", line 36, in _decorator
    raise e.__cause__
  File "C:\Users\Welcome\AppData\Local\Programs\Python\Python312\Lib\site-packages\django_redis\client\default.py", line 258, in get
    value = client.get(key)
            ^^^^^^^^^^^^^^^
  File "C:\Users\Welcome\AppData\Local\Programs\Python\Python312\Lib\site-packages\redis\commands\core.py", line 1830, in get
    return self.execute_command("GET", name)
           ^^^^^^^^^^^^^^^^^^^^^^^^^^^^^^^^^
  File "C:\Users\Welcome\AppData\Local\Programs\Python\Python312\Lib\site-packages\redis\client.py", line 542, in execute_command
    conn = self.connection or pool.get_connection(command_name, **options)
                              ^^^^^^^^^^^^^^^^^^^^^^^^^^^^^^^^^^^^^^^^^^^^
  File "C:\Users\Welcome\AppData\Local\Programs\Python\Python312\Lib\site-packages\redis\connection.py", line 1109, in get_connection
    connection.connect()
  File "C:\Users\Welcome\AppData\Local\Programs\Python\Python312\Lib\site-packages\redis\connection.py", line 282, in connect
    raise ConnectionError(self._error_message(e))
redis.exceptions.ConnectionError: Error 10061 connecting to localhost:6379. No connection could be made because the target machine actively refused it.
ERROR 2026-03-24 12:47:36,373 basehttp "POST /api/auth/login/ HTTP/1.1" 500 156448
INFO 2026-03-24 12:52:18,302 basehttp "GET /login HTTP/1.1" 200 408
INFO 2026-03-24 12:52:18,323 basehttp "GET /static/assets/index-985a8f16.css HTTP/1.1" 304 0
INFO 2026-03-24 12:52:18,324 basehttp "GET /static/assets/index-11ef84a5.js HTTP/1.1" 304 0
ERROR 2026-03-24 12:52:32,266 log Internal Server Error: /api/auth/login/
Traceback (most recent call last):
  File "C:\Users\Welcome\AppData\Local\Programs\Python\Python312\Lib\site-packages\django_redis\cache.py", line 29, in _decorator
    return method(self, *args, **kwargs)
           ^^^^^^^^^^^^^^^^^^^^^^^^^^^^^
  File "C:\Users\Welcome\AppData\Local\Programs\Python\Python312\Lib\site-packages\django_redis\cache.py", line 99, in _get
    return self.client.get(key, default=default, version=version, client=client)
           ^^^^^^^^^^^^^^^^^^^^^^^^^^^^^^^^^^^^^^^^^^^^^^^^^^^^^^^^^^^^^^^^^^^^^
  File "C:\Users\Welcome\AppData\Local\Programs\Python\Python312\Lib\site-packages\django_redis\client\default.py", line 260, in get
    raise ConnectionInterrupted(connection=client) from e
django_redis.exceptions.ConnectionInterrupted: Redis ConnectionError: Error 10061 connecting to localhost:6379. No connection could be made because the target machine actively refused it.

During handling of the above exception, another exception occurred:

Traceback (most recent call last):
  File "C:\Users\Welcome\AppData\Local\Programs\Python\Python312\Lib\site-packages\django\core\handlers\exception.py", line 55, in inner
    response = get_response(request)
               ^^^^^^^^^^^^^^^^^^^^^
  File "C:\Users\Welcome\AppData\Local\Programs\Python\Python312\Lib\site-packages\django\core\handlers\base.py", line 197, in _get_response
    response = wrapped_callback(request, *callback_args, **callback_kwargs)
               ^^^^^^^^^^^^^^^^^^^^^^^^^^^^^^^^^^^^^^^^^^^^^^^^^^^^^^^^^^^^
  File "C:\Users\Welcome\AppData\Local\Programs\Python\Python312\Lib\site-packages\django\views\decorators\csrf.py", line 56, in wrapper_view
    return view_func(*args, **kwargs)
           ^^^^^^^^^^^^^^^^^^^^^^^^^^
  File "C:\Users\Welcome\AppData\Local\Programs\Python\Python312\Lib\site-packages\django\views\generic\base.py", line 104, in view
    return self.dispatch(request, *args, **kwargs)
           ^^^^^^^^^^^^^^^^^^^^^^^^^^^^^^^^^^^^^^^
  File "C:\Users\Welcome\AppData\Local\Programs\Python\Python312\Lib\site-packages\rest_framework\views.py", line 509, in dispatch
    response = self.handle_exception(exc)
               ^^^^^^^^^^^^^^^^^^^^^^^^^^
  File "C:\Users\Welcome\AppData\Local\Programs\Python\Python312\Lib\site-packages\rest_framework\views.py", line 469, in handle_exception
    self.raise_uncaught_exception(exc)
  File "C:\Users\Welcome\AppData\Local\Programs\Python\Python312\Lib\site-packages\rest_framework\views.py", line 480, in raise_uncaught_exception
    raise exc
  File "C:\Users\Welcome\AppData\Local\Programs\Python\Python312\Lib\site-packages\rest_framework\views.py", line 497, in dispatch
    self.initial(request, *args, **kwargs)
  File "C:\Users\Welcome\AppData\Local\Programs\Python\Python312\Lib\site-packages\rest_framework\views.py", line 416, in initial
    self.check_throttles(request)
  File "C:\Users\Welcome\AppData\Local\Programs\Python\Python312\Lib\site-packages\rest_framework\views.py", line 359, in check_throttles
    if not throttle.allow_request(request, self):
           ^^^^^^^^^^^^^^^^^^^^^^^^^^^^^^^^^^^^^
  File "C:\Users\Welcome\AppData\Local\Programs\Python\Python312\Lib\site-packages\rest_framework\throttling.py", line 123, in allow_request
    self.history = self.cache.get(self.key, [])
                   ^^^^^^^^^^^^^^^^^^^^^^^^^^^^
  File "C:\Users\Welcome\AppData\Local\Programs\Python\Python312\Lib\site-packages\django_redis\cache.py", line 92, in get
    value = self._get(key, default, version, client)
            ^^^^^^^^^^^^^^^^^^^^^^^^^^^^^^^^^^^^^^^^
  File "C:\Users\Welcome\AppData\Local\Programs\Python\Python312\Lib\site-packages\django_redis\cache.py", line 36, in _decorator
    raise e.__cause__
  File "C:\Users\Welcome\AppData\Local\Programs\Python\Python312\Lib\site-packages\django_redis\client\default.py", line 258, in get
    value = client.get(key)
            ^^^^^^^^^^^^^^^
  File "C:\Users\Welcome\AppData\Local\Programs\Python\Python312\Lib\site-packages\redis\commands\core.py", line 1830, in get
    return self.execute_command("GET", name)
           ^^^^^^^^^^^^^^^^^^^^^^^^^^^^^^^^^
  File "C:\Users\Welcome\AppData\Local\Programs\Python\Python312\Lib\site-packages\redis\client.py", line 542, in execute_command
    conn = self.connection or pool.get_connection(command_name, **options)
                              ^^^^^^^^^^^^^^^^^^^^^^^^^^^^^^^^^^^^^^^^^^^^
  File "C:\Users\Welcome\AppData\Local\Programs\Python\Python312\Lib\site-packages\redis\connection.py", line 1109, in get_connection
    connection.connect()
  File "C:\Users\Welcome\AppData\Local\Programs\Python\Python312\Lib\site-packages\redis\connection.py", line 282, in connect
    raise ConnectionError(self._error_message(e))
redis.exceptions.ConnectionError: Error 10061 connecting to localhost:6379. No connection could be made because the target machine actively refused it.
ERROR 2026-03-24 12:52:32,270 basehttp "POST /api/auth/login/ HTTP/1.1" 500 156448
ERROR 2026-03-24 12:52:59,261 log Internal Server Error: /api/auth/login/
Traceback (most recent call last):
  File "C:\Users\Welcome\AppData\Local\Programs\Python\Python312\Lib\site-packages\django_redis\cache.py", line 29, in _decorator
    return method(self, *args, **kwargs)
           ^^^^^^^^^^^^^^^^^^^^^^^^^^^^^
  File "C:\Users\Welcome\AppData\Local\Programs\Python\Python312\Lib\site-packages\django_redis\cache.py", line 99, in _get
    return self.client.get(key, default=default, version=version, client=client)
           ^^^^^^^^^^^^^^^^^^^^^^^^^^^^^^^^^^^^^^^^^^^^^^^^^^^^^^^^^^^^^^^^^^^^^
  File "C:\Users\Welcome\AppData\Local\Programs\Python\Python312\Lib\site-packages\django_redis\client\default.py", line 260, in get
    raise ConnectionInterrupted(connection=client) from e
django_redis.exceptions.ConnectionInterrupted: Redis ConnectionError: Error 10061 connecting to localhost:6379. No connection could be made because the target machine actively refused it.

During handling of the above exception, another exception occurred:

Traceback (most recent call last):
  File "C:\Users\Welcome\AppData\Local\Programs\Python\Python312\Lib\site-packages\django\core\handlers\exception.py", line 55, in inner
    response = get_response(request)
               ^^^^^^^^^^^^^^^^^^^^^
  File "C:\Users\Welcome\AppData\Local\Programs\Python\Python312\Lib\site-packages\django\core\handlers\base.py", line 197, in _get_response
    response = wrapped_callback(request, *callback_args, **callback_kwargs)
               ^^^^^^^^^^^^^^^^^^^^^^^^^^^^^^^^^^^^^^^^^^^^^^^^^^^^^^^^^^^^
  File "C:\Users\Welcome\AppData\Local\Programs\Python\Python312\Lib\site-packages\django\views\decorators\csrf.py", line 56, in wrapper_view
    return view_func(*args, **kwargs)
           ^^^^^^^^^^^^^^^^^^^^^^^^^^
  File "C:\Users\Welcome\AppData\Local\Programs\Python\Python312\Lib\site-packages\django\views\generic\base.py", line 104, in view
    return self.dispatch(request, *args, **kwargs)
           ^^^^^^^^^^^^^^^^^^^^^^^^^^^^^^^^^^^^^^^
  File "C:\Users\Welcome\AppData\Local\Programs\Python\Python312\Lib\site-packages\rest_framework\views.py", line 509, in dispatch
    response = self.handle_exception(exc)
               ^^^^^^^^^^^^^^^^^^^^^^^^^^
  File "C:\Users\Welcome\AppData\Local\Programs\Python\Python312\Lib\site-packages\rest_framework\views.py", line 469, in handle_exception
    self.raise_uncaught_exception(exc)
  File "C:\Users\Welcome\AppData\Local\Programs\Python\Python312\Lib\site-packages\rest_framework\views.py", line 480, in raise_uncaught_exception
    raise exc
  File "C:\Users\Welcome\AppData\Local\Programs\Python\Python312\Lib\site-packages\rest_framework\views.py", line 497, in dispatch
    self.initial(request, *args, **kwargs)
  File "C:\Users\Welcome\AppData\Local\Programs\Python\Python312\Lib\site-packages\rest_framework\views.py", line 416, in initial
    self.check_throttles(request)
  File "C:\Users\Welcome\AppData\Local\Programs\Python\Python312\Lib\site-packages\rest_framework\views.py", line 359, in check_throttles
    if not throttle.allow_request(request, self):
           ^^^^^^^^^^^^^^^^^^^^^^^^^^^^^^^^^^^^^
  File "C:\Users\Welcome\AppData\Local\Programs\Python\Python312\Lib\site-packages\rest_framework\throttling.py", line 123, in allow_request
    self.history = self.cache.get(self.key, [])
                   ^^^^^^^^^^^^^^^^^^^^^^^^^^^^
  File "C:\Users\Welcome\AppData\Local\Programs\Python\Python312\Lib\site-packages\django_redis\cache.py", line 92, in get
    value = self._get(key, default, version, client)
            ^^^^^^^^^^^^^^^^^^^^^^^^^^^^^^^^^^^^^^^^
  File "C:\Users\Welcome\AppData\Local\Programs\Python\Python312\Lib\site-packages\django_redis\cache.py", line 36, in _decorator
    raise e.__cause__
  File "C:\Users\Welcome\AppData\Local\Programs\Python\Python312\Lib\site-packages\django_redis\client\default.py", line 258, in get
    value = client.get(key)
            ^^^^^^^^^^^^^^^
  File "C:\Users\Welcome\AppData\Local\Programs\Python\Python312\Lib\site-packages\redis\commands\core.py", line 1830, in get
    return self.execute_command("GET", name)
           ^^^^^^^^^^^^^^^^^^^^^^^^^^^^^^^^^
  File "C:\Users\Welcome\AppData\Local\Programs\Python\Python312\Lib\site-packages\redis\client.py", line 542, in execute_command
    conn = self.connection or pool.get_connection(command_name, **options)
                              ^^^^^^^^^^^^^^^^^^^^^^^^^^^^^^^^^^^^^^^^^^^^
  File "C:\Users\Welcome\AppData\Local\Programs\Python\Python312\Lib\site-packages\redis\connection.py", line 1109, in get_connection
    connection.connect()
  File "C:\Users\Welcome\AppData\Local\Programs\Python\Python312\Lib\site-packages\redis\connection.py", line 282, in connect
    raise ConnectionError(self._error_message(e))
redis.exceptions.ConnectionError: Error 10061 connecting to localhost:6379. No connection could be made because the target machine actively refused it.
ERROR 2026-03-24 12:52:59,263 basehttp "POST /api/auth/login/ HTTP/1.1" 500 156448
INFO 2026-03-24 12:53:26,536 autoreload Watching for file changes with StatReloader
INFO 2026-03-24 12:53:29,984 basehttp "GET / HTTP/1.1" 200 408
INFO 2026-03-24 12:53:30,042 basehttp "GET /static/assets/index-11ef84a5.js HTTP/1.1" 304 0
INFO 2026-03-24 12:53:30,045 basehttp "GET /static/assets/index-985a8f16.css HTTP/1.1" 304 0
ERROR 2026-03-24 12:53:48,429 log Internal Server Error: /api/auth/login/
Traceback (most recent call last):
  File "C:\Users\Welcome\AppData\Local\Programs\Python\Python312\Lib\site-packages\django_redis\cache.py", line 29, in _decorator
    return method(self, *args, **kwargs)
           ^^^^^^^^^^^^^^^^^^^^^^^^^^^^^
  File "C:\Users\Welcome\AppData\Local\Programs\Python\Python312\Lib\site-packages\django_redis\cache.py", line 99, in _get
    return self.client.get(key, default=default, version=version, client=client)
           ^^^^^^^^^^^^^^^^^^^^^^^^^^^^^^^^^^^^^^^^^^^^^^^^^^^^^^^^^^^^^^^^^^^^^
  File "C:\Users\Welcome\AppData\Local\Programs\Python\Python312\Lib\site-packages\django_redis\client\default.py", line 260, in get
    raise ConnectionInterrupted(connection=client) from e
django_redis.exceptions.ConnectionInterrupted: Redis ConnectionError: Error 10061 connecting to localhost:6379. No connection could be made because the target machine actively refused it.

During handling of the above exception, another exception occurred:

Traceback (most recent call last):
  File "C:\Users\Welcome\AppData\Local\Programs\Python\Python312\Lib\site-packages\django\core\handlers\exception.py", line 55, in inner
    response = get_response(request)
               ^^^^^^^^^^^^^^^^^^^^^
  File "C:\Users\Welcome\AppData\Local\Programs\Python\Python312\Lib\site-packages\django\core\handlers\base.py", line 197, in _get_response
    response = wrapped_callback(request, *callback_args, **callback_kwargs)
               ^^^^^^^^^^^^^^^^^^^^^^^^^^^^^^^^^^^^^^^^^^^^^^^^^^^^^^^^^^^^
  File "C:\Users\Welcome\AppData\Local\Programs\Python\Python312\Lib\site-packages\django\views\decorators\csrf.py", line 56, in wrapper_view
    return view_func(*args, **kwargs)
           ^^^^^^^^^^^^^^^^^^^^^^^^^^
  File "C:\Users\Welcome\AppData\Local\Programs\Python\Python312\Lib\site-packages\django\views\generic\base.py", line 104, in view
    return self.dispatch(request, *args, **kwargs)
           ^^^^^^^^^^^^^^^^^^^^^^^^^^^^^^^^^^^^^^^
  File "C:\Users\Welcome\AppData\Local\Programs\Python\Python312\Lib\site-packages\rest_framework\views.py", line 509, in dispatch
    response = self.handle_exception(exc)
               ^^^^^^^^^^^^^^^^^^^^^^^^^^
  File "C:\Users\Welcome\AppData\Local\Programs\Python\Python312\Lib\site-packages\rest_framework\views.py", line 469, in handle_exception
    self.raise_uncaught_exception(exc)
  File "C:\Users\Welcome\AppData\Local\Programs\Python\Python312\Lib\site-packages\rest_framework\views.py", line 480, in raise_uncaught_exception
    raise exc
  File "C:\Users\Welcome\AppData\Local\Programs\Python\Python312\Lib\site-packages\rest_framework\views.py", line 497, in dispatch
    self.initial(request, *args, **kwargs)
  File "C:\Users\Welcome\AppData\Local\Programs\Python\Python312\Lib\site-packages\rest_framework\views.py", line 416, in initial
    self.check_throttles(request)
  File "C:\Users\Welcome\AppData\Local\Programs\Python\Python312\Lib\site-packages\rest_framework\views.py", line 359, in check_throttles
    if not throttle.allow_request(request, self):
           ^^^^^^^^^^^^^^^^^^^^^^^^^^^^^^^^^^^^^
  File "C:\Users\Welcome\AppData\Local\Programs\Python\Python312\Lib\site-packages\rest_framework\throttling.py", line 123, in allow_request
    self.history = self.cache.get(self.key, [])
                   ^^^^^^^^^^^^^^^^^^^^^^^^^^^^
  File "C:\Users\Welcome\AppData\Local\Programs\Python\Python312\Lib\site-packages\django_redis\cache.py", line 92, in get
    value = self._get(key, default, version, client)
            ^^^^^^^^^^^^^^^^^^^^^^^^^^^^^^^^^^^^^^^^
  File "C:\Users\Welcome\AppData\Local\Programs\Python\Python312\Lib\site-packages\django_redis\cache.py", line 36, in _decorator
    raise e.__cause__
  File "C:\Users\Welcome\AppData\Local\Programs\Python\Python312\Lib\site-packages\django_redis\client\default.py", line 258, in get
    value = client.get(key)
            ^^^^^^^^^^^^^^^
  File "C:\Users\Welcome\AppData\Local\Programs\Python\Python312\Lib\site-packages\redis\commands\core.py", line 1830, in get
    return self.execute_command("GET", name)
           ^^^^^^^^^^^^^^^^^^^^^^^^^^^^^^^^^
  File "C:\Users\Welcome\AppData\Local\Programs\Python\Python312\Lib\site-packages\redis\client.py", line 542, in execute_command
    conn = self.connection or pool.get_connection(command_name, **options)
                              ^^^^^^^^^^^^^^^^^^^^^^^^^^^^^^^^^^^^^^^^^^^^
  File "C:\Users\Welcome\AppData\Local\Programs\Python\Python312\Lib\site-packages\redis\connection.py", line 1109, in get_connection
    connection.connect()
  File "C:\Users\Welcome\AppData\Local\Programs\Python\Python312\Lib\site-packages\redis\connection.py", line 282, in connect
    raise ConnectionError(self._error_message(e))
redis.exceptions.ConnectionError: Error 10061 connecting to localhost:6379. No connection could be made because the target machine actively refused it.
ERROR 2026-03-24 12:53:48,436 basehttp "POST /api/auth/login/ HTTP/1.1" 500 156448
ERROR 2026-03-24 12:54:31,408 log Internal Server Error: /api/auth/login/
Traceback (most recent call last):
  File "C:\Users\Welcome\Desktop\CRM\March 24\files\.venv\lib\site-packages\django_redis\cache.py", line 29, in _decorator
    return method(self, *args, **kwargs)
  File "C:\Users\Welcome\Desktop\CRM\March 24\files\.venv\lib\site-packages\django_redis\cache.py", line 99, in _get
    return self.client.get(key, default=default, version=version, client=client)
  File "C:\Users\Welcome\Desktop\CRM\March 24\files\.venv\lib\site-packages\django_redis\client\default.py", line 260, in get
    raise ConnectionInterrupted(connection=client) from e
django_redis.exceptions.ConnectionInterrupted: Redis ConnectionError: Error 10061 connecting to localhost:6379. No connection could be made because the target machine actively refused it.

During handling of the above exception, another exception occurred:

Traceback (most recent call last):
  File "C:\Users\Welcome\Desktop\CRM\March 24\files\.venv\lib\site-packages\django\core\handlers\exception.py", line 55, in inner
    response = get_response(request)
  File "C:\Users\Welcome\Desktop\CRM\March 24\files\.venv\lib\site-packages\django\core\handlers\base.py", line 197, in _get_response
    response = wrapped_callback(request, *callback_args, **callback_kwargs)
  File "C:\Users\Welcome\Desktop\CRM\March 24\files\.venv\lib\site-packages\django\views\decorators\csrf.py", line 56, in wrapper_view
    return view_func(*args, **kwargs)
  File "C:\Users\Welcome\Desktop\CRM\March 24\files\.venv\lib\site-packages\django\views\generic\base.py", line 104, in view
    return self.dispatch(request, *args, **kwargs)
  File "C:\Users\Welcome\Desktop\CRM\March 24\files\.venv\lib\site-packages\rest_framework\views.py", line 509, in dispatch
    response = self.handle_exception(exc)
  File "C:\Users\Welcome\Desktop\CRM\March 24\files\.venv\lib\site-packages\rest_framework\views.py", line 469, in handle_exception
    self.raise_uncaught_exception(exc)
  File "C:\Users\Welcome\Desktop\CRM\March 24\files\.venv\lib\site-packages\rest_framework\views.py", line 480, in raise_uncaught_exception
    raise exc
  File "C:\Users\Welcome\Desktop\CRM\March 24\files\.venv\lib\site-packages\rest_framework\views.py", line 497, in dispatch
    self.initial(request, *args, **kwargs)
  File "C:\Users\Welcome\Desktop\CRM\March 24\files\.venv\lib\site-packages\rest_framework\views.py", line 416, in initial
    self.check_throttles(request)
  File "C:\Users\Welcome\Desktop\CRM\March 24\files\.venv\lib\site-packages\rest_framework\views.py", line 359, in check_throttles
    if not throttle.allow_request(request, self):
  File "C:\Users\Welcome\Desktop\CRM\March 24\files\.venv\lib\site-packages\rest_framework\throttling.py", line 123, in allow_request
    self.history = self.cache.get(self.key, [])
  File "C:\Users\Welcome\Desktop\CRM\March 24\files\.venv\lib\site-packages\django_redis\cache.py", line 92, in get
    value = self._get(key, default, version, client)
  File "C:\Users\Welcome\Desktop\CRM\March 24\files\.venv\lib\site-packages\django_redis\cache.py", line 36, in _decorator
    raise e.__cause__
  File "C:\Users\Welcome\Desktop\CRM\March 24\files\.venv\lib\site-packages\django_redis\client\default.py", line 258, in get
    value = client.get(key)
  File "C:\Users\Welcome\Desktop\CRM\March 24\files\.venv\lib\site-packages\redis\commands\core.py", line 1829, in get
    return self.execute_command("GET", name)
  File "C:\Users\Welcome\Desktop\CRM\March 24\files\.venv\lib\site-packages\redis\client.py", line 533, in execute_command
    conn = self.connection or pool.get_connection(command_name, **options)
  File "C:\Users\Welcome\Desktop\CRM\March 24\files\.venv\lib\site-packages\redis\connection.py", line 1086, in get_connection
    connection.connect()
  File "C:\Users\Welcome\Desktop\CRM\March 24\files\.venv\lib\site-packages\redis\connection.py", line 270, in connect
    raise ConnectionError(self._error_message(e))
redis.exceptions.ConnectionError: Error 10061 connecting to localhost:6379. No connection could be made because the target machine actively refused it.
INFO 2026-03-24 12:54:45,395 autoreload C:\Users\Welcome\Desktop\CRM\March 24\files\settings.py changed, reloading.
INFO 2026-03-24 12:54:45,513 autoreload C:\Users\Welcome\Desktop\CRM\March 24\files\settings.py changed, reloading.
INFO 2026-03-24 12:54:45,738 autoreload C:\Users\Welcome\Desktop\CRM\March 24\files\settings.py changed, reloading.
INFO 2026-03-24 12:54:46,038 autoreload C:\Users\Welcome\Desktop\CRM\March 24\files\settings.py changed, reloading.
INFO 2026-03-24 12:54:48,814 autoreload Watching for file changes with StatReloader
INFO 2026-03-24 12:54:48,840 autoreload Watching for file changes with StatReloader
INFO 2026-03-24 12:54:49,088 autoreload Watching for file changes with StatReloader
INFO 2026-03-24 12:54:52,342 autoreload Watching for file changes with StatReloader
INFO 2026-03-24 13:00:13,981 autoreload Watching for file changes with StatReloader
INFO 2026-03-24 13:00:17,339 basehttp "GET / HTTP/1.1" 200 408
INFO 2026-03-24 13:00:17,588 basehttp "GET /static/assets/index-985a8f16.css HTTP/1.1" 200 14344
INFO 2026-03-24 13:00:17,786 basehttp "GET /static/assets/index-9dbb1840.js HTTP/1.1" 200 269803
INFO 2026-03-24 13:00:24,240 basehttp "POST /api/auth/login/ HTTP/1.1" 200 852
INFO 2026-03-24 13:00:24,419 basehttp "GET /api/dashboard/summary/ HTTP/1.1" 200 204
INFO 2026-03-24 13:00:35,157 basehttp "GET /api/dashboard/summary/ HTTP/1.1" 200 204
INFO 2026-03-24 13:00:38,847 basehttp "GET /api/leads/ HTTP/1.1" 200 52
INFO 2026-03-24 13:00:46,911 basehttp "GET /api/dashboard/summary/ HTTP/1.1" 200 204
INFO 2026-03-24 13:23:49,482 basehttp "GET /dashboard HTTP/1.1" 200 408
INFO 2026-03-24 13:23:49,519 basehttp "GET /static/assets/index-acae72ce.css HTTP/1.1" 200 22658
INFO 2026-03-24 13:23:49,618 basehttp "GET /static/assets/index-53261e6e.js HTTP/1.1" 200 274645
INFO 2026-03-24 13:23:50,379 basehttp "GET /api/dashboard/summary/ HTTP/1.1" 200 204
INFO 2026-03-24 13:25:55,206 basehttp "GET /api/leads/ HTTP/1.1" 200 52
INFO 2026-03-24 13:26:00,276 basehttp "GET /api/leads/ HTTP/1.1" 200 52
INFO 2026-03-24 13:26:02,438 basehttp "GET /api/dashboard/summary/ HTTP/1.1" 200 204
INFO 2026-03-24 13:27:32,096 basehttp "GET /dashboard HTTP/1.1" 200 408
INFO 2026-03-24 13:27:32,132 basehttp "GET /static/assets/index-933ed22a.css HTTP/1.1" 200 24024
INFO 2026-03-24 13:27:32,232 basehttp "GET /static/assets/index-b0392c9c.js HTTP/1.1" 200 282851
INFO 2026-03-24 13:27:32,360 basehttp "GET /api/dashboard/summary/ HTTP/1.1" 200 204
INFO 2026-03-24 13:27:44,342 basehttp "GET /api/leads/ HTTP/1.1" 200 52
INFO 2026-03-24 13:27:51,436 basehttp "GET /api/leads/ HTTP/1.1" 200 52
INFO 2026-03-24 13:28:02,702 basehttp "GET /api/dashboard/summary/ HTTP/1.1" 200 204
INFO 2026-03-24 13:29:07,924 autoreload C:\Users\Welcome\Desktop\CRM\March 24\files\serializers.py changed, reloading.
INFO 2026-03-24 13:29:08,147 autoreload C:\Users\Welcome\Desktop\CRM\March 24\files\serializers.py changed, reloading.
INFO 2026-03-24 13:29:08,230 autoreload C:\Users\Welcome\Desktop\CRM\March 24\files\serializers.py changed, reloading.
INFO 2026-03-24 13:29:08,329 autoreload C:\Users\Welcome\Desktop\CRM\March 24\files\serializers.py changed, reloading.
INFO 2026-03-24 13:29:08,575 autoreload C:\Users\Welcome\Desktop\CRM\March 24\files\serializers.py changed, reloading.
INFO 2026-03-24 13:29:11,606 autoreload Watching for file changes with StatReloader
INFO 2026-03-24 13:29:13,489 autoreload Watching for file changes with StatReloader
INFO 2026-03-24 13:29:15,269 autoreload Watching for file changes with StatReloader
INFO 2026-03-24 13:29:15,269 autoreload Watching for file changes with StatReloader
INFO 2026-03-24 13:29:15,269 autoreload Watching for file changes with StatReloader
INFO 2026-03-24 13:29:17,982 basehttp "GET /dashboard HTTP/1.1" 200 408
INFO 2026-03-24 13:29:18,004 basehttp "GET /static/assets/index-b0392c9c.js HTTP/1.1" 304 0
INFO 2026-03-24 13:29:18,007 basehttp "GET /static/assets/index-933ed22a.css HTTP/1.1" 304 0
INFO 2026-03-24 13:29:18,090 basehttp "GET /api/dashboard/summary/ HTTP/1.1" 200 204
INFO 2026-03-24 13:29:26,674 autoreload C:\Users\Welcome\Desktop\CRM\March 24\files\views.py changed, reloading.
INFO 2026-03-24 13:29:26,947 autoreload C:\Users\Welcome\Desktop\CRM\March 24\files\views.py changed, reloading.
INFO 2026-03-24 13:29:27,615 autoreload C:\Users\Welcome\Desktop\CRM\March 24\files\views.py changed, reloading.
INFO 2026-03-24 13:29:27,686 autoreload C:\Users\Welcome\Desktop\CRM\March 24\files\views.py changed, reloading.
INFO 2026-03-24 13:29:27,739 autoreload C:\Users\Welcome\Desktop\CRM\March 24\files\views.py changed, reloading.
INFO 2026-03-24 13:29:30,226 autoreload Watching for file changes with StatReloader
INFO 2026-03-24 13:29:30,468 autoreload Watching for file changes with StatReloader
INFO 2026-03-24 13:29:31,015 autoreload Watching for file changes with StatReloader
INFO 2026-03-24 13:29:31,068 autoreload Watching for file changes with StatReloader
INFO 2026-03-24 13:29:31,116 autoreload Watching for file changes with StatReloader
INFO 2026-03-24 13:29:33,741 basehttp "GET / HTTP/1.1" 200 408
INFO 2026-03-24 13:29:34,937 basehttp "GET /api/dashboard/summary/ HTTP/1.1" 200 204
INFO 2026-03-24 13:29:46,841 basehttp "GET /api/dashboard/summary/ HTTP/1.1" 200 204
INFO 2026-03-24 13:29:46,849 basehttp "POST /api/auth/logout/ HTTP/1.1" 200 37
INFO 2026-03-24 13:29:56,336 basehttp "POST /api/auth/login/ HTTP/1.1" 200 852
INFO 2026-03-24 13:29:56,372 basehttp "GET /api/dashboard/summary/ HTTP/1.1" 200 204
INFO 2026-03-24 13:29:58,162 autoreload C:\Users\Welcome\Desktop\CRM\March 24\files\urls.py changed, reloading.
INFO 2026-03-24 13:29:58,176 autoreload C:\Users\Welcome\Desktop\CRM\March 24\files\urls.py changed, reloading.
INFO 2026-03-24 13:29:58,381 autoreload C:\Users\Welcome\Desktop\CRM\March 24\files\urls.py changed, reloading.
INFO 2026-03-24 13:29:58,393 autoreload C:\Users\Welcome\Desktop\CRM\March 24\files\urls.py changed, reloading.
INFO 2026-03-24 13:29:58,463 autoreload C:\Users\Welcome\Desktop\CRM\March 24\files\urls.py changed, reloading.
INFO 2026-03-24 13:30:01,288 autoreload Watching for file changes with StatReloader
INFO 2026-03-24 13:30:01,472 autoreload Watching for file changes with StatReloader
INFO 2026-03-24 13:30:01,475 autoreload Watching for file changes with StatReloader
INFO 2026-03-24 13:30:01,530 autoreload Watching for file changes with StatReloader
INFO 2026-03-24 13:30:14,277 basehttp "GET /api/dashboard/summary/ HTTP/1.1" 200 204
INFO 2026-03-24 13:37:42,484 autoreload C:\Users\Welcome\Desktop\CRM\March 24\files\serializers.py changed, reloading.
INFO 2026-03-24 13:37:42,528 autoreload C:\Users\Welcome\Desktop\CRM\March 24\files\serializers.py changed, reloading.
INFO 2026-03-24 13:37:42,550 autoreload C:\Users\Welcome\Desktop\CRM\March 24\files\serializers.py changed, reloading.
INFO 2026-03-24 13:37:42,555 autoreload C:\Users\Welcome\Desktop\CRM\March 24\files\serializers.py changed, reloading.
INFO 2026-03-24 13:37:42,680 autoreload C:\Users\Welcome\Desktop\CRM\March 24\files\serializers.py changed, reloading.
INFO 2026-03-24 13:37:45,552 autoreload Watching for file changes with StatReloader
INFO 2026-03-24 13:37:45,553 autoreload Watching for file changes with StatReloader
INFO 2026-03-24 13:37:45,756 autoreload Watching for file changes with StatReloader
INFO 2026-03-24 13:37:45,756 autoreload Watching for file changes with StatReloader
INFO 2026-03-24 13:37:45,756 autoreload Watching for file changes with StatReloader
INFO 2026-03-24 13:52:10,078 autoreload Watching for file changes with StatReloader
INFO 2026-03-24 13:52:14,200 basehttp "GET / HTTP/1.1" 200 408
INFO 2026-03-24 13:52:14,391 basehttp "GET /static/assets/index-492fc345.css HTTP/1.1" 200 24430
INFO 2026-03-24 13:52:14,575 basehttp "GET /static/assets/index-5d9cc11a.js HTTP/1.1" 200 306237
INFO 2026-03-24 13:52:15,430 basehttp "GET /api/dashboard/summary/ HTTP/1.1" 200 204
INFO 2026-03-24 13:52:18,868 basehttp "GET /dashboard HTTP/1.1" 200 408
INFO 2026-03-24 13:52:18,932 basehttp "GET /api/dashboard/summary/ HTTP/1.1" 200 204
INFO 2026-03-24 13:52:28,173 basehttp "GET / HTTP/1.1" 200 408
INFO 2026-03-24 13:52:28,225 basehttp "GET /static/assets/index-5d9cc11a.js HTTP/1.1" 304 0
INFO 2026-03-24 13:52:28,232 basehttp "GET /static/assets/index-492fc345.css HTTP/1.1" 304 0
INFO 2026-03-24 13:52:28,665 basehttp "GET /api/dashboard/summary/ HTTP/1.1" 200 204
INFO 2026-03-24 13:52:33,934 basehttp "GET /dashboard HTTP/1.1" 200 408
INFO 2026-03-24 13:52:34,030 basehttp "GET /api/dashboard/summary/ HTTP/1.1" 200 204
INFO 2026-03-24 13:52:39,834 basehttp "GET / HTTP/1.1" 200 408
INFO 2026-03-24 13:52:39,891 basehttp "GET /static/assets/index-5d9cc11a.js HTTP/1.1" 304 0
INFO 2026-03-24 13:52:39,898 basehttp "GET /static/assets/index-492fc345.css HTTP/1.1" 304 0
INFO 2026-03-24 13:52:40,684 basehttp "GET /api/dashboard/summary/ HTTP/1.1" 200 204
INFO 2026-03-24 13:52:45,165 basehttp "GET /dashboard HTTP/1.1" 200 408
INFO 2026-03-24 13:52:45,222 basehttp "GET /api/dashboard/summary/ HTTP/1.1" 200 204
INFO 2026-03-24 13:52:46,325 basehttp "GET /dashboard HTTP/1.1" 200 408
INFO 2026-03-24 13:52:46,376 basehttp "GET /api/dashboard/summary/ HTTP/1.1" 200 204
INFO 2026-03-24 13:52:46,501 basehttp "GET /dashboard HTTP/1.1" 200 408
INFO 2026-03-24 13:52:46,662 basehttp "GET /api/dashboard/summary/ HTTP/1.1" 200 204
INFO 2026-03-24 13:52:46,832 basehttp "GET /dashboard HTTP/1.1" 200 408
INFO 2026-03-24 13:52:46,910 basehttp "GET /api/dashboard/summary/ HTTP/1.1" 200 204
INFO 2026-03-24 13:52:47,004 basehttp "GET /dashboard HTTP/1.1" 200 408
INFO 2026-03-24 13:52:47,149 basehttp "GET /api/dashboard/summary/ HTTP/1.1" 200 204
INFO 2026-03-24 13:52:47,233 basehttp "GET /dashboard HTTP/1.1" 200 408
INFO 2026-03-24 13:52:47,368 basehttp "GET /api/dashboard/summary/ HTTP/1.1" 200 204
INFO 2026-03-24 13:58:01,278 basehttp "GET /dashboard HTTP/1.1" 200 408
INFO 2026-03-24 13:58:01,314 basehttp "GET /static/assets/index-bd891f47.css HTTP/1.1" 200 24908
INFO 2026-03-24 13:58:01,424 basehttp "GET /static/assets/index-d5661216.js HTTP/1.1" 200 309807
INFO 2026-03-24 13:58:02,252 basehttp "GET /api/dashboard/summary/ HTTP/1.1" 200 204
INFO 2026-03-24 13:58:22,745 autoreload Watching for file changes with StatReloader
INFO 2026-03-24 13:58:26,329 basehttp "GET / HTTP/1.1" 200 408
INFO 2026-03-24 13:58:26,405 basehttp "GET /static/assets/index-d5661216.js HTTP/1.1" 304 0
INFO 2026-03-24 13:58:26,411 basehttp "GET /static/assets/index-bd891f47.css HTTP/1.1" 304 0
INFO 2026-03-24 13:58:27,042 basehttp "GET /api/dashboard/summary/ HTTP/1.1" 200 204
INFO 2026-03-24 13:58:30,810 basehttp "GET /dashboard HTTP/1.1" 200 408
INFO 2026-03-24 13:58:30,866 basehttp "GET /api/dashboard/summary/ HTTP/1.1" 200 204
INFO 2026-03-24 13:59:04,560 basehttp "GET /api/dashboard/summary/ HTTP/1.1" 200 204
INFO 2026-03-24 13:59:04,597 basehttp "POST /api/auth/logout/ HTTP/1.1" 200 37
INFO 2026-03-24 13:59:07,529 basehttp "GET /login HTTP/1.1" 200 408
INFO 2026-03-24 13:59:07,597 basehttp "GET /static/assets/index-d5661216.js HTTP/1.1" 304 0
INFO 2026-03-24 13:59:07,597 basehttp "GET /static/assets/index-bd891f47.css HTTP/1.1" 304 0
INFO 2026-03-24 13:59:18,399 basehttp "POST /api/auth/login/ HTTP/1.1" 200 852
INFO 2026-03-24 13:59:18,451 basehttp "GET /api/dashboard/summary/ HTTP/1.1" 200 204
INFO 2026-03-24 13:59:28,892 basehttp "GET /admin/courses HTTP/1.1" 302 0
INFO 2026-03-24 13:59:29,100 basehttp "GET /admin/login/?next=/admin/courses HTTP/1.1" 200 4199
INFO 2026-03-24 13:59:29,130 basehttp "GET /static/admin/css/dark_mode.css HTTP/1.1" 200 2929
INFO 2026-03-24 13:59:29,141 basehttp "GET /static/admin/css/base.css HTTP/1.1" 200 21310
INFO 2026-03-24 13:59:29,148 basehttp "GET /static/admin/css/login.css HTTP/1.1" 200 958
INFO 2026-03-24 13:59:29,150 basehttp "GET /static/admin/css/responsive.css HTTP/1.1" 200 18559
INFO 2026-03-24 13:59:29,150 basehttp "GET /static/admin/css/nav_sidebar.css HTTP/1.1" 200 2694
INFO 2026-03-24 13:59:29,172 basehttp "GET /static/admin/js/theme.js HTTP/1.1" 200 1943
INFO 2026-03-24 13:59:29,175 basehttp "GET /static/admin/js/nav_sidebar.js HTTP/1.1" 200 3063
INFO 2026-03-24 13:59:40,854 basehttp "POST /admin/login/?next=/admin/courses HTTP/1.1" 302 0
WARNING 2026-03-24 13:59:41,049 log Not Found: /admin/courses
WARNING 2026-03-24 13:59:41,051 basehttp "GET /admin/courses HTTP/1.1" 404 5884
INFO 2026-03-24 13:59:43,624 basehttp "GET /admin/login/?next=/admin/courses HTTP/1.1" 302 0
INFO 2026-03-24 13:59:43,734 basehttp "GET /admin/ HTTP/1.1" 200 10319
INFO 2026-03-24 13:59:43,789 basehttp "GET /static/admin/css/dashboard.css HTTP/1.1" 200 441
INFO 2026-03-24 13:59:43,805 basehttp "GET /static/admin/img/icon-changelink.svg HTTP/1.1" 200 380
INFO 2026-03-24 13:59:43,815 basehttp "GET /static/admin/img/icon-addlink.svg HTTP/1.1" 200 331
WARNING 2026-03-24 13:59:46,340 log Not Found: /admin/users
WARNING 2026-03-24 13:59:46,342 basehttp "GET /admin/users HTTP/1.1" 404 5878
INFO 2026-03-24 13:59:50,180 basehttp "GET /dashboard HTTP/1.1" 200 408
INFO 2026-03-24 13:59:50,203 basehttp "GET /static/assets/index-d5661216.js HTTP/1.1" 304 0
INFO 2026-03-24 13:59:50,206 basehttp "GET /static/assets/index-bd891f47.css HTTP/1.1" 304 0
INFO 2026-03-24 13:59:50,245 basehttp "GET /api/dashboard/summary/ HTTP/1.1" 200 204
INFO 2026-03-24 13:59:53,505 basehttp "POST /api/auth/logout/ HTTP/1.1" 200 37
INFO 2026-03-24 13:59:53,523 basehttp "GET /api/dashboard/summary/ HTTP/1.1" 200 204
INFO 2026-03-24 14:00:06,152 basehttp "POST /api/auth/login/ HTTP/1.1" 200 852
INFO 2026-03-24 14:00:06,187 basehttp "GET /api/dashboard/summary/ HTTP/1.1" 200 204
WARNING 2026-03-24 14:00:12,672 log Not Found: /admin/courses
WARNING 2026-03-24 14:00:12,674 basehttp "GET /admin/courses HTTP/1.1" 404 5884
INFO 2026-03-24 14:00:16,439 basehttp "GET /dashboard HTTP/1.1" 200 408
INFO 2026-03-24 14:00:16,459 basehttp "GET /static/assets/index-d5661216.js HTTP/1.1" 304 0
INFO 2026-03-24 14:00:16,459 basehttp "GET /static/assets/index-bd891f47.css HTTP/1.1" 304 0
INFO 2026-03-24 14:00:16,509 basehttp "GET /api/dashboard/summary/ HTTP/1.1" 200 204
ERROR 2026-03-24 14:02:19,374 log Internal Server Error: /api/walkins/2/convert-to-enrollment/
Traceback (most recent call last):
  File "C:\Users\Welcome\Desktop\CRM\March 24\files\.venv\lib\site-packages\django\core\handlers\exception.py", line 55, in inner
    response = get_response(request)
  File "C:\Users\Welcome\Desktop\CRM\March 24\files\.venv\lib\site-packages\django\core\handlers\base.py", line 197, in _get_response
    response = wrapped_callback(request, *callback_args, **callback_kwargs)
  File "C:\Users\Welcome\Desktop\CRM\March 24\files\.venv\lib\site-packages\django\views\decorators\csrf.py", line 56, in wrapper_view
    return view_func(*args, **kwargs)
  File "C:\Users\Welcome\Desktop\CRM\March 24\files\.venv\lib\site-packages\rest_framework\viewsets.py", line 125, in view
    return self.dispatch(request, *args, **kwargs)
  File "C:\Users\Welcome\Desktop\CRM\March 24\files\.venv\lib\site-packages\rest_framework\views.py", line 509, in dispatch
    response = self.handle_exception(exc)
  File "C:\Users\Welcome\Desktop\CRM\March 24\files\.venv\lib\site-packages\rest_framework\views.py", line 469, in handle_exception
    self.raise_uncaught_exception(exc)
  File "C:\Users\Welcome\Desktop\CRM\March 24\files\.venv\lib\site-packages\rest_framework\views.py", line 480, in raise_uncaught_exception
    raise exc
  File "C:\Users\Welcome\Desktop\CRM\March 24\files\.venv\lib\site-packages\rest_framework\views.py", line 506, in dispatch
    response = handler(request, *args, **kwargs)
  File "C:\Users\Welcome\Desktop\CRM\March 24\files\views.py", line 331, in convert_to_enrollment
    return Response(EnrollmentDetailSerializer(enrollment).data, status=201)
  File "C:\Users\Welcome\Desktop\CRM\March 24\files\.venv\lib\site-packages\rest_framework\serializers.py", line 555, in data
    ret = super().data
  File "C:\Users\Welcome\Desktop\CRM\March 24\files\.venv\lib\site-packages\rest_framework\serializers.py", line 253, in data
    self._data = self.to_representation(self.instance)
  File "C:\Users\Welcome\Desktop\CRM\March 24\files\.venv\lib\site-packages\rest_framework\serializers.py", line 522, in to_representation
    ret[field.field_name] = field.to_representation(attribute)
  File "C:\Users\Welcome\Desktop\CRM\March 24\files\.venv\lib\site-packages\rest_framework\fields.py", line 1252, in to_representation
    assert not isinstance(value, datetime.datetime), (
AssertionError: Expected a `date`, but got a `datetime`. Refusing to coerce, as this may mean losing timezone information. Use a custom read-only field and deal with timezone issues explicitly.
INFO 2026-03-24 14:02:45,903 autoreload C:\Users\Welcome\Desktop\CRM\March 24\files\views.py changed, reloading.
INFO 2026-03-24 14:02:46,170 autoreload C:\Users\Welcome\Desktop\CRM\March 24\files\views.py changed, reloading.
INFO 2026-03-24 14:02:46,814 autoreload C:\Users\Welcome\Desktop\CRM\March 24\files\views.py changed, reloading.
INFO 2026-03-24 14:02:46,889 autoreload C:\Users\Welcome\Desktop\CRM\March 24\files\views.py changed, reloading.
INFO 2026-03-24 14:02:48,841 autoreload Watching for file changes with StatReloader
INFO 2026-03-24 14:02:49,220 autoreload Watching for file changes with StatReloader
INFO 2026-03-24 14:02:49,823 autoreload Watching for file changes with StatReloader
INFO 2026-03-24 14:02:49,964 autoreload Watching for file changes with StatReloader
INFO 2026-03-24 14:03:32,246 autoreload Watching for file changes with StatReloader
INFO 2026-03-24 14:03:34,489 basehttp "GET / HTTP/1.1" 200 408
INFO 2026-03-24 14:03:34,733 basehttp "GET /static/assets/index-d5661216.js HTTP/1.1" 200 309807
INFO 2026-03-24 14:03:34,734 basehttp "GET /static/assets/index-bd891f47.css HTTP/1.1" 200 24908
INFO 2026-03-24 14:03:35,449 basehttp "GET /api/dashboard/summary/ HTTP/1.1" 200 210
INFO 2026-03-24 14:03:37,955 basehttp "POST /api/auth/logout/ HTTP/1.1" 200 37
INFO 2026-03-24 14:03:37,977 basehttp "GET /api/dashboard/summary/ HTTP/1.1" 200 210
INFO 2026-03-24 14:03:47,459 basehttp "POST /api/auth/login/ HTTP/1.1" 200 852
INFO 2026-03-24 14:03:47,489 basehttp "GET /api/dashboard/summary/ HTTP/1.1" 200 210
INFO 2026-03-24 14:03:57,724 basehttp "GET /api/dashboard/summary/ HTTP/1.1" 200 210
WARNING 2026-03-24 14:04:01,275 log Not Found: /admin/users
WARNING 2026-03-24 14:04:01,277 basehttp "GET /admin/users HTTP/1.1" 404 5878
WARNING 2026-03-24 14:04:02,921 log Not Found: /admin/users
WARNING 2026-03-24 14:04:02,922 basehttp "GET /admin/users HTTP/1.1" 404 5878
INFO 2026-03-24 14:53:42,989 autoreload C:\Users\Welcome\Desktop\CRM\March 24\files\views.py changed, reloading.
INFO 2026-03-24 14:53:43,297 autoreload C:\Users\Welcome\Desktop\CRM\March 24\files\views.py changed, reloading.
INFO 2026-03-24 14:53:43,685 autoreload C:\Users\Welcome\Desktop\CRM\March 24\files\views.py changed, reloading.
INFO 2026-03-24 14:53:43,703 autoreload C:\Users\Welcome\Desktop\CRM\March 24\files\views.py changed, reloading.
INFO 2026-03-24 14:53:45,432 autoreload Watching for file changes with StatReloader
INFO 2026-03-24 14:53:45,866 autoreload Watching for file changes with StatReloader
INFO 2026-03-24 14:53:46,340 autoreload Watching for file changes with StatReloader
INFO 2026-03-24 14:53:46,357 autoreload Watching for file changes with StatReloader
WARNING 2026-03-24 15:06:26,894 log Not Found: /admin/users
WARNING 2026-03-24 15:06:26,896 basehttp "GET /admin/users HTTP/1.1" 404 5878
INFO 2026-03-24 15:06:30,220 basehttp "GET /dashboard HTTP/1.1" 200 408
INFO 2026-03-24 15:06:30,241 basehttp "GET /static/assets/index-d5661216.js HTTP/1.1" 304 0
INFO 2026-03-24 15:06:30,361 basehttp "GET /static/assets/index-bd891f47.css HTTP/1.1" 200 24908
INFO 2026-03-24 15:06:30,778 basehttp "GET /api/dashboard/summary/ HTTP/1.1" 200 210
INFO 2026-03-24 15:06:32,868 basehttp "POST /api/auth/logout/ HTTP/1.1" 200 37
INFO 2026-03-24 15:06:32,888 basehttp "GET /api/dashboard/summary/ HTTP/1.1" 200 210
WARNING 2026-03-24 15:06:40,532 log Unauthorized: /api/auth/login/
WARNING 2026-03-24 15:06:40,534 basehttp "POST /api/auth/login/ HTTP/1.1" 401 63
INFO 2026-03-24 15:06:40,553 basehttp "GET /login HTTP/1.1" 200 408
ERROR 2026-03-24 15:07:11,838 exception Invalid HTTP_HOST header: 'testserver'. You may need to add 'testserver' to ALLOWED_HOSTS.
Traceback (most recent call last):
  File "C:\Users\Welcome\AppData\Local\Programs\Python\Python312\Lib\site-packages\django\core\handlers\exception.py", line 55, in inner
    response = get_response(request)
               ^^^^^^^^^^^^^^^^^^^^^
  File "C:\Users\Welcome\AppData\Local\Programs\Python\Python312\Lib\site-packages\django\utils\deprecation.py", line 133, in __call__
    response = self.process_request(request)
               ^^^^^^^^^^^^^^^^^^^^^^^^^^^^^
  File "C:\Users\Welcome\AppData\Local\Programs\Python\Python312\Lib\site-packages\django\middleware\common.py", line 48, in process_request
    host = request.get_host()
           ^^^^^^^^^^^^^^^^^^
  File "C:\Users\Welcome\AppData\Local\Programs\Python\Python312\Lib\site-packages\django\http\request.py", line 150, in get_host
    raise DisallowedHost(msg)
django.core.exceptions.DisallowedHost: Invalid HTTP_HOST header: 'testserver'. You may need to add 'testserver' to ALLOWED_HOSTS.
WARNING 2026-03-24 15:07:12,194 log Bad Request: /api/auth/login/
INFO 2026-03-24 15:19:51,519 autoreload Watching for file changes with StatReloader
INFO 2026-03-24 15:19:55,517 basehttp "GET / HTTP/1.1" 200 408
INFO 2026-03-24 15:19:55,626 basehttp "GET /static/assets/index-279d775a.css HTTP/1.1" 200 25071
INFO 2026-03-24 15:19:55,756 basehttp "GET /static/assets/index-b3bb62f3.js HTTP/1.1" 200 334655
INFO 2026-03-24 15:20:09,413 basehttp "POST /api/auth/login/ HTTP/1.1" 200 852
INFO 2026-03-24 15:20:09,489 basehttp "GET /api/dashboard/summary/ HTTP/1.1" 200 210
INFO 2026-03-24 15:20:14,005 basehttp "GET /api/courses/ HTTP/1.1" 200 363
INFO 2026-03-24 15:20:16,988 basehttp "GET /api/users/ HTTP/1.1" 200 510
INFO 2026-03-24 15:20:16,991 basehttp "GET /api/branches/ HTTP/1.1" 200 52
INFO 2026-03-24 15:20:58,298 basehttp "PATCH /api/users/2/ HTTP/1.1" 200 234
INFO 2026-03-24 15:20:58,333 basehttp "GET /api/users/ HTTP/1.1" 200 511
INFO 2026-03-24 15:20:58,334 basehttp "GET /api/branches/ HTTP/1.1" 200 52
INFO 2026-03-24 15:21:25,245 basehttp "PATCH /api/users/1/ HTTP/1.1" 200 249
INFO 2026-03-24 15:21:25,271 basehttp "GET /api/users/ HTTP/1.1" 200 536
INFO 2026-03-24 15:21:25,276 basehttp "GET /api/branches/ HTTP/1.1" 200 52
WARNING 2026-03-24 15:34:45,291 log Not Found: /admin/users
WARNING 2026-03-24 15:34:45,292 basehttp "GET /admin/users HTTP/1.1" 404 5878
INFO 2026-03-24 15:34:51,622 basehttp "GET / HTTP/1.1" 200 408
INFO 2026-03-24 15:34:51,665 basehttp "GET /static/assets/index-279d775a.css HTTP/1.1" 200 25071
INFO 2026-03-24 15:34:51,742 basehttp "GET /static/assets/index-22c621b9.js HTTP/1.1" 200 335897
INFO 2026-03-24 15:34:51,810 basehttp "GET /api/auth/me/ HTTP/1.1" 200 249
INFO 2026-03-24 15:34:51,847 basehttp "GET /api/dashboard/summary/ HTTP/1.1" 200 210
INFO 2026-03-24 15:34:58,018 basehttp "GET /api/users/ HTTP/1.1" 200 536
INFO 2026-03-24 15:34:58,022 basehttp "GET /api/branches/ HTTP/1.1" 200 52
WARNING 2026-03-24 15:36:32,092 log Not Found: /admin/users
WARNING 2026-03-24 15:36:32,093 basehttp "GET /admin/users HTTP/1.1" 404 5878
INFO 2026-03-24 15:36:35,186 basehttp "GET / HTTP/1.1" 200 408
INFO 2026-03-24 15:36:35,217 basehttp "GET /static/assets/index-22c621b9.js HTTP/1.1" 304 0
INFO 2026-03-24 15:36:35,223 basehttp "GET /static/assets/index-279d775a.css HTTP/1.1" 304 0
INFO 2026-03-24 15:36:35,254 basehttp "GET /api/auth/me/ HTTP/1.1" 200 249
INFO 2026-03-24 15:36:35,312 basehttp "GET /api/dashboard/summary/ HTTP/1.1" 200 210
INFO 2026-03-24 15:36:42,175 basehttp "GET /api/users/ HTTP/1.1" 200 536
INFO 2026-03-24 15:36:42,175 basehttp "GET /api/branches/ HTTP/1.1" 200 52
WARNING 2026-03-24 15:36:45,792 log Not Found: /admin/users
WARNING 2026-03-24 15:36:45,794 basehttp "GET /admin/users HTTP/1.1" 404 5878
INFO 2026-03-24 15:36:52,205 basehttp "GET / HTTP/1.1" 200 408
INFO 2026-03-24 15:36:52,239 basehttp "GET /static/assets/index-279d775a.css HTTP/1.1" 304 0
INFO 2026-03-24 15:36:52,240 basehttp "GET /static/assets/index-22c621b9.js HTTP/1.1" 304 0
INFO 2026-03-24 15:36:52,268 basehttp "GET /api/auth/me/ HTTP/1.1" 200 249
INFO 2026-03-24 15:36:52,314 basehttp "GET /api/dashboard/summary/ HTTP/1.1" 200 210
INFO 2026-03-24 15:36:54,464 basehttp "POST /api/auth/logout/ HTTP/1.1" 200 37
INFO 2026-03-24 15:36:54,474 basehttp "GET /api/dashboard/summary/ HTTP/1.1" 200 210
INFO 2026-03-24 15:37:05,946 basehttp "POST /api/auth/login/ HTTP/1.1" 200 866
INFO 2026-03-24 15:37:05,990 basehttp "GET /api/dashboard/summary/ HTTP/1.1" 200 210
INFO 2026-03-24 15:37:19,086 basehttp "GET /api/branches/ HTTP/1.1" 200 52
INFO 2026-03-24 15:37:19,090 basehttp "GET /api/users/ HTTP/1.1" 200 536
INFO 2026-03-24 15:37:43,990 autoreload Watching for file changes with StatReloader
WARNING 2026-03-24 15:38:05,283 log Not Found: /admin/users
WARNING 2026-03-24 15:38:05,285 basehttp "GET /admin/users HTTP/1.1" 404 5878
WARNING 2026-03-24 15:38:06,299 log Not Found: /admin/users
WARNING 2026-03-24 15:38:06,301 basehttp "GET /admin/users HTTP/1.1" 404 5878
WARNING 2026-03-24 15:38:06,446 log Not Found: /admin/users
WARNING 2026-03-24 15:38:06,447 basehttp "GET /admin/users HTTP/1.1" 404 5878
WARNING 2026-03-24 15:38:06,627 log Not Found: /admin/users
WARNING 2026-03-24 15:38:06,628 basehttp "GET /admin/users HTTP/1.1" 404 5878
WARNING 2026-03-24 15:38:06,844 log Not Found: /admin/users
WARNING 2026-03-24 15:38:06,846 basehttp "GET /admin/users HTTP/1.1" 404 5878
INFO 2026-03-24 15:38:14,255 basehttp "GET / HTTP/1.1" 200 408
INFO 2026-03-24 15:38:14,311 basehttp "GET /static/assets/index-22c621b9.js HTTP/1.1" 304 0
INFO 2026-03-24 15:38:14,314 basehttp "GET /static/assets/index-279d775a.css HTTP/1.1" 304 0
INFO 2026-03-24 15:38:14,807 basehttp "GET /api/auth/me/ HTTP/1.1" 200 249
INFO 2026-03-24 15:38:14,866 basehttp "GET /api/dashboard/summary/ HTTP/1.1" 200 210
INFO 2026-03-24 15:38:17,269 basehttp "POST /api/auth/logout/ HTTP/1.1" 200 37
INFO 2026-03-24 15:38:17,284 basehttp "GET /api/dashboard/summary/ HTTP/1.1" 200 210
INFO 2026-03-24 15:38:19,825 basehttp "GET /login HTTP/1.1" 200 408
INFO 2026-03-24 15:38:29,103 basehttp "POST /api/auth/login/ HTTP/1.1" 200 866
INFO 2026-03-24 15:38:29,153 basehttp "GET /api/dashboard/summary/ HTTP/1.1" 200 210
INFO 2026-03-24 15:38:32,924 basehttp "GET /api/branches/ HTTP/1.1" 200 52
INFO 2026-03-24 15:38:44,346 basehttp "GET /api/users/ HTTP/1.1" 200 536
INFO 2026-03-24 15:38:44,349 basehttp "GET /api/branches/ HTTP/1.1" 200 52
INFO 2026-03-24 15:38:46,294 basehttp "GET /api/branches/ HTTP/1.1" 200 52
INFO 2026-03-24 15:40:16,058 basehttp "POST /api/branches/ HTTP/1.1" 201 349
INFO 2026-03-24 15:40:16,084 basehttp "GET /api/branches/ HTTP/1.1" 200 401
INFO 2026-03-24 15:40:22,503 basehttp "PATCH /api/branches/1/ HTTP/1.1" 200 349
INFO 2026-03-24 15:40:22,520 basehttp "GET /api/branches/ HTTP/1.1" 200 401
INFO 2026-03-24 15:40:24,717 basehttp "GET /api/branches/ HTTP/1.1" 200 401
INFO 2026-03-24 15:40:24,718 basehttp "GET /api/users/ HTTP/1.1" 200 536
INFO 2026-03-24 15:41:20,932 basehttp "POST /api/users/ HTTP/1.1" 201 270
INFO 2026-03-24 15:41:20,966 basehttp "GET /api/users/ HTTP/1.1" 200 807
INFO 2026-03-24 15:41:20,966 basehttp "GET /api/branches/ HTTP/1.1" 200 401
INFO 2026-03-24 15:41:37,684 basehttp "GET /api/courses/ HTTP/1.1" 200 367
ERROR 2026-03-24 15:41:45,674 log Internal Server Error: /api/courses/1/
Traceback (most recent call last):
  File "C:\Users\Welcome\AppData\Local\Programs\Python\Python312\Lib\site-packages\django\core\handlers\exception.py", line 55, in inner
    response = get_response(request)
               ^^^^^^^^^^^^^^^^^^^^^
  File "C:\Users\Welcome\AppData\Local\Programs\Python\Python312\Lib\site-packages\django\core\handlers\base.py", line 197, in _get_response
    response = wrapped_callback(request, *callback_args, **callback_kwargs)
               ^^^^^^^^^^^^^^^^^^^^^^^^^^^^^^^^^^^^^^^^^^^^^^^^^^^^^^^^^^^^
  File "C:\Users\Welcome\AppData\Local\Programs\Python\Python312\Lib\site-packages\django\views\decorators\csrf.py", line 56, in wrapper_view
    return view_func(*args, **kwargs)
           ^^^^^^^^^^^^^^^^^^^^^^^^^^
  File "C:\Users\Welcome\AppData\Local\Programs\Python\Python312\Lib\site-packages\rest_framework\viewsets.py", line 124, in view
    return self.dispatch(request, *args, **kwargs)
           ^^^^^^^^^^^^^^^^^^^^^^^^^^^^^^^^^^^^^^^
  File "C:\Users\Welcome\AppData\Local\Programs\Python\Python312\Lib\site-packages\rest_framework\views.py", line 509, in dispatch
    response = self.handle_exception(exc)
               ^^^^^^^^^^^^^^^^^^^^^^^^^^
  File "C:\Users\Welcome\AppData\Local\Programs\Python\Python312\Lib\site-packages\rest_framework\views.py", line 469, in handle_exception
    self.raise_uncaught_exception(exc)
  File "C:\Users\Welcome\AppData\Local\Programs\Python\Python312\Lib\site-packages\rest_framework\views.py", line 480, in raise_uncaught_exception
    raise exc
  File "C:\Users\Welcome\AppData\Local\Programs\Python\Python312\Lib\site-packages\rest_framework\views.py", line 506, in dispatch
    response = handler(request, *args, **kwargs)
               ^^^^^^^^^^^^^^^^^^^^^^^^^^^^^^^^^
  File "C:\Users\Welcome\AppData\Local\Programs\Python\Python312\Lib\site-packages\rest_framework\mixins.py", line 91, in destroy
    self.perform_destroy(instance)
  File "C:\Users\Welcome\AppData\Local\Programs\Python\Python312\Lib\site-packages\rest_framework\mixins.py", line 95, in perform_destroy
    instance.delete()
  File "C:\Users\Welcome\AppData\Local\Programs\Python\Python312\Lib\site-packages\django\db\models\base.py", line 1131, in delete
    collector.collect([self], keep_parents=keep_parents)
  File "C:\Users\Welcome\AppData\Local\Programs\Python\Python312\Lib\site-packages\django\db\models\deletion.py", line 392, in collect
    raise RestrictedError(
django.db.models.deletion.RestrictedError: ("Cannot delete some instances of model 'Course' because they are referenced through restricted foreign keys: 'Enrollment.course'.", {<Enrollment: STU-202603-0001 — Walk In Student>, <Enrollment: STU-202603-0002 — Walk In Student 2>})
ERROR 2026-03-24 15:41:45,691 basehttp "DELETE /api/courses/1/ HTTP/1.1" 500 121932
ERROR 2026-03-24 15:41:49,602 log Internal Server Error: /api/courses/1/
Traceback (most recent call last):
  File "C:\Users\Welcome\AppData\Local\Programs\Python\Python312\Lib\site-packages\django\core\handlers\exception.py", line 55, in inner
    response = get_response(request)
               ^^^^^^^^^^^^^^^^^^^^^
  File "C:\Users\Welcome\AppData\Local\Programs\Python\Python312\Lib\site-packages\django\core\handlers\base.py", line 197, in _get_response
    response = wrapped_callback(request, *callback_args, **callback_kwargs)
               ^^^^^^^^^^^^^^^^^^^^^^^^^^^^^^^^^^^^^^^^^^^^^^^^^^^^^^^^^^^^
  File "C:\Users\Welcome\AppData\Local\Programs\Python\Python312\Lib\site-packages\django\views\decorators\csrf.py", line 56, in wrapper_view
    return view_func(*args, **kwargs)
           ^^^^^^^^^^^^^^^^^^^^^^^^^^
  File "C:\Users\Welcome\AppData\Local\Programs\Python\Python312\Lib\site-packages\rest_framework\viewsets.py", line 124, in view
    return self.dispatch(request, *args, **kwargs)
           ^^^^^^^^^^^^^^^^^^^^^^^^^^^^^^^^^^^^^^^
  File "C:\Users\Welcome\AppData\Local\Programs\Python\Python312\Lib\site-packages\rest_framework\views.py", line 509, in dispatch
    response = self.handle_exception(exc)
               ^^^^^^^^^^^^^^^^^^^^^^^^^^
  File "C:\Users\Welcome\AppData\Local\Programs\Python\Python312\Lib\site-packages\rest_framework\views.py", line 469, in handle_exception
    self.raise_uncaught_exception(exc)
  File "C:\Users\Welcome\AppData\Local\Programs\Python\Python312\Lib\site-packages\rest_framework\views.py", line 480, in raise_uncaught_exception
    raise exc
  File "C:\Users\Welcome\AppData\Local\Programs\Python\Python312\Lib\site-packages\rest_framework\views.py", line 506, in dispatch
    response = handler(request, *args, **kwargs)
               ^^^^^^^^^^^^^^^^^^^^^^^^^^^^^^^^^
  File "C:\Users\Welcome\AppData\Local\Programs\Python\Python312\Lib\site-packages\rest_framework\mixins.py", line 91, in destroy
    self.perform_destroy(instance)
  File "C:\Users\Welcome\AppData\Local\Programs\Python\Python312\Lib\site-packages\rest_framework\mixins.py", line 95, in perform_destroy
    instance.delete()
  File "C:\Users\Welcome\AppData\Local\Programs\Python\Python312\Lib\site-packages\django\db\models\base.py", line 1131, in delete
    collector.collect([self], keep_parents=keep_parents)
  File "C:\Users\Welcome\AppData\Local\Programs\Python\Python312\Lib\site-packages\django\db\models\deletion.py", line 392, in collect
    raise RestrictedError(
django.db.models.deletion.RestrictedError: ("Cannot delete some instances of model 'Course' because they are referenced through restricted foreign keys: 'Enrollment.course'.", {<Enrollment: STU-202603-0001 — Walk In Student>, <Enrollment: STU-202603-0002 — Walk In Student 2>})
ERROR 2026-03-24 15:41:49,611 basehttp "DELETE /api/courses/1/ HTTP/1.1" 500 121932
INFO 2026-03-24 15:42:22,022 basehttp "PATCH /api/courses/1/ HTTP/1.1" 200 312
INFO 2026-03-24 15:42:22,045 basehttp "GET /api/courses/ HTTP/1.1" 200 364
INFO 2026-03-24 15:43:04,698 basehttp "POST /api/courses/ HTTP/1.1" 201 309
INFO 2026-03-24 15:43:04,728 basehttp "GET /api/courses/ HTTP/1.1" 200 674
INFO 2026-03-24 15:43:28,906 basehttp "GET / HTTP/1.1" 200 408
INFO 2026-03-24 15:43:28,935 basehttp "GET /static/assets/index-22c621b9.js HTTP/1.1" 200 335897
INFO 2026-03-24 15:43:28,939 basehttp "GET /static/assets/index-279d775a.css HTTP/1.1" 200 25071
INFO 2026-03-24 15:43:29,035 basehttp "GET /favicon.ico HTTP/1.1" 200 408
INFO 2026-03-24 15:43:29,038 basehttp "GET /favicon.ico HTTP/1.1" 200 408
INFO 2026-03-24 15:43:42,169 basehttp "POST /api/auth/login/ HTTP/1.1" 200 857
INFO 2026-03-24 15:43:42,205 basehttp "GET /favicon.ico HTTP/1.1" 200 408
INFO 2026-03-24 15:43:42,235 basehttp "GET /api/dashboard/summary/ HTTP/1.1" 200 204
INFO 2026-03-24 15:44:00,484 basehttp "GET /api/dashboard/summary/ HTTP/1.1" 200 210
INFO 2026-03-24 15:44:05,106 basehttp "GET /api/leads/ HTTP/1.1" 200 52
INFO 2026-03-24 15:44:06,696 basehttp "GET /api/walkins/ HTTP/1.1" 200 660
INFO 2026-03-24 15:44:08,083 basehttp "GET /api/enrollments/ HTTP/1.1" 200 550
INFO 2026-03-24 15:44:09,459 basehttp "GET /api/walkins/ HTTP/1.1" 200 660
INFO 2026-03-24 15:44:12,321 basehttp "GET /api/walkins/1/ HTTP/1.1" 200 499
INFO 2026-03-24 15:44:12,326 basehttp "GET /api/courses/ HTTP/1.1" 200 674
INFO 2026-03-24 15:44:24,935 basehttp "GET /api/walkins/ HTTP/1.1" 200 660
INFO 2026-03-24 15:44:30,675 basehttp "GET /api/enrollments/ HTTP/1.1" 200 550
INFO 2026-03-24 15:44:32,165 basehttp "GET /api/enrollments/1/ HTTP/1.1" 200 750
INFO 2026-03-24 15:44:34,892 basehttp "GET /api/payments/ HTTP/1.1" 200 537
INFO 2026-03-24 15:44:37,099 basehttp "GET /api/payments/1/ HTTP/1.1" 200 241
INFO 2026-03-24 15:46:20,783 basehttp "GET /api/dashboard/summary/ HTTP/1.1" 200 210
INFO 2026-03-24 15:46:40,519 basehttp "GET /favicon.ico HTTP/1.1" 200 408
INFO 2026-03-24 15:46:40,536 basehttp "GET /api/leads/ HTTP/1.1" 200 52
INFO 2026-03-24 15:46:42,674 basehttp "GET /favicon.ico HTTP/1.1" 200 408
INFO 2026-03-24 15:46:42,676 basehttp "GET /api/courses/ HTTP/1.1" 200 674
INFO 2026-03-24 15:47:23,074 basehttp "POST /api/leads/ HTTP/1.1" 201 434
INFO 2026-03-24 15:47:23,085 basehttp "GET /favicon.ico HTTP/1.1" 200 408
INFO 2026-03-24 15:47:23,098 basehttp "GET /api/leads/1/ HTTP/1.1" 200 434
INFO 2026-03-24 15:47:26,908 basehttp "GET /favicon.ico HTTP/1.1" 200 408
INFO 2026-03-24 15:47:26,934 basehttp "GET /api/dashboard/summary/ HTTP/1.1" 200 204
INFO 2026-03-24 15:47:31,988 basehttp "GET /dashboard HTTP/1.1" 200 408
INFO 2026-03-24 15:47:32,057 basehttp "GET /static/assets/index-22c621b9.js HTTP/1.1" 304 0
INFO 2026-03-24 15:47:32,059 basehttp "GET /static/assets/index-279d775a.css HTTP/1.1" 304 0
INFO 2026-03-24 15:47:32,087 basehttp "GET /api/auth/me/ HTTP/1.1" 200 249
INFO 2026-03-24 15:47:32,364 basehttp "GET /api/dashboard/summary/ HTTP/1.1" 200 210
INFO 2026-03-24 15:47:38,438 basehttp "GET /favicon.ico HTTP/1.1" 200 408
INFO 2026-03-24 15:47:38,438 basehttp "GET /api/walkins/ HTTP/1.1" 200 52
INFO 2026-03-24 15:47:40,943 basehttp "GET /favicon.ico HTTP/1.1" 200 408
INFO 2026-03-24 15:47:40,956 basehttp "GET /api/courses/ HTTP/1.1" 200 674
INFO 2026-03-24 15:48:42,153 basehttp "GET /dashboard HTTP/1.1" 200 408
INFO 2026-03-24 15:48:42,202 basehttp "GET /api/auth/me/ HTTP/1.1" 200 249
INFO 2026-03-24 15:48:42,265 basehttp "GET /api/dashboard/summary/ HTTP/1.1" 200 210
INFO 2026-03-24 15:48:43,871 basehttp "GET /api/walkins/ HTTP/1.1" 200 660
INFO 2026-03-24 15:48:45,396 basehttp "GET /walkins HTTP/1.1" 200 408
INFO 2026-03-24 15:48:45,461 basehttp "GET /api/auth/me/ HTTP/1.1" 200 249
INFO 2026-03-24 15:48:45,498 basehttp "GET /api/walkins/ HTTP/1.1" 200 660
INFO 2026-03-24 15:48:47,522 basehttp "GET /api/users/ HTTP/1.1" 200 807
INFO 2026-03-24 15:48:47,525 basehttp "GET /api/branches/ HTTP/1.1" 200 401
WARNING 2026-03-24 15:48:49,136 log Not Found: /admin/users
WARNING 2026-03-24 15:48:49,136 basehttp "GET /admin/users HTTP/1.1" 404 5878
INFO 2026-03-24 15:49:03,646 basehttp "GET /dashboard HTTP/1.1" 200 408
INFO 2026-03-24 15:49:03,663 basehttp "GET /static/assets/index-22c621b9.js HTTP/1.1" 304 0
INFO 2026-03-24 15:49:03,663 basehttp "GET /static/assets/index-279d775a.css HTTP/1.1" 304 0
INFO 2026-03-24 15:49:03,685 basehttp "GET /api/auth/me/ HTTP/1.1" 200 249
INFO 2026-03-24 15:49:03,771 basehttp "GET /api/dashboard/summary/ HTTP/1.1" 200 210
INFO 2026-03-24 15:49:07,248 basehttp "GET /api/branches/ HTTP/1.1" 200 401
INFO 2026-03-24 15:49:09,505 basehttp "GET /api/reports/user-performance/?month=2026-03 HTTP/1.1" 200 447
INFO 2026-03-24 15:49:13,439 basehttp "GET /api/branches/ HTTP/1.1" 200 401
INFO 2026-03-24 15:49:15,311 basehttp "GET /api/users/ HTTP/1.1" 200 807
INFO 2026-03-24 15:49:15,312 basehttp "GET /api/user-targets/ HTTP/1.1" 200 290
INFO 2026-03-24 15:53:13,396 autoreload Watching for file changes with StatReloader
INFO 2026-03-24 15:53:18,024 basehttp "GET / HTTP/1.1" 200 408
INFO 2026-03-24 15:53:18,097 basehttp "GET /static/assets/index-279d775a.css HTTP/1.1" 200 25071
INFO 2026-03-24 15:53:18,269 basehttp "GET /static/assets/index-6d2694cd.js HTTP/1.1" 200 336469
INFO 2026-03-24 15:53:18,840 basehttp "GET /api/auth/me/ HTTP/1.1" 200 249
INFO 2026-03-24 15:53:18,995 basehttp "GET /api/dashboard/summary/ HTTP/1.1" 200 210
INFO 2026-03-24 15:53:23,165 basehttp "POST /api/auth/logout/ HTTP/1.1" 200 37
INFO 2026-03-24 15:53:23,185 basehttp "GET /api/dashboard/summary/ HTTP/1.1" 200 210
INFO 2026-03-24 15:53:33,469 basehttp "POST /api/auth/login/ HTTP/1.1" 200 866
INFO 2026-03-24 15:53:33,506 basehttp "GET /api/dashboard/summary/ HTTP/1.1" 200 210
INFO 2026-03-24 15:53:38,737 basehttp "GET /api/users/ HTTP/1.1" 200 807
INFO 2026-03-24 15:53:38,737 basehttp "GET /api/user-targets/ HTTP/1.1" 200 290
INFO 2026-03-24 15:54:02,578 basehttp "GET /api/branches/ HTTP/1.1" 200 401
INFO 2026-03-24 15:54:03,877 basehttp "GET /api/user-targets/ HTTP/1.1" 200 290
INFO 2026-03-24 15:54:03,885 basehttp "GET /api/users/ HTTP/1.1" 200 807
INFO 2026-03-24 15:54:04,692 basehttp "GET /api/users/ HTTP/1.1" 200 807
INFO 2026-03-24 15:54:04,695 basehttp "GET /api/branches/ HTTP/1.1" 200 401
INFO 2026-03-24 15:54:10,635 basehttp "POST /api/branches/ HTTP/1.1" 201 274
INFO 2026-03-24 15:54:10,652 basehttp "POST /api/branches/ HTTP/1.1" 201 278
INFO 2026-03-24 15:54:10,675 basehttp "GET /api/branches/ HTTP/1.1" 200 955
INFO 2026-03-24 15:54:10,675 basehttp "GET /api/users/ HTTP/1.1" 200 807
WARNING 2026-03-24 15:55:25,309 log Not Found: /admin/users
WARNING 2026-03-24 15:55:25,310 basehttp "GET /admin/users HTTP/1.1" 404 5878
INFO 2026-03-24 15:55:28,147 basehttp "GET / HTTP/1.1" 200 408
INFO 2026-03-24 15:55:28,165 basehttp "GET /static/assets/index-6d2694cd.js HTTP/1.1" 304 0
INFO 2026-03-24 15:55:28,166 basehttp "GET /static/assets/index-279d775a.css HTTP/1.1" 304 0
INFO 2026-03-24 15:55:28,673 basehttp "GET /api/auth/me/ HTTP/1.1" 200 249
INFO 2026-03-24 15:55:28,793 basehttp "GET /api/dashboard/summary/ HTTP/1.1" 200 210
INFO 2026-03-24 15:55:32,268 basehttp "GET /api/courses/ HTTP/1.1" 200 674
INFO 2026-03-24 15:55:33,338 basehttp "GET /api/users/ HTTP/1.1" 200 807
INFO 2026-03-24 15:55:33,342 basehttp "GET /api/branches/ HTTP/1.1" 200 955
WARNING 2026-03-24 15:55:47,697 log Not Found: /admin/users
WARNING 2026-03-24 15:55:47,698 basehttp "GET /admin/users HTTP/1.1" 404 5878
WARNING 2026-03-24 15:55:48,694 log Not Found: /admin/users
WARNING 2026-03-24 15:55:48,694 basehttp "GET /admin/users HTTP/1.1" 404 5878
WARNING 2026-03-24 15:55:49,000 log Not Found: /admin/users
WARNING 2026-03-24 15:55:49,000 basehttp "GET /admin/users HTTP/1.1" 404 5878
WARNING 2026-03-24 15:55:49,149 log Not Found: /admin/users
WARNING 2026-03-24 15:55:49,150 basehttp "GET /admin/users HTTP/1.1" 404 5878
WARNING 2026-03-24 15:55:49,513 log Not Found: /admin/users
WARNING 2026-03-24 15:55:49,514 basehttp "GET /admin/users HTTP/1.1" 404 5878
INFO 2026-03-24 15:56:34,373 autoreload C:\Users\Welcome\Desktop\CRM\March 24\files\urls.py changed, reloading.
INFO 2026-03-24 15:56:34,414 autoreload C:\Users\Welcome\Desktop\CRM\March 24\files\urls.py changed, reloading.
INFO 2026-03-24 15:56:34,673 autoreload C:\Users\Welcome\Desktop\CRM\March 24\files\urls.py changed, reloading.
INFO 2026-03-24 15:56:34,841 autoreload C:\Users\Welcome\Desktop\CRM\March 24\files\urls.py changed, reloading.
INFO 2026-03-24 15:56:34,853 autoreload C:\Users\Welcome\Desktop\CRM\March 24\files\urls.py changed, reloading.
INFO 2026-03-24 15:56:37,852 autoreload Watching for file changes with StatReloader
INFO 2026-03-24 15:56:38,672 autoreload Watching for file changes with StatReloader
INFO 2026-03-24 15:56:38,672 autoreload Watching for file changes with StatReloader
INFO 2026-03-24 15:56:38,698 autoreload Watching for file changes with StatReloader
INFO 2026-03-24 15:56:38,913 autoreload Watching for file changes with StatReloader
INFO 2026-03-24 15:56:44,674 autoreload C:\Users\Welcome\Desktop\CRM\March 24\files\urls.py changed, reloading.
INFO 2026-03-24 15:56:44,788 autoreload C:\Users\Welcome\Desktop\CRM\March 24\files\urls.py changed, reloading.
INFO 2026-03-24 15:56:44,811 autoreload C:\Users\Welcome\Desktop\CRM\March 24\files\urls.py changed, reloading.
INFO 2026-03-24 15:56:44,840 autoreload C:\Users\Welcome\Desktop\CRM\March 24\files\urls.py changed, reloading.
INFO 2026-03-24 15:56:44,899 autoreload C:\Users\Welcome\Desktop\CRM\March 24\files\urls.py changed, reloading.
INFO 2026-03-24 15:56:47,881 autoreload Watching for file changes with StatReloader
INFO 2026-03-24 15:56:47,904 autoreload Watching for file changes with StatReloader
INFO 2026-03-24 15:56:47,910 autoreload Watching for file changes with StatReloader
INFO 2026-03-24 15:56:47,925 autoreload Watching for file changes with StatReloader
INFO 2026-03-24 15:56:47,967 autoreload Watching for file changes with StatReloader
INFO 2026-03-24 16:00:01,000 basehttp "GET / HTTP/1.1" 200 408
INFO 2026-03-24 16:00:01,044 basehttp "GET /static/assets/index-6d2694cd.js HTTP/1.1" 304 0
INFO 2026-03-24 16:00:01,045 basehttp "GET /static/assets/index-279d775a.css HTTP/1.1" 304 0
INFO 2026-03-24 16:00:01,853 basehttp "GET /api/auth/me/ HTTP/1.1" 200 249
INFO 2026-03-24 16:00:02,127 basehttp "GET /api/dashboard/summary/ HTTP/1.1" 200 210
INFO 2026-03-24 16:01:50,026 basehttp "GET / HTTP/1.1" 200 408
INFO 2026-03-24 16:01:50,251 basehttp "GET /static/assets/index-09145235.css HTTP/1.1" 200 25261
INFO 2026-03-24 16:01:50,461 basehttp "GET /static/assets/index-993c99e3.js HTTP/1.1" 200 336794
INFO 2026-03-24 16:01:51,084 basehttp "GET /api/auth/me/ HTTP/1.1" 200 249
INFO 2026-03-24 16:01:58,310 basehttp "GET /login HTTP/1.1" 200 408
INFO 2026-03-24 16:01:58,333 basehttp "GET /static/assets/index-09145235.css HTTP/1.1" 304 0
INFO 2026-03-24 16:01:58,333 basehttp "GET /static/assets/index-993c99e3.js HTTP/1.1" 304 0
INFO 2026-03-24 16:01:58,362 basehttp "GET /api/auth/me/ HTTP/1.1" 200 249
INFO 2026-03-24 16:02:21,853 basehttp "GET / HTTP/1.1" 200 408
INFO 2026-03-24 16:02:21,931 basehttp "GET /static/assets/index-09145235.css HTTP/1.1" 304 0
INFO 2026-03-24 16:02:21,931 basehttp "GET /static/assets/index-993c99e3.js HTTP/1.1" 304 0
INFO 2026-03-24 16:02:22,629 basehttp "GET /api/auth/me/ HTTP/1.1" 200 249
INFO 2026-03-24 16:11:58,799 autoreload Watching for file changes with StatReloader
INFO 2026-03-24 16:12:07,934 basehttp "GET / HTTP/1.1" 200 408
INFO 2026-03-24 16:12:07,991 basehttp "GET /static/assets/index-55d43c08.css HTTP/1.1" 200 25308
INFO 2026-03-24 16:12:08,201 basehttp "GET /static/assets/index-b6f46a09.js HTTP/1.1" 200 336899
INFO 2026-03-24 16:12:08,834 basehttp "GET /api/auth/me/ HTTP/1.1" 200 249
INFO 2026-03-24 16:12:08,873 basehttp "GET /doe-logo.png HTTP/1.1" 200 408
INFO 2026-03-24 16:12:11,480 basehttp "GET /login HTTP/1.1" 200 408
INFO 2026-03-24 16:12:11,536 basehttp "GET /doe-logo.png HTTP/1.1" 200 408
INFO 2026-03-24 16:12:11,541 basehttp "GET /api/auth/me/ HTTP/1.1" 200 249
INFO 2026-03-24 16:12:22,727 basehttp "GET /doe-logo.png HTTP/1.1" 200 408
INFO 2026-03-24 16:12:22,739 basehttp "GET /api/dashboard/summary/ HTTP/1.1" 200 210
INFO 2026-03-24 16:12:23,943 basehttp "GET /doe-logo.png HTTP/1.1" 200 408
INFO 2026-03-24 16:14:38,413 autoreload Watching for file changes with StatReloader
INFO 2026-03-24 16:14:40,431 basehttp "GET / HTTP/1.1" 200 408
INFO 2026-03-24 16:14:40,480 basehttp "GET /static/assets/index-b6f46a09.js HTTP/1.1" 304 0
INFO 2026-03-24 16:14:40,484 basehttp "GET /static/assets/index-55d43c08.css HTTP/1.1" 304 0
INFO 2026-03-24 16:14:41,251 basehttp "GET /api/auth/me/ HTTP/1.1" 200 249
INFO 2026-03-24 16:14:41,293 basehttp "GET /doe-logo.png HTTP/1.1" 200 408
INFO 2026-03-24 16:14:43,223 basehttp "GET /login HTTP/1.1" 200 408
INFO 2026-03-24 16:14:43,272 basehttp "GET /doe-logo.png HTTP/1.1" 200 408
INFO 2026-03-24 16:14:43,277 basehttp "GET /api/auth/me/ HTTP/1.1" 200 249
INFO 2026-03-24 16:14:43,941 basehttp "GET /login HTTP/1.1" 200 408
INFO 2026-03-24 16:14:44,006 basehttp "GET /doe-logo.png HTTP/1.1" 200 408
INFO 2026-03-24 16:14:44,011 basehttp "GET /api/auth/me/ HTTP/1.1" 200 249
INFO 2026-03-24 16:14:44,112 basehttp "GET /login HTTP/1.1" 200 408
INFO 2026-03-24 16:14:44,249 basehttp "GET /doe-logo.png HTTP/1.1" 200 408
INFO 2026-03-24 16:14:44,253 basehttp "GET /api/auth/me/ HTTP/1.1" 200 249
INFO 2026-03-24 16:14:44,458 basehttp "GET /login HTTP/1.1" 200 408
INFO 2026-03-24 16:14:44,520 basehttp "GET /doe-logo.png HTTP/1.1" 200 408
INFO 2026-03-24 16:14:44,525 basehttp "GET /api/auth/me/ HTTP/1.1" 200 249
INFO 2026-03-24 16:14:44,684 basehttp "GET /login HTTP/1.1" 200 408
INFO 2026-03-24 16:14:44,755 basehttp "GET /doe-logo.png HTTP/1.1" 200 408
INFO 2026-03-24 16:14:44,761 basehttp "GET /api/auth/me/ HTTP/1.1" 200 249
INFO 2026-03-24 16:27:52,701 basehttp "GET /login HTTP/1.1" 200 408
INFO 2026-03-24 16:27:52,739 basehttp "GET /static/assets/index-55d43c08.css HTTP/1.1" 200 25308
INFO 2026-03-24 16:27:52,866 basehttp "GET /static/assets/index-13ce69c4.js HTTP/1.1" 200 336764
INFO 2026-03-24 16:27:52,943 basehttp "GET /iie-white.png HTTP/1.1" 200 408
INFO 2026-03-24 16:27:53,653 basehttp "GET /api/auth/me/ HTTP/1.1" 200 249
INFO 2026-03-24 16:28:35,188 basehttp "GET /login HTTP/1.1" 200 408
INFO 2026-03-24 16:28:35,209 basehttp "GET /static/assets/index-13ce69c4.js HTTP/1.1" 304 0
INFO 2026-03-24 16:28:35,212 basehttp "GET /static/assets/index-55d43c08.css HTTP/1.1" 304 0
INFO 2026-03-24 16:28:35,261 basehttp "GET /iie-white.png HTTP/1.1" 200 408
INFO 2026-03-24 16:28:35,368 basehttp "GET /api/auth/me/ HTTP/1.1" 200 249
INFO 2026-03-24 16:28:36,379 basehttp "GET /login HTTP/1.1" 200 408
INFO 2026-03-24 16:28:36,454 basehttp "GET /iie-white.png HTTP/1.1" 200 408
INFO 2026-03-24 16:28:36,459 basehttp "GET /api/auth/me/ HTTP/1.1" 200 249
INFO 2026-03-24 16:28:36,761 basehttp "GET /login HTTP/1.1" 200 408
INFO 2026-03-24 16:28:36,841 basehttp "GET /iie-white.png HTTP/1.1" 200 408
INFO 2026-03-24 16:28:36,845 basehttp "GET /api/auth/me/ HTTP/1.1" 200 249
INFO 2026-03-24 16:28:36,955 basehttp "GET /login HTTP/1.1" 200 408
INFO 2026-03-24 16:28:37,149 basehttp "GET /iie-white.png HTTP/1.1" 200 408
INFO 2026-03-24 16:28:37,154 basehttp "GET /api/auth/me/ HTTP/1.1" 200 249
INFO 2026-03-24 16:28:37,313 basehttp "GET /login HTTP/1.1" 200 408
INFO 2026-03-24 16:28:37,507 basehttp "GET /iie-white.png HTTP/1.1" 200 408
INFO 2026-03-24 16:28:37,513 basehttp "GET /api/auth/me/ HTTP/1.1" 200 249
INFO 2026-03-24 16:28:37,685 basehttp "GET /login HTTP/1.1" 200 408
INFO 2026-03-24 16:28:37,879 basehttp "GET /iie-white.png HTTP/1.1" 200 408
INFO 2026-03-24 16:28:37,883 basehttp "GET /api/auth/me/ HTTP/1.1" 200 249
INFO 2026-03-24 16:28:58,736 basehttp "GET /login HTTP/1.1" 200 408
INFO 2026-03-24 16:28:58,754 basehttp "GET /static/assets/index-55d43c08.css HTTP/1.1" 304 0
INFO 2026-03-24 16:28:58,754 basehttp "GET /static/assets/index-13ce69c4.js HTTP/1.1" 304 0
INFO 2026-03-24 16:28:58,802 basehttp "GET /iie-white.png HTTP/1.1" 200 408
INFO 2026-03-24 16:28:58,805 basehttp "GET /api/auth/me/ HTTP/1.1" 200 249
INFO 2026-03-24 16:28:59,948 basehttp "GET /login HTTP/1.1" 200 408
INFO 2026-03-24 16:29:00,015 basehttp "GET /iie-white.png HTTP/1.1" 200 408
INFO 2026-03-24 16:29:00,079 basehttp "GET /api/auth/me/ HTTP/1.1" 200 249
INFO 2026-03-24 16:29:00,141 basehttp "GET /login HTTP/1.1" 200 408
INFO 2026-03-24 16:29:00,345 basehttp "GET /iie-white.png HTTP/1.1" 200 408
INFO 2026-03-24 16:29:00,350 basehttp "GET /api/auth/me/ HTTP/1.1" 200 249
INFO 2026-03-24 16:29:00,553 basehttp "GET /login HTTP/1.1" 200 408
INFO 2026-03-24 16:29:00,721 basehttp "GET /iie-white.png HTTP/1.1" 200 408
INFO 2026-03-24 16:29:00,725 basehttp "GET /api/auth/me/ HTTP/1.1" 200 249
INFO 2026-03-24 16:34:55,640 autoreload Watching for file changes with StatReloader
INFO 2026-03-24 16:34:59,742 basehttp "GET / HTTP/1.1" 200 408
INFO 2026-03-24 16:34:59,778 basehttp "GET /static/assets/index-13ce69c4.js HTTP/1.1" 304 0
INFO 2026-03-24 16:34:59,781 basehttp "GET /static/assets/index-55d43c08.css HTTP/1.1" 304 0
INFO 2026-03-24 16:35:00,324 basehttp "GET /api/auth/me/ HTTP/1.1" 200 249
INFO 2026-03-24 16:35:00,366 basehttp "GET /iie-white.png HTTP/1.1" 200 408
INFO 2026-03-24 16:35:02,512 basehttp "GET /login HTTP/1.1" 200 408
INFO 2026-03-24 16:35:02,547 basehttp "GET /iie-white.png HTTP/1.1" 200 408
INFO 2026-03-24 16:35:02,549 basehttp "GET /api/auth/me/ HTTP/1.1" 200 249
INFO 2026-03-24 16:35:03,362 basehttp "GET /login HTTP/1.1" 200 408
INFO 2026-03-24 16:35:03,414 basehttp "GET /iie-white.png HTTP/1.1" 200 408
INFO 2026-03-24 16:35:03,419 basehttp "GET /api/auth/me/ HTTP/1.1" 200 249
INFO 2026-03-24 16:35:03,527 basehttp "GET /login HTTP/1.1" 200 408
INFO 2026-03-24 16:35:03,634 basehttp "GET /iie-white.png HTTP/1.1" 200 408
INFO 2026-03-24 16:35:03,642 basehttp "GET /api/auth/me/ HTTP/1.1" 200 249
INFO 2026-03-24 16:35:03,710 basehttp "GET /login HTTP/1.1" 200 408
INFO 2026-03-24 16:35:03,793 basehttp "GET /iie-white.png HTTP/1.1" 200 408
INFO 2026-03-24 16:35:03,799 basehttp "GET /api/auth/me/ HTTP/1.1" 200 249
INFO 2026-03-24 16:35:03,878 basehttp "GET /login HTTP/1.1" 200 408
INFO 2026-03-24 16:35:03,947 basehttp "GET /iie-white.png HTTP/1.1" 200 408
INFO 2026-03-24 16:35:03,953 basehttp "GET /api/auth/me/ HTTP/1.1" 200 249
INFO 2026-03-24 16:35:04,070 basehttp "GET /login HTTP/1.1" 200 408
INFO 2026-03-24 16:35:04,181 basehttp "GET /iie-white.png HTTP/1.1" 200 408
INFO 2026-03-24 16:35:04,187 basehttp "GET /api/auth/me/ HTTP/1.1" 200 249
INFO 2026-03-24 16:35:04,258 basehttp "GET /login HTTP/1.1" 200 408
INFO 2026-03-24 16:35:04,319 basehttp "GET /iie-white.png HTTP/1.1" 200 408
INFO 2026-03-24 16:35:04,324 basehttp "GET /api/auth/me/ HTTP/1.1" 200 249
INFO 2026-03-24 16:35:04,436 basehttp "GET /login HTTP/1.1" 200 408
INFO 2026-03-24 16:35:04,581 basehttp "GET /iie-white.png HTTP/1.1" 200 408
INFO 2026-03-24 16:35:04,588 basehttp "GET /api/auth/me/ HTTP/1.1" 200 249
INFO 2026-03-24 16:35:04,787 basehttp "GET /login HTTP/1.1" 200 408
INFO 2026-03-24 16:35:04,910 basehttp "GET /iie-white.png HTTP/1.1" 200 408
INFO 2026-03-24 16:35:04,915 basehttp "GET /api/auth/me/ HTTP/1.1" 200 249
INFO 2026-03-24 16:35:05,132 basehttp "GET /login HTTP/1.1" 200 408
INFO 2026-03-24 16:35:05,192 basehttp "GET /iie-white.png HTTP/1.1" 200 408
INFO 2026-03-24 16:35:05,198 basehttp "GET /api/auth/me/ HTTP/1.1" 200 249
INFO 2026-03-24 16:35:05,349 basehttp "GET /login HTTP/1.1" 200 408
INFO 2026-03-24 16:35:05,471 basehttp "GET /iie-white.png HTTP/1.1" 200 408
INFO 2026-03-24 16:35:05,477 basehttp "GET /api/auth/me/ HTTP/1.1" 200 249
INFO 2026-03-24 16:35:05,693 basehttp "GET /login HTTP/1.1" 200 408
INFO 2026-03-24 16:35:05,757 basehttp "GET /iie-white.png HTTP/1.1" 200 408
INFO 2026-03-24 16:35:05,763 basehttp "GET /api/auth/me/ HTTP/1.1" 200 249
INFO 2026-03-24 16:36:47,206 basehttp "GET /login HTTP/1.1" 200 408
INFO 2026-03-24 16:36:47,224 basehttp "GET /static/assets/index-13ce69c4.js HTTP/1.1" 304 0
INFO 2026-03-24 16:36:47,228 basehttp "GET /static/assets/index-55d43c08.css HTTP/1.1" 304 0
INFO 2026-03-24 16:36:47,276 basehttp "GET /iie-white.png HTTP/1.1" 200 408
INFO 2026-03-24 16:36:47,283 basehttp "GET /api/auth/me/ HTTP/1.1" 200 249
INFO 2026-03-24 16:36:48,291 basehttp "GET /login HTTP/1.1" 200 408
INFO 2026-03-24 16:36:48,358 basehttp "GET /iie-white.png HTTP/1.1" 200 408
INFO 2026-03-24 16:36:48,363 basehttp "GET /api/auth/me/ HTTP/1.1" 200 249
INFO 2026-03-24 16:36:48,452 basehttp "GET /login HTTP/1.1" 200 408
INFO 2026-03-24 16:36:48,545 basehttp "GET /iie-white.png HTTP/1.1" 200 408
INFO 2026-03-24 16:36:48,551 basehttp "GET /api/auth/me/ HTTP/1.1" 200 249
INFO 2026-03-24 16:36:48,650 basehttp "GET /login HTTP/1.1" 200 408
INFO 2026-03-24 16:36:48,737 basehttp "GET /iie-white.png HTTP/1.1" 200 408
INFO 2026-03-24 16:36:48,745 basehttp "GET /api/auth/me/ HTTP/1.1" 200 249
INFO 2026-03-24 16:36:48,876 basehttp "GET /login HTTP/1.1" 200 408
INFO 2026-03-24 16:36:49,038 basehttp "GET /iie-white.png HTTP/1.1" 200 408
INFO 2026-03-24 16:36:49,043 basehttp "GET /api/auth/me/ HTTP/1.1" 200 249
INFO 2026-03-24 16:37:07,271 basehttp "GET / HTTP/1.1" 200 408
INFO 2026-03-24 16:37:08,054 basehttp "GET /api/auth/me/ HTTP/1.1" 200 249
INFO 2026-03-24 16:37:08,093 basehttp "GET /iie-white.png HTTP/1.1" 200 408
INFO 2026-03-24 16:41:06,151 basehttp "GET / HTTP/1.1" 200 408
INFO 2026-03-24 16:41:06,215 basehttp "GET /static/assets/index-39118777.css HTTP/1.1" 200 24420
INFO 2026-03-24 16:41:06,395 basehttp "GET /static/assets/index-585cf35d.js HTTP/1.1" 200 336338
INFO 2026-03-24 16:41:07,265 basehttp "GET /api/auth/me/ HTTP/1.1" 200 249
INFO 2026-03-24 16:41:07,299 basehttp "GET /iie-white.png HTTP/1.1" 200 408
INFO 2026-03-24 16:43:49,127 basehttp "GET / HTTP/1.1" 200 408
INFO 2026-03-24 16:43:49,187 basehttp "GET /static/assets/index-39118777.css HTTP/1.1" 200 24420
INFO 2026-03-24 16:43:49,333 basehttp "GET /static/assets/index-10dd6083.js HTTP/1.1" 200 336352
INFO 2026-03-24 16:43:50,308 basehttp "GET /api/auth/me/ HTTP/1.1" 200 249
INFO 2026-03-24 16:43:50,361 basehttp "GET /static/iie-white.png HTTP/1.1" 200 453863
INFO 2026-03-24 16:45:54,587 basehttp "GET /login HTTP/1.1" 200 408
INFO 2026-03-24 16:45:54,607 basehttp "GET /static/assets/index-10dd6083.js HTTP/1.1" 304 0
INFO 2026-03-24 16:45:54,610 basehttp "GET /static/assets/index-39118777.css HTTP/1.1" 304 0
INFO 2026-03-24 16:45:54,644 basehttp "GET /api/auth/me/ HTTP/1.1" 200 249
INFO 2026-03-24 16:45:55,515 basehttp "GET /login HTTP/1.1" 200 408
INFO 2026-03-24 16:45:55,588 basehttp "GET /api/auth/me/ HTTP/1.1" 200 249
INFO 2026-03-24 16:45:55,674 basehttp "GET /login HTTP/1.1" 200 408
INFO 2026-03-24 16:45:55,744 basehttp "GET /api/auth/me/ HTTP/1.1" 200 249
INFO 2026-03-24 16:45:55,834 basehttp "GET /login HTTP/1.1" 200 408
INFO 2026-03-24 16:45:55,921 basehttp "GET /api/auth/me/ HTTP/1.1" 200 249
INFO 2026-03-24 16:45:56,015 basehttp "GET /login HTTP/1.1" 200 408
INFO 2026-03-24 16:45:56,161 basehttp "GET /api/auth/me/ HTTP/1.1" 200 249
INFO 2026-03-24 16:45:56,407 basehttp "GET /login HTTP/1.1" 200 408
INFO 2026-03-24 16:45:56,470 basehttp "GET /api/auth/me/ HTTP/1.1" 200 249
INFO 2026-03-24 16:47:27,698 autoreload Watching for file changes with StatReloader
INFO 2026-03-24 16:47:35,042 basehttp "GET / HTTP/1.1" 200 408
INFO 2026-03-24 16:47:35,115 basehttp "GET /static/assets/index-10dd6083.js HTTP/1.1" 304 0
INFO 2026-03-24 16:47:35,117 basehttp "GET /static/assets/index-39118777.css HTTP/1.1" 304 0
INFO 2026-03-24 16:47:35,960 basehttp "GET /api/auth/me/ HTTP/1.1" 200 249
INFO 2026-03-24 16:47:40,908 basehttp "GET /login HTTP/1.1" 200 408
INFO 2026-03-24 16:47:40,957 basehttp "GET /api/auth/me/ HTTP/1.1" 200 249
INFO 2026-03-24 16:47:41,749 basehttp "GET /login HTTP/1.1" 200 408
INFO 2026-03-24 16:47:41,798 basehttp "GET /api/auth/me/ HTTP/1.1" 200 249
INFO 2026-03-24 16:47:41,916 basehttp "GET /login HTTP/1.1" 200 408
INFO 2026-03-24 16:47:42,022 basehttp "GET /api/auth/me/ HTTP/1.1" 200 249
INFO 2026-03-24 16:47:42,079 basehttp "GET /login HTTP/1.1" 200 408
INFO 2026-03-24 16:47:42,203 basehttp "GET /api/auth/me/ HTTP/1.1" 200 249
INFO 2026-03-24 16:47:42,307 basehttp "GET /login HTTP/1.1" 200 408
INFO 2026-03-24 16:47:42,443 basehttp "GET /api/auth/me/ HTTP/1.1" 200 249
INFO 2026-03-24 16:47:43,140 basehttp "GET /login HTTP/1.1" 200 408
INFO 2026-03-24 16:47:43,199 basehttp "GET /api/auth/me/ HTTP/1.1" 200 249
INFO 2026-03-24 16:47:43,732 basehttp "GET /login HTTP/1.1" 200 408
INFO 2026-03-24 16:47:43,783 basehttp "GET /api/auth/me/ HTTP/1.1" 200 249
INFO 2026-03-24 16:47:43,928 basehttp "GET /login HTTP/1.1" 200 408
INFO 2026-03-24 16:47:44,002 basehttp "GET /api/auth/me/ HTTP/1.1" 200 249
INFO 2026-03-24 16:47:44,120 basehttp "GET /login HTTP/1.1" 200 408
INFO 2026-03-24 16:47:44,270 basehttp "GET /api/auth/me/ HTTP/1.1" 200 249
INFO 2026-03-24 16:47:44,344 basehttp "GET /login HTTP/1.1" 200 408
INFO 2026-03-24 16:47:44,465 basehttp "GET /api/auth/me/ HTTP/1.1" 200 249
INFO 2026-03-24 16:48:39,910 basehttp "GET /login HTTP/1.1" 200 408
INFO 2026-03-24 16:48:39,958 basehttp "GET /static/assets/index-f857da04.css HTTP/1.1" 200 24497
INFO 2026-03-24 16:48:40,089 basehttp "GET /static/assets/index-debbb4f2.js HTTP/1.1" 200 336131
INFO 2026-03-24 16:48:40,235 basehttp "GET /api/auth/me/ HTTP/1.1" 200 249
INFO 2026-03-24 16:48:41,212 basehttp "GET /login HTTP/1.1" 200 408
INFO 2026-03-24 16:48:41,240 basehttp "GET /static/assets/index-f857da04.css HTTP/1.1" 304 0
INFO 2026-03-24 16:48:41,279 basehttp "GET /api/auth/me/ HTTP/1.1" 200 249
INFO 2026-03-24 16:48:42,816 basehttp "GET /login HTTP/1.1" 200 408
INFO 2026-03-24 16:48:42,835 basehttp "GET /static/assets/index-debbb4f2.js HTTP/1.1" 304 0
INFO 2026-03-24 16:48:42,871 basehttp "GET /api/auth/me/ HTTP/1.1" 200 249
INFO 2026-03-24 16:48:43,041 basehttp "GET /login HTTP/1.1" 200 408
INFO 2026-03-24 16:48:43,064 basehttp "GET /static/assets/index-f857da04.css HTTP/1.1" 304 0
INFO 2026-03-24 16:48:43,106 basehttp "GET /api/auth/me/ HTTP/1.1" 200 249
INFO 2026-03-24 16:49:33,524 basehttp "GET /login HTTP/1.1" 200 408
INFO 2026-03-24 16:49:33,539 basehttp "GET /static/assets/index-debbb4f2.js HTTP/1.1" 304 0
INFO 2026-03-24 16:49:33,542 basehttp "GET /static/assets/index-f857da04.css HTTP/1.1" 304 0
INFO 2026-03-24 16:49:33,571 basehttp "GET /api/auth/me/ HTTP/1.1" 200 249
INFO 2026-03-24 16:49:34,557 basehttp "GET /login HTTP/1.1" 200 408
INFO 2026-03-24 16:49:34,603 basehttp "GET /api/auth/me/ HTTP/1.1" 200 249
INFO 2026-03-24 16:49:34,729 basehttp "GET /login HTTP/1.1" 200 408
INFO 2026-03-24 16:49:34,789 basehttp "GET /api/auth/me/ HTTP/1.1" 200 249
INFO 2026-03-24 16:49:34,888 basehttp "GET /login HTTP/1.1" 200 408
INFO 2026-03-24 16:49:34,983 basehttp "GET /api/auth/me/ HTTP/1.1" 200 249
INFO 2026-03-24 16:49:35,082 basehttp "GET /login HTTP/1.1" 200 408
INFO 2026-03-24 16:49:35,209 basehttp "GET /api/auth/me/ HTTP/1.1" 200 249
INFO 2026-03-24 16:49:35,312 basehttp "GET /login HTTP/1.1" 200 408
INFO 2026-03-24 16:49:35,462 basehttp "GET /api/auth/me/ HTTP/1.1" 200 249
INFO 2026-03-24 16:49:35,688 basehttp "GET /login HTTP/1.1" 200 408
INFO 2026-03-24 16:49:35,770 basehttp "GET /api/auth/me/ HTTP/1.1" 200 249
INFO 2026-03-24 16:49:36,613 basehttp "GET /login HTTP/1.1" 200 408
INFO 2026-03-24 16:49:36,691 basehttp "GET /api/auth/me/ HTTP/1.1" 200 249
INFO 2026-03-24 16:52:41,807 autoreload Watching for file changes with StatReloader
INFO 2026-03-24 16:52:44,318 basehttp "GET /login HTTP/1.1" 200 408
INFO 2026-03-24 16:52:44,340 basehttp "GET /static/assets/index-debbb4f2.js HTTP/1.1" 304 0
INFO 2026-03-24 16:52:44,364 basehttp "GET /static/assets/index-f857da04.css HTTP/1.1" 304 0
INFO 2026-03-24 16:52:44,479 basehttp "GET /api/auth/me/ HTTP/1.1" 200 249
INFO 2026-03-24 16:52:49,889 basehttp "GET / HTTP/1.1" 200 408
INFO 2026-03-24 16:52:50,417 basehttp "GET /api/auth/me/ HTTP/1.1" 200 249
INFO 2026-03-24 16:53:18,058 basehttp "POST /api/auth/login/ HTTP/1.1" 200 866
INFO 2026-03-24 16:53:18,152 basehttp "GET /api/dashboard/summary/ HTTP/1.1" 200 210
INFO 2026-03-24 16:53:40,515 basehttp "GET / HTTP/1.1" 200 408
INFO 2026-03-24 16:53:40,540 basehttp "GET /static/assets/index-f857da04.css HTTP/1.1" 200 24497
INFO 2026-03-24 16:53:40,544 basehttp "GET /static/assets/index-debbb4f2.js HTTP/1.1" 200 336131
INFO 2026-03-24 16:53:40,622 basehttp "GET /api/auth/me/ HTTP/1.1" 200 270
INFO 2026-03-24 16:53:40,666 basehttp "GET /static/iie-white.png HTTP/1.1" 200 453863
INFO 2026-03-24 16:53:41,612 basehttp "GET /favicon.ico HTTP/1.1" 200 408
INFO 2026-03-24 16:54:00,555 basehttp "POST /api/auth/login/ HTTP/1.1" 200 857
INFO 2026-03-24 16:54:00,599 basehttp "GET /favicon.ico HTTP/1.1" 200 408
INFO 2026-03-24 16:54:00,619 basehttp "GET /api/dashboard/summary/ HTTP/1.1" 200 204
INFO 2026-03-24 16:54:09,896 basehttp "GET /favicon.ico HTTP/1.1" 200 408
INFO 2026-03-24 16:54:09,942 basehttp "GET /api/walkins/ HTTP/1.1" 200 52
INFO 2026-03-24 16:54:14,941 basehttp "GET /favicon.ico HTTP/1.1" 200 408
INFO 2026-03-24 16:54:14,955 basehttp "GET /api/dashboard/summary/ HTTP/1.1" 200 204
INFO 2026-03-24 17:00:35,690 autoreload C:\Users\Welcome\Desktop\CRM\March 24\files\serializers.py changed, reloading.
INFO 2026-03-24 17:00:35,807 autoreload C:\Users\Welcome\Desktop\CRM\March 24\files\serializers.py changed, reloading.
INFO 2026-03-24 17:00:36,038 autoreload C:\Users\Welcome\Desktop\CRM\March 24\files\serializers.py changed, reloading.
INFO 2026-03-24 17:00:36,679 autoreload C:\Users\Welcome\Desktop\CRM\March 24\files\serializers.py changed, reloading.
INFO 2026-03-24 17:00:42,327 autoreload Watching for file changes with StatReloader
INFO 2026-03-24 17:00:42,328 autoreload Watching for file changes with StatReloader
INFO 2026-03-24 17:00:42,328 autoreload Watching for file changes with StatReloader
INFO 2026-03-24 17:00:42,344 autoreload Watching for file changes with StatReloader
INFO 2026-03-24 17:02:48,532 autoreload C:\Users\Welcome\Desktop\CRM\March 24\files\views.py changed, reloading.
INFO 2026-03-24 17:02:48,638 autoreload C:\Users\Welcome\Desktop\CRM\March 24\files\views.py changed, reloading.
INFO 2026-03-24 17:02:49,049 autoreload C:\Users\Welcome\Desktop\CRM\March 24\files\views.py changed, reloading.
INFO 2026-03-24 17:02:49,306 autoreload C:\Users\Welcome\Desktop\CRM\March 24\files\views.py changed, reloading.
INFO 2026-03-24 17:02:51,349 autoreload Watching for file changes with StatReloader
INFO 2026-03-24 17:02:51,600 autoreload Watching for file changes with StatReloader
INFO 2026-03-24 17:02:51,994 autoreload Watching for file changes with StatReloader
INFO 2026-03-24 17:02:52,291 autoreload Watching for file changes with StatReloader
INFO 2026-03-24 17:04:38,235 basehttp "GET /favicon.ico HTTP/1.1" 200 408
INFO 2026-03-24 17:04:38,347 basehttp "GET /api/leads/ HTTP/1.1" 200 324
INFO 2026-03-24 17:04:40,136 basehttp "GET /favicon.ico HTTP/1.1" 200 408
INFO 2026-03-24 17:04:40,154 basehttp "GET /api/leads/1/ HTTP/1.1" 200 434
INFO 2026-03-24 17:04:45,882 basehttp "GET /favicon.ico HTTP/1.1" 200 408
INFO 2026-03-24 17:04:45,897 basehttp "GET /api/walkins/ HTTP/1.1" 200 52
INFO 2026-03-24 17:04:47,388 basehttp "GET /favicon.ico HTTP/1.1" 200 408
INFO 2026-03-24 17:04:47,447 basehttp "GET /api/courses/ HTTP/1.1" 200 674
INFO 2026-03-24 17:04:57,074 basehttp "GET /favicon.ico HTTP/1.1" 200 408
INFO 2026-03-24 17:04:57,109 basehttp "GET /api/dashboard/summary/ HTTP/1.1" 200 204
INFO 2026-03-24 17:08:27,285 autoreload C:\Users\Welcome\Desktop\CRM\March 24\files\views.py changed, reloading.
INFO 2026-03-24 17:08:27,627 autoreload C:\Users\Welcome\Desktop\CRM\March 24\files\views.py changed, reloading.
INFO 2026-03-24 17:08:27,915 autoreload C:\Users\Welcome\Desktop\CRM\March 24\files\views.py changed, reloading.
INFO 2026-03-24 17:08:28,204 autoreload C:\Users\Welcome\Desktop\CRM\March 24\files\views.py changed, reloading.
INFO 2026-03-24 17:08:30,509 autoreload Watching for file changes with StatReloader
INFO 2026-03-24 17:08:30,647 autoreload Watching for file changes with StatReloader
INFO 2026-03-24 17:08:31,013 autoreload Watching for file changes with StatReloader
INFO 2026-03-24 17:08:31,495 autoreload Watching for file changes with StatReloader
ERROR 2026-03-24 17:08:45,825 log Internal Server Error: /api/public/walkin/
Traceback (most recent call last):
  File "C:\Users\Welcome\Desktop\CRM\March 24\files\.venv\lib\site-packages\django\core\handlers\exception.py", line 55, in inner
    response = get_response(request)
  File "C:\Users\Welcome\Desktop\CRM\March 24\files\.venv\lib\site-packages\django\core\handlers\base.py", line 197, in _get_response
    response = wrapped_callback(request, *callback_args, **callback_kwargs)
  File "C:\Users\Welcome\Desktop\CRM\March 24\files\.venv\lib\site-packages\django\views\decorators\csrf.py", line 56, in wrapper_view
    return view_func(*args, **kwargs)
  File "C:\Users\Welcome\Desktop\CRM\March 24\files\.venv\lib\site-packages\django\views\generic\base.py", line 104, in view
    return self.dispatch(request, *args, **kwargs)
  File "C:\Users\Welcome\Desktop\CRM\March 24\files\.venv\lib\site-packages\rest_framework\views.py", line 509, in dispatch
    response = self.handle_exception(exc)
  File "C:\Users\Welcome\Desktop\CRM\March 24\files\.venv\lib\site-packages\rest_framework\views.py", line 469, in handle_exception
    self.raise_uncaught_exception(exc)
  File "C:\Users\Welcome\Desktop\CRM\March 24\files\.venv\lib\site-packages\rest_framework\views.py", line 480, in raise_uncaught_exception
    raise exc
  File "C:\Users\Welcome\Desktop\CRM\March 24\files\.venv\lib\site-packages\rest_framework\views.py", line 506, in dispatch
    response = handler(request, *args, **kwargs)
  File "C:\Users\Welcome\Desktop\CRM\March 24\files\views.py", line 377, in post
    serializer.is_valid(raise_exception=True)
  File "C:\Users\Welcome\Desktop\CRM\March 24\files\.venv\lib\site-packages\rest_framework\serializers.py", line 227, in is_valid
    self._validated_data = self.run_validation(self.initial_data)
  File "C:\Users\Welcome\Desktop\CRM\March 24\files\.venv\lib\site-packages\rest_framework\serializers.py", line 426, in run_validation
    value = self.to_internal_value(data)
  File "C:\Users\Welcome\Desktop\CRM\March 24\files\.venv\lib\site-packages\rest_framework\serializers.py", line 479, in to_internal_value
    for field in fields:
  File "C:\Users\Welcome\Desktop\CRM\March 24\files\.venv\lib\site-packages\rest_framework\serializers.py", line 362, in _writable_fields
    for field in self.fields.values():
  File "C:\Users\Welcome\Desktop\CRM\March 24\files\.venv\lib\site-packages\django\utils\functional.py", line 57, in __get__
    res = instance.__dict__[self.name] = self.func(instance)
  File "C:\Users\Welcome\Desktop\CRM\March 24\files\.venv\lib\site-packages\rest_framework\serializers.py", line 356, in fields
    for key, value in self.get_fields().items():
  File "C:\Users\Welcome\Desktop\CRM\March 24\files\.venv\lib\site-packages\rest_framework\serializers.py", line 1076, in get_fields
    field_class, field_kwargs = self.build_field(
  File "C:\Users\Welcome\Desktop\CRM\March 24\files\.venv\lib\site-packages\rest_framework\serializers.py", line 1222, in build_field
    return self.build_unknown_field(field_name, model_class)
  File "C:\Users\Welcome\Desktop\CRM\March 24\files\.venv\lib\site-packages\rest_framework\serializers.py", line 1340, in build_unknown_field
    raise ImproperlyConfigured(
django.core.exceptions.ImproperlyConfigured: Field name `preferred_timing` is not valid for model `WalkIn`.
INFO 2026-03-24 17:09:11,587 autoreload C:\Users\Welcome\Desktop\CRM\March 24\files\crm\models.py changed, reloading.
INFO 2026-03-24 17:09:11,772 autoreload C:\Users\Welcome\Desktop\CRM\March 24\files\crm\models.py changed, reloading.
INFO 2026-03-24 17:09:11,827 autoreload C:\Users\Welcome\Desktop\CRM\March 24\files\crm\models.py changed, reloading.
INFO 2026-03-24 17:09:12,401 autoreload C:\Users\Welcome\Desktop\CRM\March 24\files\crm\models.py changed, reloading.
INFO 2026-03-24 17:09:15,951 autoreload Watching for file changes with StatReloader
INFO 2026-03-24 17:09:16,156 autoreload Watching for file changes with StatReloader
INFO 2026-03-24 17:09:16,268 autoreload Watching for file changes with StatReloader
INFO 2026-03-24 17:09:17,079 autoreload Watching for file changes with StatReloader
INFO 2026-03-24 17:09:48,909 basehttp "GET /dashboard HTTP/1.1" 200 408
INFO 2026-03-24 17:09:49,069 basehttp "GET /static/assets/index-4c392b35.css HTTP/1.1" 200 24541
INFO 2026-03-24 17:09:49,075 basehttp "GET /static/assets/index-8fb6ba94.js HTTP/1.1" 200 342492
INFO 2026-03-24 17:09:49,913 basehttp "GET /api/auth/me/ HTTP/1.1" 200 249
INFO 2026-03-24 17:09:50,015 basehttp "GET /api/dashboard/summary/ HTTP/1.1" 200 210
INFO 2026-03-24 17:10:53,473 basehttp "POST /api/auth/logout/ HTTP/1.1" 200 37
INFO 2026-03-24 17:10:55,500 basehttp "GET /login HTTP/1.1" 200 408
INFO 2026-03-24 17:10:55,531 basehttp "GET /static/assets/index-4c392b35.css HTTP/1.1" 304 0
INFO 2026-03-24 17:10:55,531 basehttp "GET /static/assets/index-8fb6ba94.js HTTP/1.1" 304 0
INFO 2026-03-24 17:10:56,141 basehttp "GET /login HTTP/1.1" 200 408
INFO 2026-03-24 17:10:56,360 basehttp "GET /login HTTP/1.1" 200 408
INFO 2026-03-24 17:11:00,599 autoreload C:\Users\Welcome\Desktop\CRM\March 24\files\views.py changed, reloading.
INFO 2026-03-24 17:11:00,622 autoreload C:\Users\Welcome\Desktop\CRM\March 24\files\views.py changed, reloading.
INFO 2026-03-24 17:11:01,267 autoreload C:\Users\Welcome\Desktop\CRM\March 24\files\views.py changed, reloading.
INFO 2026-03-24 17:11:01,613 autoreload C:\Users\Welcome\Desktop\CRM\March 24\files\views.py changed, reloading.
INFO 2026-03-24 17:11:04,639 autoreload Watching for file changes with StatReloader
INFO 2026-03-24 17:11:04,666 autoreload Watching for file changes with StatReloader
INFO 2026-03-24 17:11:05,285 autoreload Watching for file changes with StatReloader
INFO 2026-03-24 17:11:05,507 autoreload Watching for file changes with StatReloader
INFO 2026-03-24 17:11:10,786 autoreload Watching for file changes with StatReloader
INFO 2026-03-24 17:11:13,611 basehttp "GET / HTTP/1.1" 200 408
INFO 2026-03-24 17:11:36,507 basehttp "GET / HTTP/1.1" 200 408
INFO 2026-03-24 17:11:36,633 basehttp "GET /static/assets/index-4c392b35.css HTTP/1.1" 200 24541
INFO 2026-03-24 17:11:36,637 basehttp "GET /static/assets/index-8fb6ba94.js HTTP/1.1" 200 342492
INFO 2026-03-24 17:11:36,750 basehttp "GET /api/auth/me/ HTTP/1.1" 200 270
INFO 2026-03-24 17:11:37,274 basehttp "GET /favicon.ico HTTP/1.1" 200 408
INFO 2026-03-24 17:11:47,213 basehttp "POST /api/auth/login/ HTTP/1.1" 200 866
INFO 2026-03-24 17:11:47,299 basehttp "GET /api/dashboard/summary/ HTTP/1.1" 200 210
INFO 2026-03-24 17:11:53,557 basehttp "GET /api/leads/ HTTP/1.1" 200 613
INFO 2026-03-24 17:11:58,311 basehttp "GET /api/walkins/ HTTP/1.1" 200 1333
INFO 2026-03-24 17:12:00,934 basehttp "GET /api/enrollments/ HTTP/1.1" 200 550
INFO 2026-03-24 17:12:01,808 basehttp "GET /api/payments/ HTTP/1.1" 200 537
INFO 2026-03-24 17:12:03,537 basehttp "GET /api/courses/ HTTP/1.1" 200 674
INFO 2026-03-24 17:12:05,112 basehttp "GET /api/payments/ HTTP/1.1" 200 537
INFO 2026-03-24 17:12:07,185 basehttp "GET /api/courses/ HTTP/1.1" 200 674
INFO 2026-03-24 17:12:17,023 basehttp "PATCH /api/courses/2/ HTTP/1.1" 200 310
INFO 2026-03-24 17:12:17,044 basehttp "GET /api/courses/ HTTP/1.1" 200 675
INFO 2026-03-24 17:12:18,310 basehttp "GET /api/users/ HTTP/1.1" 200 807
INFO 2026-03-24 17:12:18,316 basehttp "GET /api/branches/ HTTP/1.1" 200 955
INFO 2026-03-24 17:12:23,798 basehttp "GET /api/user-targets/ HTTP/1.1" 200 290
INFO 2026-03-24 17:12:23,803 basehttp "GET /api/users/ HTTP/1.1" 200 807
INFO 2026-03-24 17:12:30,697 basehttp "GET /api/branches/ HTTP/1.1" 200 955
INFO 2026-03-24 17:12:41,954 basehttp "GET /api/branches/ HTTP/1.1" 200 955
INFO 2026-03-24 17:12:41,954 basehttp "GET /api/users/ HTTP/1.1" 200 807
INFO 2026-03-24 17:12:46,021 basehttp "GET /api/reports/user-performance/?month=2026-03 HTTP/1.1" 200 447
INFO 2026-03-24 17:13:03,545 basehttp "POST /api/auth/login/ HTTP/1.1" 200 857
INFO 2026-03-24 17:13:03,598 basehttp "GET /favicon.ico HTTP/1.1" 200 408
INFO 2026-03-24 17:13:03,625 basehttp "GET /api/dashboard/summary/ HTTP/1.1" 200 204
INFO 2026-03-24 17:13:12,662 basehttp "GET /favicon.ico HTTP/1.1" 200 408
INFO 2026-03-24 17:13:12,678 basehttp "GET /api/leads/ HTTP/1.1" 200 324
INFO 2026-03-24 17:13:15,132 basehttp "GET /favicon.ico HTTP/1.1" 200 408
INFO 2026-03-24 17:13:15,144 basehttp "GET /api/walkins/ HTTP/1.1" 200 52
INFO 2026-03-24 17:13:16,701 basehttp "GET /favicon.ico HTTP/1.1" 200 408
INFO 2026-03-24 17:13:16,718 basehttp "GET /api/leads/ HTTP/1.1" 200 324
INFO 2026-03-24 17:13:17,733 basehttp "GET /favicon.ico HTTP/1.1" 200 408
INFO 2026-03-24 17:13:17,747 basehttp "GET /api/leads/1/ HTTP/1.1" 200 434
ERROR 2026-03-24 17:13:21,401 log Internal Server Error: /api/leads/1/convert-to-walkin/
Traceback (most recent call last):
  File "C:\Users\Welcome\AppData\Local\Programs\Python\Python312\Lib\site-packages\django\core\handlers\exception.py", line 55, in inner
    response = get_response(request)
               ^^^^^^^^^^^^^^^^^^^^^
  File "C:\Users\Welcome\AppData\Local\Programs\Python\Python312\Lib\site-packages\django\core\handlers\base.py", line 197, in _get_response
    response = wrapped_callback(request, *callback_args, **callback_kwargs)
               ^^^^^^^^^^^^^^^^^^^^^^^^^^^^^^^^^^^^^^^^^^^^^^^^^^^^^^^^^^^^
  File "C:\Users\Welcome\AppData\Local\Programs\Python\Python312\Lib\site-packages\django\views\decorators\csrf.py", line 56, in wrapper_view
    return view_func(*args, **kwargs)
           ^^^^^^^^^^^^^^^^^^^^^^^^^^
  File "C:\Users\Welcome\AppData\Local\Programs\Python\Python312\Lib\site-packages\rest_framework\viewsets.py", line 124, in view
    return self.dispatch(request, *args, **kwargs)
           ^^^^^^^^^^^^^^^^^^^^^^^^^^^^^^^^^^^^^^^
  File "C:\Users\Welcome\AppData\Local\Programs\Python\Python312\Lib\site-packages\rest_framework\views.py", line 509, in dispatch
    response = self.handle_exception(exc)
               ^^^^^^^^^^^^^^^^^^^^^^^^^^
  File "C:\Users\Welcome\AppData\Local\Programs\Python\Python312\Lib\site-packages\rest_framework\views.py", line 469, in handle_exception
    self.raise_uncaught_exception(exc)
  File "C:\Users\Welcome\AppData\Local\Programs\Python\Python312\Lib\site-packages\rest_framework\views.py", line 480, in raise_uncaught_exception
    raise exc
  File "C:\Users\Welcome\AppData\Local\Programs\Python\Python312\Lib\site-packages\rest_framework\views.py", line 506, in dispatch
    response = handler(request, *args, **kwargs)
               ^^^^^^^^^^^^^^^^^^^^^^^^^^^^^^^^^
  File "C:\Users\Welcome\Desktop\CRM\March 24\files\views.py", line 277, in convert_to_walkin
    return Response(WalkInDetailSerializer(walkin).data, status=201)
                    ^^^^^^^^^^^^^^^^^^^^^^^^^^^^^^^^^^^
  File "C:\Users\Welcome\AppData\Local\Programs\Python\Python312\Lib\site-packages\rest_framework\serializers.py", line 571, in data
    ret = super().data
          ^^^^^^^^^^^^
  File "C:\Users\Welcome\AppData\Local\Programs\Python\Python312\Lib\site-packages\rest_framework\serializers.py", line 249, in data
    self._data = self.to_representation(self.instance)
                 ^^^^^^^^^^^^^^^^^^^^^^^^^^^^^^^^^^^^^
  File "C:\Users\Welcome\AppData\Local\Programs\Python\Python312\Lib\site-packages\rest_framework\serializers.py", line 538, in to_representation
    ret[field.field_name] = field.to_representation(attribute)
                            ^^^^^^^^^^^^^^^^^^^^^^^^^^^^^^^^^^
  File "C:\Users\Welcome\AppData\Local\Programs\Python\Python312\Lib\site-packages\rest_framework\fields.py", line 1274, in to_representation
    assert not isinstance(value, datetime.datetime), (
           ^^^^^^^^^^^^^^^^^^^^^^^^^^^^^^^^^^^^^^^^
AssertionError: Expected a `date`, but got a `datetime`. Refusing to coerce, as this may mean losing timezone information. Use a custom read-only field and deal with timezone issues explicitly.
ERROR 2026-03-24 17:13:21,421 basehttp "POST /api/leads/1/convert-to-walkin/ HTTP/1.1" 500 132806
ERROR 2026-03-24 17:13:24,100 log Internal Server Error: /api/leads/1/convert-to-walkin/
Traceback (most recent call last):
  File "C:\Users\Welcome\AppData\Local\Programs\Python\Python312\Lib\site-packages\django\db\backends\utils.py", line 89, in _execute
    return self.cursor.execute(sql, params)
           ^^^^^^^^^^^^^^^^^^^^^^^^^^^^^^^^
  File "C:\Users\Welcome\AppData\Local\Programs\Python\Python312\Lib\site-packages\django\db\backends\sqlite3\base.py", line 328, in execute
    return super().execute(query, params)
           ^^^^^^^^^^^^^^^^^^^^^^^^^^^^^^
sqlite3.IntegrityError: UNIQUE constraint failed: walkins.lead_id

The above exception was the direct cause of the following exception:

Traceback (most recent call last):
  File "C:\Users\Welcome\AppData\Local\Programs\Python\Python312\Lib\site-packages\django\core\handlers\exception.py", line 55, in inner
    response = get_response(request)
               ^^^^^^^^^^^^^^^^^^^^^
  File "C:\Users\Welcome\AppData\Local\Programs\Python\Python312\Lib\site-packages\django\core\handlers\base.py", line 197, in _get_response
    response = wrapped_callback(request, *callback_args, **callback_kwargs)
               ^^^^^^^^^^^^^^^^^^^^^^^^^^^^^^^^^^^^^^^^^^^^^^^^^^^^^^^^^^^^
  File "C:\Users\Welcome\AppData\Local\Programs\Python\Python312\Lib\site-packages\django\views\decorators\csrf.py", line 56, in wrapper_view
    return view_func(*args, **kwargs)
           ^^^^^^^^^^^^^^^^^^^^^^^^^^
  File "C:\Users\Welcome\AppData\Local\Programs\Python\Python312\Lib\site-packages\rest_framework\viewsets.py", line 124, in view
    return self.dispatch(request, *args, **kwargs)
           ^^^^^^^^^^^^^^^^^^^^^^^^^^^^^^^^^^^^^^^
  File "C:\Users\Welcome\AppData\Local\Programs\Python\Python312\Lib\site-packages\rest_framework\views.py", line 509, in dispatch
    response = self.handle_exception(exc)
               ^^^^^^^^^^^^^^^^^^^^^^^^^^
  File "C:\Users\Welcome\AppData\Local\Programs\Python\Python312\Lib\site-packages\rest_framework\views.py", line 469, in handle_exception
    self.raise_uncaught_exception(exc)
  File "C:\Users\Welcome\AppData\Local\Programs\Python\Python312\Lib\site-packages\rest_framework\views.py", line 480, in raise_uncaught_exception
    raise exc
  File "C:\Users\Welcome\AppData\Local\Programs\Python\Python312\Lib\site-packages\rest_framework\views.py", line 506, in dispatch
    response = handler(request, *args, **kwargs)
               ^^^^^^^^^^^^^^^^^^^^^^^^^^^^^^^^^
  File "C:\Users\Welcome\Desktop\CRM\March 24\files\views.py", line 270, in convert_to_walkin
    walkin = WalkIn.objects.create(
             ^^^^^^^^^^^^^^^^^^^^^^
  File "C:\Users\Welcome\AppData\Local\Programs\Python\Python312\Lib\site-packages\django\db\models\manager.py", line 87, in manager_method
    return getattr(self.get_queryset(), name)(*args, **kwargs)
           ^^^^^^^^^^^^^^^^^^^^^^^^^^^^^^^^^^^^^^^^^^^^^^^^^^^
  File "C:\Users\Welcome\AppData\Local\Programs\Python\Python312\Lib\site-packages\django\db\models\query.py", line 658, in create
    obj.save(force_insert=True, using=self.db)
  File "C:\Users\Welcome\Desktop\CRM\March 24\files\crm\models.py", line 278, in save
    super().save(*args, **kwargs)
  File "C:\Users\Welcome\AppData\Local\Programs\Python\Python312\Lib\site-packages\django\db\models\base.py", line 814, in save
    self.save_base(
  File "C:\Users\Welcome\AppData\Local\Programs\Python\Python312\Lib\site-packages\django\db\models\base.py", line 877, in save_base
    updated = self._save_table(
              ^^^^^^^^^^^^^^^^^
  File "C:\Users\Welcome\AppData\Local\Programs\Python\Python312\Lib\site-packages\django\db\models\base.py", line 1020, in _save_table
    results = self._do_insert(
              ^^^^^^^^^^^^^^^^
  File "C:\Users\Welcome\AppData\Local\Programs\Python\Python312\Lib\site-packages\django\db\models\base.py", line 1061, in _do_insert
    return manager._insert(
           ^^^^^^^^^^^^^^^^
  File "C:\Users\Welcome\AppData\Local\Programs\Python\Python312\Lib\site-packages\django\db\models\manager.py", line 87, in manager_method
    return getattr(self.get_queryset(), name)(*args, **kwargs)
           ^^^^^^^^^^^^^^^^^^^^^^^^^^^^^^^^^^^^^^^^^^^^^^^^^^^
  File "C:\Users\Welcome\AppData\Local\Programs\Python\Python312\Lib\site-packages\django\db\models\query.py", line 1805, in _insert
    return query.get_compiler(using=using).execute_sql(returning_fields)
           ^^^^^^^^^^^^^^^^^^^^^^^^^^^^^^^^^^^^^^^^^^^^^^^^^^^^^^^^^^^^^
  File "C:\Users\Welcome\AppData\Local\Programs\Python\Python312\Lib\site-packages\django\db\models\sql\compiler.py", line 1822, in execute_sql
    cursor.execute(sql, params)
  File "C:\Users\Welcome\AppData\Local\Programs\Python\Python312\Lib\site-packages\django\db\backends\utils.py", line 102, in execute
    return super().execute(sql, params)
           ^^^^^^^^^^^^^^^^^^^^^^^^^^^^
  File "C:\Users\Welcome\AppData\Local\Programs\Python\Python312\Lib\site-packages\django\db\backends\utils.py", line 67, in execute
    return self._execute_with_wrappers(
           ^^^^^^^^^^^^^^^^^^^^^^^^^^^^
  File "C:\Users\Welcome\AppData\Local\Programs\Python\Python312\Lib\site-packages\django\db\backends\utils.py", line 80, in _execute_with_wrappers
    return executor(sql, params, many, context)
           ^^^^^^^^^^^^^^^^^^^^^^^^^^^^^^^^^^^^
  File "C:\Users\Welcome\AppData\Local\Programs\Python\Python312\Lib\site-packages\django\db\backends\utils.py", line 84, in _execute
    with self.db.wrap_database_errors:
         ^^^^^^^^^^^^^^^^^^^^^^^^^^^^
  File "C:\Users\Welcome\AppData\Local\Programs\Python\Python312\Lib\site-packages\django\db\utils.py", line 91, in __exit__
    raise dj_exc_value.with_traceback(traceback) from exc_value
  File "C:\Users\Welcome\AppData\Local\Programs\Python\Python312\Lib\site-packages\django\db\backends\utils.py", line 89, in _execute
    return self.cursor.execute(sql, params)
           ^^^^^^^^^^^^^^^^^^^^^^^^^^^^^^^^
  File "C:\Users\Welcome\AppData\Local\Programs\Python\Python312\Lib\site-packages\django\db\backends\sqlite3\base.py", line 328, in execute
    return super().execute(query, params)
           ^^^^^^^^^^^^^^^^^^^^^^^^^^^^^^
django.db.utils.IntegrityError: UNIQUE constraint failed: walkins.lead_id
ERROR 2026-03-24 17:13:24,115 basehttp "POST /api/leads/1/convert-to-walkin/ HTTP/1.1" 500 214021
INFO 2026-03-24 17:13:29,405 basehttp "GET /favicon.ico HTTP/1.1" 200 408
INFO 2026-03-24 17:13:29,417 basehttp "GET /api/enrollments/ HTTP/1.1" 200 52
INFO 2026-03-24 17:13:31,336 basehttp "GET /favicon.ico HTTP/1.1" 200 408
INFO 2026-03-24 17:13:31,354 basehttp "GET /api/walkins/ HTTP/1.1" 200 364
INFO 2026-03-24 17:13:33,134 basehttp "GET /favicon.ico HTTP/1.1" 200 408
INFO 2026-03-24 17:13:33,165 basehttp "GET /api/walkins/5/ HTTP/1.1" 200 615
INFO 2026-03-24 17:13:33,167 basehttp "GET /api/courses/ HTTP/1.1" 200 675
INFO 2026-03-24 17:14:03,686 basehttp "POST /api/walkins/5/convert-to-enrollment/ HTTP/1.1" 201 745
INFO 2026-03-24 17:14:03,697 basehttp "GET /favicon.ico HTTP/1.1" 200 408
INFO 2026-03-24 17:14:03,717 basehttp "GET /api/enrollments/3/ HTTP/1.1" 200 745
INFO 2026-03-24 17:14:09,148 basehttp "GET /favicon.ico HTTP/1.1" 200 408
INFO 2026-03-24 17:14:09,160 basehttp "GET /api/payments/ HTTP/1.1" 200 286
INFO 2026-03-24 17:14:10,521 basehttp "GET /favicon.ico HTTP/1.1" 200 408
INFO 2026-03-24 17:14:10,546 basehttp "GET /api/dashboard/summary/ HTTP/1.1" 200 210
INFO 2026-03-24 17:14:20,802 basehttp "GET /api/dashboard/summary/ HTTP/1.1" 200 210
INFO 2026-03-24 17:14:29,958 basehttp "GET /api/enrollments/ HTTP/1.1" 200 803
INFO 2026-03-24 17:14:32,149 basehttp "GET /api/walkins/ HTTP/1.1" 200 1652
INFO 2026-03-24 17:14:35,428 basehttp "GET /api/payments/ HTTP/1.1" 200 772
INFO 2026-03-24 17:14:37,276 basehttp "GET /api/payments/3/ HTTP/1.1" 200 234
INFO 2026-03-24 17:14:46,147 basehttp "GET /favicon.ico HTTP/1.1" 200 408
INFO 2026-03-24 17:14:46,162 basehttp "GET /api/payments/ HTTP/1.1" 200 286
INFO 2026-03-24 17:14:47,224 basehttp "GET /favicon.ico HTTP/1.1" 200 408
INFO 2026-03-24 17:14:47,242 basehttp "GET /api/payments/3/ HTTP/1.1" 200 234
INFO 2026-03-24 17:15:05,156 basehttp "POST /api/installments/ HTTP/1.1" 201 239
INFO 2026-03-24 17:15:05,183 basehttp "GET /api/payments/3/ HTTP/1.1" 200 477
INFO 2026-03-24 17:15:15,466 basehttp "GET /payments/3 HTTP/1.1" 200 408
INFO 2026-03-24 17:15:15,545 basehttp "GET /static/assets/index-8fb6ba94.js HTTP/1.1" 304 0
INFO 2026-03-24 17:15:15,548 basehttp "GET /static/assets/index-4c392b35.css HTTP/1.1" 304 0
INFO 2026-03-24 17:15:15,586 basehttp "GET /api/auth/me/ HTTP/1.1" 200 249
INFO 2026-03-24 17:15:15,954 basehttp "GET /api/payments/3/ HTTP/1.1" 200 477
INFO 2026-03-24 17:15:19,320 basehttp "GET /api/dashboard/summary/ HTTP/1.1" 200 222
INFO 2026-03-24 17:15:23,736 basehttp "GET /favicon.ico HTTP/1.1" 200 408
INFO 2026-03-24 17:15:23,764 basehttp "GET /api/dashboard/summary/ HTTP/1.1" 200 221
INFO 2026-03-24 17:19:44,240 basehttp "GET /dashboard HTTP/1.1" 200 408
INFO 2026-03-24 17:19:44,281 basehttp "GET /static/assets/index-c9e12297.css HTTP/1.1" 200 25580
INFO 2026-03-24 17:19:44,395 basehttp "GET /static/assets/index-a2180d94.js HTTP/1.1" 200 345339
INFO 2026-03-24 17:19:44,840 basehttp "GET /api/auth/me/ HTTP/1.1" 200 249
INFO 2026-03-24 17:19:44,913 basehttp "GET /api/dashboard/summary/ HTTP/1.1" 200 222
INFO 2026-03-24 17:19:47,991 basehttp "GET /dashboard HTTP/1.1" 200 408
INFO 2026-03-24 17:19:48,065 basehttp "GET /api/auth/me/ HTTP/1.1" 200 249
INFO 2026-03-24 17:19:48,117 basehttp "GET /api/dashboard/summary/ HTTP/1.1" 200 222
INFO 2026-03-24 17:21:21,248 autoreload Watching for file changes with StatReloader
INFO 2026-03-24 17:21:28,065 basehttp "GET / HTTP/1.1" 200 408
INFO 2026-03-24 17:21:28,120 basehttp "GET /static/assets/index-3b5ae3ef.css HTTP/1.1" 200 25487
INFO 2026-03-24 17:21:28,246 basehttp "GET /static/assets/index-861f6b66.js HTTP/1.1" 200 344715
INFO 2026-03-24 17:21:28,624 basehttp "GET /api/auth/me/ HTTP/1.1" 200 249
INFO 2026-03-24 17:21:43,025 basehttp "GET / HTTP/1.1" 200 408
INFO 2026-03-24 17:21:43,058 basehttp "GET /static/assets/index-3b5ae3ef.css HTTP/1.1" 200 25487
INFO 2026-03-24 17:21:43,061 basehttp "GET /static/assets/index-861f6b66.js HTTP/1.1" 200 344715
INFO 2026-03-24 17:21:43,134 basehttp "GET /api/auth/me/ HTTP/1.1" 200 270
INFO 2026-03-24 17:21:43,875 basehttp "GET /favicon.ico HTTP/1.1" 200 408
INFO 2026-03-24 17:21:52,482 basehttp "POST /api/auth/login/ HTTP/1.1" 200 866
INFO 2026-03-24 17:21:52,555 basehttp "GET /api/dashboard/summary/ HTTP/1.1" 200 222
INFO 2026-03-24 17:23:30,440 basehttp "GET /dashboard HTTP/1.1" 200 408
INFO 2026-03-24 17:23:30,465 basehttp "GET /static/assets/index-861f6b66.js HTTP/1.1" 304 0
INFO 2026-03-24 17:23:30,468 basehttp "GET /static/assets/index-3b5ae3ef.css HTTP/1.1" 304 0
INFO 2026-03-24 17:23:30,500 basehttp "GET /api/auth/me/ HTTP/1.1" 200 249
INFO 2026-03-24 17:23:30,577 basehttp "GET /api/dashboard/summary/ HTTP/1.1" 200 222
INFO 2026-03-24 17:23:31,931 basehttp "GET /dashboard HTTP/1.1" 200 408
INFO 2026-03-24 17:23:31,986 basehttp "GET /api/auth/me/ HTTP/1.1" 200 249
INFO 2026-03-24 17:23:32,040 basehttp "GET /api/dashboard/summary/ HTTP/1.1" 200 222
INFO 2026-03-24 17:23:38,979 basehttp "GET / HTTP/1.1" 200 408
INFO 2026-03-24 17:23:39,435 basehttp "GET /api/auth/me/ HTTP/1.1" 200 249
INFO 2026-03-24 17:23:48,565 basehttp "POST /api/auth/login/ HTTP/1.1" 200 866
INFO 2026-03-24 17:23:48,635 basehttp "GET /api/dashboard/summary/ HTTP/1.1" 200 222
INFO 2026-03-24 17:23:51,808 basehttp "GET /dashboard HTTP/1.1" 200 408
INFO 2026-03-24 17:23:51,826 basehttp "GET /static/assets/index-861f6b66.js HTTP/1.1" 304 0
INFO 2026-03-24 17:23:51,830 basehttp "GET /static/assets/index-3b5ae3ef.css HTTP/1.1" 304 0
INFO 2026-03-24 17:23:51,855 basehttp "GET /api/auth/me/ HTTP/1.1" 200 249
INFO 2026-03-24 17:23:51,902 basehttp "GET /api/dashboard/summary/ HTTP/1.1" 200 222
INFO 2026-03-24 18:18:03,216 basehttp "GET /dashboard HTTP/1.1" 200 408
INFO 2026-03-24 18:18:03,256 basehttp "GET /static/assets/index-861f6b66.js HTTP/1.1" 304 0
INFO 2026-03-24 18:18:03,257 basehttp "GET /static/assets/index-3b5ae3ef.css HTTP/1.1" 304 0
INFO 2026-03-24 18:18:03,305 basehttp "GET /api/auth/me/ HTTP/1.1" 200 249
INFO 2026-03-24 18:18:03,568 basehttp "GET /api/dashboard/summary/ HTTP/1.1" 200 222
INFO 2026-03-24 18:18:12,872 basehttp "POST /api/auth/logout/ HTTP/1.1" 200 37
INFO 2026-03-24 18:20:07,709 basehttp "POST /api/auth/login/ HTTP/1.1" 200 866
INFO 2026-03-24 18:20:07,747 basehttp "GET /api/dashboard/summary/ HTTP/1.1" 200 222
INFO 2026-03-24 18:20:23,362 basehttp "GET /api/users/ HTTP/1.1" 200 807
INFO 2026-03-24 18:20:23,364 basehttp "GET /api/branches/ HTTP/1.1" 200 955
INFO 2026-03-24 18:20:33,332 basehttp "GET /api/branches/ HTTP/1.1" 200 955
INFO 2026-03-24 18:20:38,679 basehttp "GET /api/branches/ HTTP/1.1" 200 955
INFO 2026-03-24 18:20:38,679 basehttp "GET /api/users/ HTTP/1.1" 200 807
INFO 2026-03-24 18:20:55,907 basehttp "GET /api/courses/ HTTP/1.1" 200 675
INFO 2026-03-24 18:21:04,240 basehttp "GET /api/payments/ HTTP/1.1" 200 1015
INFO 2026-03-24 18:21:08,295 basehttp "GET /api/leads/ HTTP/1.1" 200 617
INFO 2026-03-24 18:21:18,707 basehttp "GET /api/dashboard/summary/ HTTP/1.1" 200 222
INFO 2026-03-24 18:21:32,248 basehttp "GET /api/courses/ HTTP/1.1" 200 675
INFO 2026-03-24 18:21:50,493 basehttp "POST /api/auth/login/ HTTP/1.1" 200 857
INFO 2026-03-24 18:21:50,539 basehttp "GET /favicon.ico HTTP/1.1" 200 408
INFO 2026-03-24 18:21:50,558 basehttp "GET /api/dashboard/summary/ HTTP/1.1" 200 221
INFO 2026-03-24 18:22:01,916 basehttp "GET /favicon.ico HTTP/1.1" 200 408
INFO 2026-03-24 18:22:01,937 basehttp "GET /api/walkins/ HTTP/1.1" 200 370
INFO 2026-03-24 18:22:04,076 basehttp "GET /favicon.ico HTTP/1.1" 200 408
INFO 2026-03-24 18:22:04,084 basehttp "GET /api/branches/ HTTP/1.1" 200 955
INFO 2026-03-24 18:22:04,086 basehttp "GET /api/courses/ HTTP/1.1" 200 675
INFO 2026-03-24 18:23:40,937 basehttp "GET /api/dashboard/summary/ HTTP/1.1" 200 222
INFO 2026-03-24 18:25:00,739 basehttp "GET /api/reports/user-performance/?month=2026-03 HTTP/1.1" 200 451
INFO 2026-03-24 18:25:53,876 basehttp "GET /api/dashboard/summary/ HTTP/1.1" 200 222
INFO 2026-03-26 10:22:48,233 autoreload Watching for file changes with StatReloader
INFO 2026-03-26 10:22:52,449 basehttp "GET / HTTP/1.1" 200 408
INFO 2026-03-26 10:22:52,614 basehttp "GET /static/assets/index-d03a8171.css HTTP/1.1" 200 25904
INFO 2026-03-26 10:22:53,020 basehttp "GET /static/assets/index-c36db634.js HTTP/1.1" 200 348465
INFO 2026-03-26 10:22:53,778 basehttp "GET /favicon.ico HTTP/1.1" 200 408
WARNING 2026-03-26 10:22:53,890 log Unauthorized: /api/auth/me/
WARNING 2026-03-26 10:22:53,891 basehttp "GET /api/auth/me/ HTTP/1.1" 401 183
INFO 2026-03-26 10:22:53,915 basehttp "POST /api/auth/token/refresh/ HTTP/1.1" 200 715
INFO 2026-03-26 10:22:53,928 basehttp "GET /api/auth/me/ HTTP/1.1" 200 249
INFO 2026-03-26 10:22:53,994 basehttp "GET /favicon.ico HTTP/1.1" 200 408
INFO 2026-03-26 10:23:08,142 basehttp "POST /api/auth/login/ HTTP/1.1" 200 866
INFO 2026-03-26 10:23:08,242 basehttp "GET /favicon.ico HTTP/1.1" 200 408
INFO 2026-03-26 10:23:08,282 basehttp "GET /api/dashboard/summary/ HTTP/1.1" 200 222
INFO 2026-03-26 10:23:13,109 basehttp "GET /favicon.ico HTTP/1.1" 200 408
INFO 2026-03-26 10:23:13,164 basehttp "GET /api/courses/ HTTP/1.1" 200 675
INFO 2026-03-26 10:23:24,919 basehttp "GET /favicon.ico HTTP/1.1" 200 408
INFO 2026-03-26 10:23:24,969 basehttp "GET /api/users/ HTTP/1.1" 200 807
INFO 2026-03-26 10:23:24,970 basehttp "GET /api/user-targets/ HTTP/1.1" 200 290
INFO 2026-03-26 10:24:36,121 autoreload C:\Users\Welcome\Desktop\CRM\March 24\files\serializers.py changed, reloading.
INFO 2026-03-26 10:24:38,136 autoreload Watching for file changes with StatReloader
INFO 2026-03-26 10:26:28,143 basehttp "GET / HTTP/1.1" 200 408
INFO 2026-03-26 10:26:28,303 basehttp "GET /static/assets/index-fe2079bb.css HTTP/1.1" 200 26014
INFO 2026-03-26 10:26:28,646 basehttp "GET /static/assets/index-5dbb9c06.js HTTP/1.1" 200 348420
INFO 2026-03-26 10:26:29,311 basehttp "GET /favicon.ico HTTP/1.1" 200 408
INFO 2026-03-26 10:26:29,317 basehttp "GET /api/auth/me/ HTTP/1.1" 200 249
INFO 2026-03-26 10:26:29,453 basehttp "GET /favicon.ico HTTP/1.1" 200 408
INFO 2026-03-26 10:26:40,209 basehttp "POST /api/auth/login/ HTTP/1.1" 200 866
INFO 2026-03-26 10:26:40,300 basehttp "GET /favicon.ico HTTP/1.1" 200 408
INFO 2026-03-26 10:26:40,334 basehttp "GET /api/dashboard/summary/ HTTP/1.1" 200 222
INFO 2026-03-26 10:26:50,932 basehttp "GET /api/users/ HTTP/1.1" 200 807
INFO 2026-03-26 10:26:50,933 basehttp "GET /favicon.ico HTTP/1.1" 200 408
INFO 2026-03-26 10:26:50,954 basehttp "GET /api/user-targets/ HTTP/1.1" 200 290
INFO 2026-03-26 10:26:58,655 basehttp "GET /favicon.ico HTTP/1.1" 200 408
INFO 2026-03-26 10:26:58,655 basehttp "GET /api/branches/ HTTP/1.1" 200 955
INFO 2026-03-26 10:27:06,092 basehttp "GET /api/users/ HTTP/1.1" 200 807
INFO 2026-03-26 10:27:06,093 basehttp "GET /api/user-targets/ HTTP/1.1" 200 290
INFO 2026-03-26 10:27:06,104 basehttp "GET /favicon.ico HTTP/1.1" 200 408
INFO 2026-03-26 10:29:31,895 basehttp "GET / HTTP/1.1" 200 408
INFO 2026-03-26 10:29:31,926 basehttp "GET /static/assets/index-fe2079bb.css HTTP/1.1" 200 26014
INFO 2026-03-26 10:29:31,932 basehttp "GET /static/assets/index-5dbb9c06.js HTTP/1.1" 200 348420
WARNING 2026-03-26 10:29:31,978 log Unauthorized: /api/auth/me/
WARNING 2026-03-26 10:29:31,980 basehttp "GET /api/auth/me/ HTTP/1.1" 401 183
INFO 2026-03-26 10:29:32,008 basehttp "POST /api/auth/token/refresh/ HTTP/1.1" 200 705
INFO 2026-03-26 10:29:32,027 basehttp "GET /api/auth/me/ HTTP/1.1" 200 270
INFO 2026-03-26 10:29:33,025 basehttp "GET /favicon.ico HTTP/1.1" 200 408
INFO 2026-03-26 10:29:46,830 basehttp "POST /api/auth/login/ HTTP/1.1" 200 857
INFO 2026-03-26 10:29:46,870 basehttp "GET /favicon.ico HTTP/1.1" 200 408
INFO 2026-03-26 10:29:46,893 basehttp "GET /api/dashboard/summary/ HTTP/1.1" 200 221
INFO 2026-03-26 10:30:05,249 basehttp "GET /favicon.ico HTTP/1.1" 200 408
INFO 2026-03-26 10:30:05,262 basehttp "GET /api/courses/ HTTP/1.1" 200 675
INFO 2026-03-26 10:30:52,527 basehttp "GET /favicon.ico HTTP/1.1" 200 408
INFO 2026-03-26 10:30:52,532 basehttp "GET /api/branches/ HTTP/1.1" 200 955
INFO 2026-03-26 10:30:54,800 basehttp "GET /favicon.ico HTTP/1.1" 200 408
INFO 2026-03-26 10:30:54,840 basehttp "GET /api/reports/user-performance/?month=2026-03 HTTP/1.1" 200 451
INFO 2026-03-26 10:31:01,046 basehttp "GET /favicon.ico HTTP/1.1" 200 408
INFO 2026-03-26 10:31:01,065 basehttp "GET /api/dashboard/summary/ HTTP/1.1" 200 222
INFO 2026-03-26 10:31:08,548 basehttp "GET /favicon.ico HTTP/1.1" 200 408
INFO 2026-03-26 10:31:08,562 basehttp "GET /api/courses/ HTTP/1.1" 200 675
INFO 2026-03-26 10:31:10,806 basehttp "GET /favicon.ico HTTP/1.1" 200 408
INFO 2026-03-26 10:31:10,814 basehttp "GET /api/leads/ HTTP/1.1" 200 617
INFO 2026-03-26 10:31:16,224 basehttp "GET /favicon.ico HTTP/1.1" 200 408
INFO 2026-03-26 10:31:16,229 basehttp "GET /api/leads/2/ HTTP/1.1" 200 408
INFO 2026-03-26 10:31:22,371 basehttp "GET /favicon.ico HTTP/1.1" 200 408
INFO 2026-03-26 10:31:22,390 basehttp "GET /api/dashboard/summary/ HTTP/1.1" 200 222
INFO 2026-03-26 11:04:43,692 basehttp "GET /dashboard HTTP/1.1" 200 408
INFO 2026-03-26 11:04:43,732 basehttp "GET /static/assets/index-fe2079bb.css HTTP/1.1" 200 26014
INFO 2026-03-26 11:04:43,913 basehttp "GET /static/assets/index-0564ceef.js HTTP/1.1" 200 350348
INFO 2026-03-26 11:04:44,306 basehttp "GET /api/auth/me/ HTTP/1.1" 200 249
INFO 2026-03-26 11:04:44,346 basehttp "GET /favicon.ico HTTP/1.1" 200 408
INFO 2026-03-26 11:04:44,360 basehttp "GET /api/dashboard/summary/ HTTP/1.1" 200 222
INFO 2026-03-26 11:04:53,180 basehttp "GET /courses HTTP/1.1" 200 408
INFO 2026-03-26 11:04:53,255 basehttp "GET /static/assets/index-fe2079bb.css HTTP/1.1" 200 26014
INFO 2026-03-26 11:04:53,260 basehttp "GET /static/assets/index-0564ceef.js HTTP/1.1" 200 350348
INFO 2026-03-26 11:04:53,293 basehttp "GET /favicon.ico HTTP/1.1" 200 408
INFO 2026-03-26 11:04:53,300 basehttp "GET /api/auth/me/ HTTP/1.1" 200 270
INFO 2026-03-26 11:04:53,322 basehttp "GET /api/courses/ HTTP/1.1" 200 675
INFO 2026-03-26 11:04:57,109 basehttp "GET /favicon.ico HTTP/1.1" 200 408
INFO 2026-03-26 11:04:57,123 basehttp "GET /api/dashboard/summary/ HTTP/1.1" 200 221
INFO 2026-03-26 11:04:58,530 basehttp "GET /favicon.ico HTTP/1.1" 200 408
INFO 2026-03-26 11:04:58,545 basehttp "GET /api/walkins/ HTTP/1.1" 200 370
INFO 2026-03-26 11:05:12,484 basehttp "GET /public/walk-in HTTP/1.1" 200 408
INFO 2026-03-26 11:05:12,531 basehttp "GET /static/assets/index-fe2079bb.css HTTP/1.1" 304 0
INFO 2026-03-26 11:05:12,531 basehttp "GET /static/assets/index-0564ceef.js HTTP/1.1" 304 0
INFO 2026-03-26 11:05:12,603 basehttp "GET /favicon.ico HTTP/1.1" 200 408
INFO 2026-03-26 11:05:12,611 basehttp "GET /api/auth/me/ HTTP/1.1" 200 270
INFO 2026-03-26 11:05:12,612 basehttp "GET /api/public/walkin/ HTTP/1.1" 200 657
INFO 2026-03-26 11:30:59,611 basehttp "GET /favicon.ico HTTP/1.1" 200 408
INFO 2026-03-26 11:30:59,691 basehttp "GET /api/dashboard/summary/ HTTP/1.1" 200 221
INFO 2026-03-26 11:31:06,518 basehttp "GET /favicon.ico HTTP/1.1" 200 408
INFO 2026-03-26 11:31:06,545 basehttp "GET /api/walkins/ HTTP/1.1" 200 1652
INFO 2026-03-26 12:22:13,656 basehttp "GET /favicon.ico HTTP/1.1" 200 408
INFO 2026-03-26 12:22:13,688 basehttp "GET /api/enrollments/ HTTP/1.1" 200 305
INFO 2026-03-26 12:22:18,214 basehttp "GET /favicon.ico HTTP/1.1" 200 408
INFO 2026-03-26 12:22:18,298 basehttp "GET /api/enrollments/3/ HTTP/1.1" 200 988
INFO 2026-03-26 12:22:21,269 basehttp "GET /api/walkins/ HTTP/1.1" 200 370
INFO 2026-03-26 12:22:21,278 basehttp "GET /favicon.ico HTTP/1.1" 200 408
INFO 2026-03-26 12:22:23,330 basehttp "GET /favicon.ico HTTP/1.1" 200 408
INFO 2026-03-26 12:22:23,354 basehttp "GET /api/leads/ HTTP/1.1" 200 328
INFO 2026-03-26 12:22:27,008 basehttp "GET /api/walkins/ HTTP/1.1" 200 370
INFO 2026-03-26 12:22:27,030 basehttp "GET /favicon.ico HTTP/1.1" 200 408
INFO 2026-03-26 12:26:25,294 autoreload C:\Users\Welcome\Desktop\CRM\March 24\files\crm\models.py changed, reloading.
INFO 2026-03-26 12:26:35,443 autoreload Watching for file changes with StatReloader
INFO 2026-03-26 12:28:11,305 autoreload C:\Users\Welcome\Desktop\CRM\March 24\files\serializers.py changed, reloading.
INFO 2026-03-26 12:28:13,446 autoreload Watching for file changes with StatReloader
INFO 2026-03-26 12:28:21,290 basehttp "GET /public/walk-in HTTP/1.1" 200 408
INFO 2026-03-26 12:28:21,311 basehttp "GET /static/assets/index-0564ceef.js HTTP/1.1" 304 0
INFO 2026-03-26 12:28:21,314 basehttp "GET /static/assets/index-fe2079bb.css HTTP/1.1" 304 0
INFO 2026-03-26 12:28:21,382 basehttp "GET /favicon.ico HTTP/1.1" 200 408
INFO 2026-03-26 12:28:21,390 basehttp "GET /api/public/walkin/ HTTP/1.1" 200 657
INFO 2026-03-26 12:28:21,442 basehttp "GET /api/auth/me/ HTTP/1.1" 200 270
INFO 2026-03-26 12:28:29,777 basehttp "GET / HTTP/1.1" 200 408
INFO 2026-03-26 12:28:29,885 basehttp "GET /favicon.ico HTTP/1.1" 200 408
INFO 2026-03-26 12:28:29,893 basehttp "GET /api/auth/me/ HTTP/1.1" 200 270
INFO 2026-03-26 12:28:29,906 basehttp "GET /favicon.ico HTTP/1.1" 200 408
INFO 2026-03-26 12:28:40,294 basehttp "GET /login HTTP/1.1" 200 408
INFO 2026-03-26 12:28:40,395 basehttp "GET /static/assets/index-0564ceef.js HTTP/1.1" 304 0
INFO 2026-03-26 12:28:40,402 basehttp "GET /static/assets/index-fe2079bb.css HTTP/1.1" 304 0
INFO 2026-03-26 12:28:41,528 basehttp "GET /api/auth/me/ HTTP/1.1" 200 249
INFO 2026-03-26 12:28:41,557 basehttp "GET /favicon.ico HTTP/1.1" 200 408
INFO 2026-03-26 12:28:48,323 basehttp "POST /api/auth/login/ HTTP/1.1" 200 866
INFO 2026-03-26 12:28:48,395 basehttp "GET /favicon.ico HTTP/1.1" 200 408
INFO 2026-03-26 12:28:48,419 basehttp "GET /api/dashboard/summary/ HTTP/1.1" 200 222
INFO 2026-03-26 12:29:06,133 basehttp "POST /api/auth/login/ HTTP/1.1" 200 857
INFO 2026-03-26 12:29:06,181 basehttp "GET /favicon.ico HTTP/1.1" 200 408
INFO 2026-03-26 12:29:06,205 basehttp "GET /api/dashboard/summary/ HTTP/1.1" 200 221
INFO 2026-03-26 12:29:09,307 basehttp "GET /favicon.ico HTTP/1.1" 200 408
ERROR 2026-03-26 12:29:10,129 log Internal Server Error: /api/walkins/
Traceback (most recent call last):
  File "C:\Users\Welcome\Desktop\CRM\March 24\files\.venv\lib\site-packages\django\db\backends\utils.py", line 89, in _execute
    return self.cursor.execute(sql, params)
  File "C:\Users\Welcome\Desktop\CRM\March 24\files\.venv\lib\site-packages\django\db\backends\sqlite3\base.py", line 328, in execute
    return super().execute(query, params)
sqlite3.OperationalError: no such column: walkins.interested_global_certification

The above exception was the direct cause of the following exception:

Traceback (most recent call last):
  File "C:\Users\Welcome\Desktop\CRM\March 24\files\.venv\lib\site-packages\django\core\handlers\exception.py", line 55, in inner
    response = get_response(request)
  File "C:\Users\Welcome\Desktop\CRM\March 24\files\.venv\lib\site-packages\django\core\handlers\base.py", line 197, in _get_response
    response = wrapped_callback(request, *callback_args, **callback_kwargs)
  File "C:\Users\Welcome\Desktop\CRM\March 24\files\.venv\lib\site-packages\django\views\decorators\csrf.py", line 56, in wrapper_view
    return view_func(*args, **kwargs)
  File "C:\Users\Welcome\Desktop\CRM\March 24\files\.venv\lib\site-packages\rest_framework\viewsets.py", line 125, in view
    return self.dispatch(request, *args, **kwargs)
  File "C:\Users\Welcome\Desktop\CRM\March 24\files\.venv\lib\site-packages\rest_framework\views.py", line 509, in dispatch
    response = self.handle_exception(exc)
  File "C:\Users\Welcome\Desktop\CRM\March 24\files\.venv\lib\site-packages\rest_framework\views.py", line 469, in handle_exception
    self.raise_uncaught_exception(exc)
  File "C:\Users\Welcome\Desktop\CRM\March 24\files\.venv\lib\site-packages\rest_framework\views.py", line 480, in raise_uncaught_exception
    raise exc
  File "C:\Users\Welcome\Desktop\CRM\March 24\files\.venv\lib\site-packages\rest_framework\views.py", line 506, in dispatch
    response = handler(request, *args, **kwargs)
  File "C:\Users\Welcome\Desktop\CRM\March 24\files\.venv\lib\site-packages\rest_framework\mixins.py", line 40, in list
    page = self.paginate_queryset(queryset)
  File "C:\Users\Welcome\Desktop\CRM\March 24\files\.venv\lib\site-packages\rest_framework\generics.py", line 171, in paginate_queryset
    return self.paginator.paginate_queryset(queryset, self.request, view=self)
  File "C:\Users\Welcome\Desktop\CRM\March 24\files\.venv\lib\site-packages\rest_framework\pagination.py", line 216, in paginate_queryset
    return list(self.page)
  File "C:\Users\Welcome\Desktop\CRM\March 24\files\.venv\lib\site-packages\django\core\paginator.py", line 174, in __len__
    return len(self.object_list)
  File "C:\Users\Welcome\Desktop\CRM\March 24\files\.venv\lib\site-packages\django\db\models\query.py", line 380, in __len__
    self._fetch_all()
  File "C:\Users\Welcome\Desktop\CRM\March 24\files\.venv\lib\site-packages\django\db\models\query.py", line 1881, in _fetch_all
    self._result_cache = list(self._iterable_class(self))
  File "C:\Users\Welcome\Desktop\CRM\March 24\files\.venv\lib\site-packages\django\db\models\query.py", line 91, in __iter__
    results = compiler.execute_sql(
  File "C:\Users\Welcome\Desktop\CRM\March 24\files\.venv\lib\site-packages\django\db\models\sql\compiler.py", line 1562, in execute_sql
    cursor.execute(sql, params)
  File "C:\Users\Welcome\Desktop\CRM\March 24\files\.venv\lib\site-packages\django\db\backends\utils.py", line 102, in execute
    return super().execute(sql, params)
  File "C:\Users\Welcome\Desktop\CRM\March 24\files\.venv\lib\site-packages\django\db\backends\utils.py", line 67, in execute
    return self._execute_with_wrappers(
  File "C:\Users\Welcome\Desktop\CRM\March 24\files\.venv\lib\site-packages\django\db\backends\utils.py", line 80, in _execute_with_wrappers
    return executor(sql, params, many, context)
  File "C:\Users\Welcome\Desktop\CRM\March 24\files\.venv\lib\site-packages\django\db\backends\utils.py", line 84, in _execute
    with self.db.wrap_database_errors:
  File "C:\Users\Welcome\Desktop\CRM\March 24\files\.venv\lib\site-packages\django\db\utils.py", line 91, in __exit__
    raise dj_exc_value.with_traceback(traceback) from exc_value
  File "C:\Users\Welcome\Desktop\CRM\March 24\files\.venv\lib\site-packages\django\db\backends\utils.py", line 89, in _execute
    return self.cursor.execute(sql, params)
  File "C:\Users\Welcome\Desktop\CRM\March 24\files\.venv\lib\site-packages\django\db\backends\sqlite3\base.py", line 328, in execute
    return super().execute(query, params)
django.db.utils.OperationalError: no such column: walkins.interested_global_certification
ERROR 2026-03-26 12:29:10,135 basehttp "GET /api/walkins/ HTTP/1.1" 500 212630
INFO 2026-03-26 12:29:15,910 basehttp "GET /walkins HTTP/1.1" 200 408
INFO 2026-03-26 12:29:15,944 basehttp "GET /favicon.ico HTTP/1.1" 200 408
INFO 2026-03-26 12:29:15,951 basehttp "GET /api/auth/me/ HTTP/1.1" 200 270
ERROR 2026-03-26 12:29:16,096 log Internal Server Error: /api/walkins/
Traceback (most recent call last):
  File "C:\Users\Welcome\Desktop\CRM\March 24\files\.venv\lib\site-packages\django\db\backends\utils.py", line 89, in _execute
    return self.cursor.execute(sql, params)
  File "C:\Users\Welcome\Desktop\CRM\March 24\files\.venv\lib\site-packages\django\db\backends\sqlite3\base.py", line 328, in execute
    return super().execute(query, params)
sqlite3.OperationalError: no such column: walkins.interested_global_certification

The above exception was the direct cause of the following exception:

Traceback (most recent call last):
  File "C:\Users\Welcome\Desktop\CRM\March 24\files\.venv\lib\site-packages\django\core\handlers\exception.py", line 55, in inner
    response = get_response(request)
  File "C:\Users\Welcome\Desktop\CRM\March 24\files\.venv\lib\site-packages\django\core\handlers\base.py", line 197, in _get_response
    response = wrapped_callback(request, *callback_args, **callback_kwargs)
  File "C:\Users\Welcome\Desktop\CRM\March 24\files\.venv\lib\site-packages\django\views\decorators\csrf.py", line 56, in wrapper_view
    return view_func(*args, **kwargs)
  File "C:\Users\Welcome\Desktop\CRM\March 24\files\.venv\lib\site-packages\rest_framework\viewsets.py", line 125, in view
    return self.dispatch(request, *args, **kwargs)
  File "C:\Users\Welcome\Desktop\CRM\March 24\files\.venv\lib\site-packages\rest_framework\views.py", line 509, in dispatch
    response = self.handle_exception(exc)
  File "C:\Users\Welcome\Desktop\CRM\March 24\files\.venv\lib\site-packages\rest_framework\views.py", line 469, in handle_exception
    self.raise_uncaught_exception(exc)
  File "C:\Users\Welcome\Desktop\CRM\March 24\files\.venv\lib\site-packages\rest_framework\views.py", line 480, in raise_uncaught_exception
    raise exc
  File "C:\Users\Welcome\Desktop\CRM\March 24\files\.venv\lib\site-packages\rest_framework\views.py", line 506, in dispatch
    response = handler(request, *args, **kwargs)
  File "C:\Users\Welcome\Desktop\CRM\March 24\files\.venv\lib\site-packages\rest_framework\mixins.py", line 40, in list
    page = self.paginate_queryset(queryset)
  File "C:\Users\Welcome\Desktop\CRM\March 24\files\.venv\lib\site-packages\rest_framework\generics.py", line 171, in paginate_queryset
    return self.paginator.paginate_queryset(queryset, self.request, view=self)
  File "C:\Users\Welcome\Desktop\CRM\March 24\files\.venv\lib\site-packages\rest_framework\pagination.py", line 216, in paginate_queryset
    return list(self.page)
  File "C:\Users\Welcome\Desktop\CRM\March 24\files\.venv\lib\site-packages\django\core\paginator.py", line 174, in __len__
    return len(self.object_list)
  File "C:\Users\Welcome\Desktop\CRM\March 24\files\.venv\lib\site-packages\django\db\models\query.py", line 380, in __len__
    self._fetch_all()
  File "C:\Users\Welcome\Desktop\CRM\March 24\files\.venv\lib\site-packages\django\db\models\query.py", line 1881, in _fetch_all
    self._result_cache = list(self._iterable_class(self))
  File "C:\Users\Welcome\Desktop\CRM\March 24\files\.venv\lib\site-packages\django\db\models\query.py", line 91, in __iter__
    results = compiler.execute_sql(
  File "C:\Users\Welcome\Desktop\CRM\March 24\files\.venv\lib\site-packages\django\db\models\sql\compiler.py", line 1562, in execute_sql
    cursor.execute(sql, params)
  File "C:\Users\Welcome\Desktop\CRM\March 24\files\.venv\lib\site-packages\django\db\backends\utils.py", line 102, in execute
    return super().execute(sql, params)
  File "C:\Users\Welcome\Desktop\CRM\March 24\files\.venv\lib\site-packages\django\db\backends\utils.py", line 67, in execute
    return self._execute_with_wrappers(
  File "C:\Users\Welcome\Desktop\CRM\March 24\files\.venv\lib\site-packages\django\db\backends\utils.py", line 80, in _execute_with_wrappers
    return executor(sql, params, many, context)
  File "C:\Users\Welcome\Desktop\CRM\March 24\files\.venv\lib\site-packages\django\db\backends\utils.py", line 84, in _execute
    with self.db.wrap_database_errors:
  File "C:\Users\Welcome\Desktop\CRM\March 24\files\.venv\lib\site-packages\django\db\utils.py", line 91, in __exit__
    raise dj_exc_value.with_traceback(traceback) from exc_value
  File "C:\Users\Welcome\Desktop\CRM\March 24\files\.venv\lib\site-packages\django\db\backends\utils.py", line 89, in _execute
    return self.cursor.execute(sql, params)
  File "C:\Users\Welcome\Desktop\CRM\March 24\files\.venv\lib\site-packages\django\db\backends\sqlite3\base.py", line 328, in execute
    return super().execute(query, params)
django.db.utils.OperationalError: no such column: walkins.interested_global_certification
ERROR 2026-03-26 12:29:16,104 basehttp "GET /api/walkins/ HTTP/1.1" 500 212630
INFO 2026-03-26 12:29:17,573 basehttp "GET /favicon.ico HTTP/1.1" 200 408
INFO 2026-03-26 12:29:17,588 basehttp "GET /api/leads/ HTTP/1.1" 200 328
INFO 2026-03-26 12:29:18,917 basehttp "GET /favicon.ico HTTP/1.1" 200 408
ERROR 2026-03-26 12:29:18,972 log Internal Server Error: /api/walkins/
Traceback (most recent call last):
  File "C:\Users\Welcome\Desktop\CRM\March 24\files\.venv\lib\site-packages\django\db\backends\utils.py", line 89, in _execute
    return self.cursor.execute(sql, params)
  File "C:\Users\Welcome\Desktop\CRM\March 24\files\.venv\lib\site-packages\django\db\backends\sqlite3\base.py", line 328, in execute
    return super().execute(query, params)
sqlite3.OperationalError: no such column: walkins.interested_global_certification

The above exception was the direct cause of the following exception:

Traceback (most recent call last):
  File "C:\Users\Welcome\Desktop\CRM\March 24\files\.venv\lib\site-packages\django\core\handlers\exception.py", line 55, in inner
    response = get_response(request)
  File "C:\Users\Welcome\Desktop\CRM\March 24\files\.venv\lib\site-packages\django\core\handlers\base.py", line 197, in _get_response
    response = wrapped_callback(request, *callback_args, **callback_kwargs)
  File "C:\Users\Welcome\Desktop\CRM\March 24\files\.venv\lib\site-packages\django\views\decorators\csrf.py", line 56, in wrapper_view
    return view_func(*args, **kwargs)
  File "C:\Users\Welcome\Desktop\CRM\March 24\files\.venv\lib\site-packages\rest_framework\viewsets.py", line 125, in view
    return self.dispatch(request, *args, **kwargs)
  File "C:\Users\Welcome\Desktop\CRM\March 24\files\.venv\lib\site-packages\rest_framework\views.py", line 509, in dispatch
    response = self.handle_exception(exc)
  File "C:\Users\Welcome\Desktop\CRM\March 24\files\.venv\lib\site-packages\rest_framework\views.py", line 469, in handle_exception
    self.raise_uncaught_exception(exc)
  File "C:\Users\Welcome\Desktop\CRM\March 24\files\.venv\lib\site-packages\rest_framework\views.py", line 480, in raise_uncaught_exception
    raise exc
  File "C:\Users\Welcome\Desktop\CRM\March 24\files\.venv\lib\site-packages\rest_framework\views.py", line 506, in dispatch
    response = handler(request, *args, **kwargs)
  File "C:\Users\Welcome\Desktop\CRM\March 24\files\.venv\lib\site-packages\rest_framework\mixins.py", line 40, in list
    page = self.paginate_queryset(queryset)
  File "C:\Users\Welcome\Desktop\CRM\March 24\files\.venv\lib\site-packages\rest_framework\generics.py", line 171, in paginate_queryset
    return self.paginator.paginate_queryset(queryset, self.request, view=self)
  File "C:\Users\Welcome\Desktop\CRM\March 24\files\.venv\lib\site-packages\rest_framework\pagination.py", line 216, in paginate_queryset
    return list(self.page)
  File "C:\Users\Welcome\Desktop\CRM\March 24\files\.venv\lib\site-packages\django\core\paginator.py", line 174, in __len__
    return len(self.object_list)
  File "C:\Users\Welcome\Desktop\CRM\March 24\files\.venv\lib\site-packages\django\db\models\query.py", line 380, in __len__
    self._fetch_all()
  File "C:\Users\Welcome\Desktop\CRM\March 24\files\.venv\lib\site-packages\django\db\models\query.py", line 1881, in _fetch_all
    self._result_cache = list(self._iterable_class(self))
  File "C:\Users\Welcome\Desktop\CRM\March 24\files\.venv\lib\site-packages\django\db\models\query.py", line 91, in __iter__
    results = compiler.execute_sql(
  File "C:\Users\Welcome\Desktop\CRM\March 24\files\.venv\lib\site-packages\django\db\models\sql\compiler.py", line 1562, in execute_sql
    cursor.execute(sql, params)
  File "C:\Users\Welcome\Desktop\CRM\March 24\files\.venv\lib\site-packages\django\db\backends\utils.py", line 102, in execute
    return super().execute(sql, params)
  File "C:\Users\Welcome\Desktop\CRM\March 24\files\.venv\lib\site-packages\django\db\backends\utils.py", line 67, in execute
    return self._execute_with_wrappers(
  File "C:\Users\Welcome\Desktop\CRM\March 24\files\.venv\lib\site-packages\django\db\backends\utils.py", line 80, in _execute_with_wrappers
    return executor(sql, params, many, context)
  File "C:\Users\Welcome\Desktop\CRM\March 24\files\.venv\lib\site-packages\django\db\backends\utils.py", line 84, in _execute
    with self.db.wrap_database_errors:
  File "C:\Users\Welcome\Desktop\CRM\March 24\files\.venv\lib\site-packages\django\db\utils.py", line 91, in __exit__
    raise dj_exc_value.with_traceback(traceback) from exc_value
  File "C:\Users\Welcome\Desktop\CRM\March 24\files\.venv\lib\site-packages\django\db\backends\utils.py", line 89, in _execute
    return self.cursor.execute(sql, params)
  File "C:\Users\Welcome\Desktop\CRM\March 24\files\.venv\lib\site-packages\django\db\backends\sqlite3\base.py", line 328, in execute
    return super().execute(query, params)
django.db.utils.OperationalError: no such column: walkins.interested_global_certification
ERROR 2026-03-26 12:29:18,975 basehttp "GET /api/walkins/ HTTP/1.1" 500 212630
INFO 2026-03-26 12:32:29,801 basehttp "GET /walkins HTTP/1.1" 200 408
INFO 2026-03-26 12:32:29,832 basehttp "GET /favicon.ico HTTP/1.1" 200 408
INFO 2026-03-26 12:32:29,840 basehttp "GET /api/auth/me/ HTTP/1.1" 200 270
INFO 2026-03-26 12:32:29,867 basehttp "GET /api/walkins/ HTTP/1.1" 200 370
INFO 2026-03-26 12:32:34,642 basehttp "GET /public/walk-in HTTP/1.1" 200 408
INFO 2026-03-26 12:32:34,757 basehttp "GET /favicon.ico HTTP/1.1" 200 408
INFO 2026-03-26 12:32:34,768 basehttp "GET /api/public/walkin/ HTTP/1.1" 200 657
INFO 2026-03-26 12:32:34,769 basehttp "GET /api/auth/me/ HTTP/1.1" 200 270
INFO 2026-03-26 12:33:12,803 basehttp "GET /public/walk-in HTTP/1.1" 200 408
INFO 2026-03-26 12:33:12,866 basehttp "GET /static/assets/index-ebef836b.css HTTP/1.1" 200 26625
INFO 2026-03-26 12:33:13,216 basehttp "GET /static/assets/index-4d6bb35a.js HTTP/1.1" 200 351635
INFO 2026-03-26 12:33:13,281 basehttp "GET /favicon.ico HTTP/1.1" 200 408
INFO 2026-03-26 12:33:13,291 basehttp "GET /api/public/walkin/ HTTP/1.1" 200 657
INFO 2026-03-26 12:33:13,292 basehttp "GET /api/auth/me/ HTTP/1.1" 200 270
INFO 2026-03-26 12:35:35,302 basehttp "POST /api/public/walkin/ HTTP/1.1" 201 87
INFO 2026-03-26 12:35:47,680 basehttp "GET /walkins HTTP/1.1" 200 408
INFO 2026-03-26 12:35:47,692 basehttp "GET /static/assets/index-4d6bb35a.js HTTP/1.1" 304 0
INFO 2026-03-26 12:35:47,694 basehttp "GET /static/assets/index-ebef836b.css HTTP/1.1" 304 0
INFO 2026-03-26 12:35:47,726 basehttp "GET /favicon.ico HTTP/1.1" 200 408
INFO 2026-03-26 12:35:47,731 basehttp "GET /api/auth/me/ HTTP/1.1" 200 270
INFO 2026-03-26 12:35:47,755 basehttp "GET /api/walkins/ HTTP/1.1" 200 716
INFO 2026-03-26 12:36:38,049 basehttp "POST /api/public/walkin/ HTTP/1.1" 201 87
INFO 2026-03-26 12:36:42,299 basehttp "GET /walkins HTTP/1.1" 200 408
INFO 2026-03-26 12:36:42,310 basehttp "GET /static/assets/index-4d6bb35a.js HTTP/1.1" 304 0
INFO 2026-03-26 12:36:42,313 basehttp "GET /static/assets/index-ebef836b.css HTTP/1.1" 304 0
INFO 2026-03-26 12:36:42,324 basehttp "GET /favicon.ico HTTP/1.1" 200 408
INFO 2026-03-26 12:36:42,331 basehttp "GET /api/auth/me/ HTTP/1.1" 200 270
INFO 2026-03-26 12:36:42,346 basehttp "GET /api/walkins/ HTTP/1.1" 200 716
INFO 2026-03-26 12:36:43,250 basehttp "GET /walkins HTTP/1.1" 200 408
INFO 2026-03-26 12:36:43,268 basehttp "GET /favicon.ico HTTP/1.1" 200 408
INFO 2026-03-26 12:36:43,271 basehttp "GET /api/auth/me/ HTTP/1.1" 200 270
INFO 2026-03-26 12:36:43,287 basehttp "GET /api/walkins/ HTTP/1.1" 200 716
INFO 2026-03-26 12:36:44,046 basehttp "GET /walkins HTTP/1.1" 200 408
INFO 2026-03-26 12:36:44,069 basehttp "GET /favicon.ico HTTP/1.1" 200 408
INFO 2026-03-26 12:36:44,074 basehttp "GET /api/auth/me/ HTTP/1.1" 200 270
INFO 2026-03-26 12:36:44,088 basehttp "GET /api/walkins/ HTTP/1.1" 200 716
INFO 2026-03-26 12:36:44,228 basehttp "GET /walkins HTTP/1.1" 200 408
INFO 2026-03-26 12:36:44,247 basehttp "GET /favicon.ico HTTP/1.1" 200 408
INFO 2026-03-26 12:36:44,253 basehttp "GET /api/auth/me/ HTTP/1.1" 200 270
INFO 2026-03-26 12:36:44,285 basehttp "GET /api/walkins/ HTTP/1.1" 200 716
INFO 2026-03-26 12:36:44,454 basehttp "GET /walkins HTTP/1.1" 200 408
INFO 2026-03-26 12:36:44,474 basehttp "GET /favicon.ico HTTP/1.1" 200 408
INFO 2026-03-26 12:36:44,478 basehttp "GET /api/auth/me/ HTTP/1.1" 200 270
INFO 2026-03-26 12:36:44,499 basehttp "GET /api/walkins/ HTTP/1.1" 200 716
INFO 2026-03-26 12:41:44,885 basehttp "GET /public/walk-in HTTP/1.1" 200 408
INFO 2026-03-26 12:41:44,903 basehttp "GET /static/assets/index-ebef836b.css HTTP/1.1" 304 0
INFO 2026-03-26 12:41:44,903 basehttp "GET /static/assets/index-4d6bb35a.js HTTP/1.1" 304 0
INFO 2026-03-26 12:41:44,963 basehttp "GET /favicon.ico HTTP/1.1" 200 408
INFO 2026-03-26 12:41:44,967 basehttp "GET /api/auth/me/ HTTP/1.1" 200 270
INFO 2026-03-26 12:41:44,970 basehttp "GET /api/public/walkin/ HTTP/1.1" 200 657
INFO 2026-03-26 12:41:58,293 basehttp "GET /walkins HTTP/1.1" 200 408
INFO 2026-03-26 12:41:58,311 basehttp "GET /static/assets/index-4d6bb35a.js HTTP/1.1" 304 0
INFO 2026-03-26 12:41:58,316 basehttp "GET /static/assets/index-ebef836b.css HTTP/1.1" 304 0
INFO 2026-03-26 12:41:58,338 basehttp "GET /favicon.ico HTTP/1.1" 200 408
INFO 2026-03-26 12:41:58,344 basehttp "GET /api/auth/me/ HTTP/1.1" 200 270
INFO 2026-03-26 12:41:58,369 basehttp "GET /api/walkins/ HTTP/1.1" 200 716
INFO 2026-03-26 12:42:00,388 basehttp "GET /public/walk-in HTTP/1.1" 200 408
INFO 2026-03-26 12:42:00,503 basehttp "GET /favicon.ico HTTP/1.1" 200 408
INFO 2026-03-26 12:42:00,512 basehttp "GET /api/public/walkin/ HTTP/1.1" 200 657
INFO 2026-03-26 12:42:00,512 basehttp "GET /api/auth/me/ HTTP/1.1" 200 270
INFO 2026-03-26 12:43:46,637 basehttp "GET / HTTP/1.1" 200 408
INFO 2026-03-26 12:43:46,654 basehttp "GET /static/assets/index-ebef836b.css HTTP/1.1" 304 0
INFO 2026-03-26 12:43:46,654 basehttp "GET /static/assets/index-4d6bb35a.js HTTP/1.1" 304 0
INFO 2026-03-26 12:43:46,702 basehttp "GET /api/auth/me/ HTTP/1.1" 200 270
INFO 2026-03-26 12:43:47,394 basehttp "GET /favicon.ico HTTP/1.1" 200 408
INFO 2026-03-26 12:43:57,468 basehttp "POST /api/auth/login/ HTTP/1.1" 200 857
INFO 2026-03-26 12:43:57,496 basehttp "GET /favicon.ico HTTP/1.1" 200 408
INFO 2026-03-26 12:43:57,508 basehttp "GET /api/dashboard/summary/ HTTP/1.1" 200 221
INFO 2026-03-26 12:44:00,106 basehttp "GET /api/leads/ HTTP/1.1" 200 593
INFO 2026-03-26 12:44:00,109 basehttp "GET /favicon.ico HTTP/1.1" 200 408
INFO 2026-03-26 12:44:03,569 basehttp "GET /favicon.ico HTTP/1.1" 200 408
INFO 2026-03-26 12:44:03,580 basehttp "GET /api/leads/3/ HTTP/1.1" 200 384
INFO 2026-03-26 12:44:08,183 basehttp "GET /favicon.ico HTTP/1.1" 200 408
INFO 2026-03-26 12:44:08,194 basehttp "GET /api/walkins/ HTTP/1.1" 200 716
INFO 2026-03-26 12:44:09,289 basehttp "GET /favicon.ico HTTP/1.1" 200 408
INFO 2026-03-26 12:44:09,299 basehttp "GET /api/walkins/6/ HTTP/1.1" 200 705
INFO 2026-03-26 12:44:09,314 basehttp "GET /api/courses/ HTTP/1.1" 200 675
INFO 2026-03-26 12:44:13,550 basehttp "GET /favicon.ico HTTP/1.1" 200 408
INFO 2026-03-26 12:44:13,562 basehttp "GET /api/leads/ HTTP/1.1" 200 593
INFO 2026-03-26 12:46:54,791 basehttp "GET /favicon.ico HTTP/1.1" 200 408
INFO 2026-03-26 12:46:54,799 basehttp "GET /api/enrollments/ HTTP/1.1" 200 804
INFO 2026-03-26 12:47:00,226 basehttp "GET /favicon.ico HTTP/1.1" 200 408
INFO 2026-03-26 12:47:00,237 basehttp "GET /api/enrollments/2/ HTTP/1.1" 200 753
INFO 2026-03-26 12:47:01,528 basehttp "GET /favicon.ico HTTP/1.1" 200 408
INFO 2026-03-26 12:47:01,552 basehttp "GET /api/enrollments/ HTTP/1.1" 200 804
INFO 2026-03-26 12:47:03,106 basehttp "GET /favicon.ico HTTP/1.1" 200 408
INFO 2026-03-26 12:47:03,128 basehttp "GET /api/walkins/ HTTP/1.1" 200 2344
INFO 2026-03-26 12:47:39,666 basehttp "GET /favicon.ico HTTP/1.1" 200 408
INFO 2026-03-26 12:47:39,674 basehttp "GET /api/leads/3/ HTTP/1.1" 200 384
INFO 2026-03-26 12:47:41,480 basehttp "GET /favicon.ico HTTP/1.1" 200 408
INFO 2026-03-26 12:47:41,486 basehttp "GET /api/enrollments/ HTTP/1.1" 200 305
INFO 2026-03-26 12:47:42,649 basehttp "GET /favicon.ico HTTP/1.1" 200 408
INFO 2026-03-26 12:47:42,661 basehttp "GET /api/enrollments/3/ HTTP/1.1" 200 988
INFO 2026-03-26 12:47:45,252 basehttp "GET /favicon.ico HTTP/1.1" 200 408
INFO 2026-03-26 12:47:45,262 basehttp "GET /api/walkins/ HTTP/1.1" 200 716
INFO 2026-03-26 12:47:46,054 autoreload C:\Users\Welcome\Desktop\CRM\March 24\files\views.py changed, reloading.
INFO 2026-03-26 12:47:47,047 autoreload Watching for file changes with StatReloader
INFO 2026-03-26 12:47:47,273 basehttp "GET /favicon.ico HTTP/1.1" 200 408
INFO 2026-03-26 12:47:47,295 basehttp "GET /api/courses/ HTTP/1.1" 200 675
INFO 2026-03-26 12:47:47,295 basehttp "GET /api/walkins/6/ HTTP/1.1" 200 705
INFO 2026-03-26 12:47:58,145 basehttp "GET /favicon.ico HTTP/1.1" 200 408
INFO 2026-03-26 12:47:58,212 basehttp "GET /api/payments/ HTTP/1.1" 200 529
INFO 2026-03-26 12:48:00,822 basehttp "GET /favicon.ico HTTP/1.1" 200 408
INFO 2026-03-26 12:48:00,830 basehttp "GET /api/courses/ HTTP/1.1" 200 675
ERROR 2026-03-26 12:48:06,868 exception Invalid HTTP_HOST header: 'testserver'. You may need to add 'testserver' to ALLOWED_HOSTS.
Traceback (most recent call last):
  File "C:\Users\Welcome\Desktop\CRM\March 24\files\.venv\lib\site-packages\django\core\handlers\exception.py", line 55, in inner
    response = get_response(request)
  File "C:\Users\Welcome\Desktop\CRM\March 24\files\.venv\lib\site-packages\django\utils\deprecation.py", line 133, in __call__
    response = self.process_request(request)
  File "C:\Users\Welcome\Desktop\CRM\March 24\files\.venv\lib\site-packages\django\middleware\common.py", line 48, in process_request
    host = request.get_host()
  File "C:\Users\Welcome\Desktop\CRM\March 24\files\.venv\lib\site-packages\django\http\request.py", line 150, in get_host
    raise DisallowedHost(msg)
django.core.exceptions.DisallowedHost: Invalid HTTP_HOST header: 'testserver'. You may need to add 'testserver' to ALLOWED_HOSTS.
WARNING 2026-03-26 12:48:07,160 log Bad Request: /api/public/walkin/
INFO 2026-03-26 12:48:07,668 basehttp "GET /favicon.ico HTTP/1.1" 200 408
INFO 2026-03-26 12:48:07,687 basehttp "GET /api/walkins/ HTTP/1.1" 200 716
INFO 2026-03-26 12:48:09,435 basehttp "GET /favicon.ico HTTP/1.1" 200 408
INFO 2026-03-26 12:48:09,445 basehttp "GET /api/courses/ HTTP/1.1" 200 675
INFO 2026-03-26 12:48:09,460 basehttp "GET /api/walkins/6/ HTTP/1.1" 200 705
INFO 2026-03-26 12:53:08,949 basehttp "GET /walkins/6 HTTP/1.1" 200 408
INFO 2026-03-26 12:53:09,077 basehttp "GET /static/assets/index-96644ca0.css HTTP/1.1" 200 26901
INFO 2026-03-26 12:53:09,492 basehttp "GET /static/assets/index-434d488d.js HTTP/1.1" 200 353318
INFO 2026-03-26 12:53:09,568 basehttp "GET /favicon.ico HTTP/1.1" 200 408
INFO 2026-03-26 12:53:09,573 basehttp "GET /api/auth/me/ HTTP/1.1" 200 270
INFO 2026-03-26 12:53:09,610 basehttp "GET /api/courses/ HTTP/1.1" 200 675
INFO 2026-03-26 12:53:09,610 basehttp "GET /api/walkins/6/ HTTP/1.1" 200 705
INFO 2026-03-26 12:53:40,059 basehttp "GET /favicon.ico HTTP/1.1" 200 408
INFO 2026-03-26 12:53:40,072 basehttp "GET /api/dashboard/summary/ HTTP/1.1" 200 221
INFO 2026-03-26 13:06:23,464 basehttp "GET /public/walk-in HTTP/1.1" 200 408
INFO 2026-03-26 13:06:23,497 basehttp "GET /static/assets/index-434d488d.js HTTP/1.1" 304 0
INFO 2026-03-26 13:06:23,502 basehttp "GET /static/assets/index-96644ca0.css HTTP/1.1" 304 0
INFO 2026-03-26 13:06:23,586 basehttp "GET /favicon.ico HTTP/1.1" 200 408
INFO 2026-03-26 13:06:23,589 basehttp "GET /api/public/walkin/ HTTP/1.1" 200 657
INFO 2026-03-26 13:06:23,591 basehttp "GET /api/auth/me/ HTTP/1.1" 200 270
INFO 2026-03-26 15:29:05,718 autoreload Watching for file changes with StatReloader
INFO 2026-03-26 15:29:09,870 basehttp "GET / HTTP/1.1" 200 408
INFO 2026-03-26 15:29:10,088 basehttp "GET /static/assets/index-96644ca0.css HTTP/1.1" 200 26901
INFO 2026-03-26 15:29:10,424 basehttp "GET /static/assets/index-ebd05541.js HTTP/1.1" 200 353545
INFO 2026-03-26 15:29:11,024 basehttp "GET /favicon.ico HTTP/1.1" 200 408
INFO 2026-03-26 15:29:11,029 basehttp "GET /api/auth/me/ HTTP/1.1" 200 249
INFO 2026-03-26 15:29:11,258 basehttp "GET /favicon.ico HTTP/1.1" 200 408
INFO 2026-03-26 15:29:23,662 basehttp "GET /login HTTP/1.1" 200 408
INFO 2026-03-26 15:29:23,700 basehttp "GET /static/assets/index-ebd05541.js HTTP/1.1" 200 353545
INFO 2026-03-26 15:29:23,707 basehttp "GET /static/assets/index-96644ca0.css HTTP/1.1" 200 26901
INFO 2026-03-26 15:29:23,799 basehttp "GET /favicon.ico HTTP/1.1" 200 408
INFO 2026-03-26 15:29:23,807 basehttp "GET /api/auth/me/ HTTP/1.1" 200 270
INFO 2026-03-26 15:29:35,077 basehttp "POST /api/auth/login/ HTTP/1.1" 200 857
INFO 2026-03-26 15:29:35,123 basehttp "GET /favicon.ico HTTP/1.1" 200 408
INFO 2026-03-26 15:29:35,158 basehttp "GET /api/dashboard/summary/ HTTP/1.1" 200 221
INFO 2026-03-26 15:29:53,145 basehttp "POST /api/auth/login/ HTTP/1.1" 200 866
INFO 2026-03-26 15:29:53,199 basehttp "GET /favicon.ico HTTP/1.1" 200 408
INFO 2026-03-26 15:29:53,222 basehttp "GET /api/dashboard/summary/ HTTP/1.1" 200 222
INFO 2026-03-26 15:29:56,753 basehttp "GET /favicon.ico HTTP/1.1" 200 408
INFO 2026-03-26 15:29:56,781 basehttp "GET /api/branches/ HTTP/1.1" 200 955
INFO 2026-03-26 15:29:56,782 basehttp "GET /api/users/ HTTP/1.1" 200 807
INFO 2026-03-26 15:31:52,351 basehttp "GET /admin/users HTTP/1.1" 200 408
INFO 2026-03-26 15:31:52,533 basehttp "GET /static/assets/index-8956fedc.js HTTP/1.1" 200 354043
INFO 2026-03-26 15:31:52,613 basehttp "GET /api/auth/me/ HTTP/1.1" 200 249
INFO 2026-03-26 15:31:52,646 basehttp "GET /favicon.ico HTTP/1.1" 200 408
INFO 2026-03-26 15:31:52,651 basehttp "GET /api/users/ HTTP/1.1" 200 807
INFO 2026-03-26 15:31:52,654 basehttp "GET /api/branches/ HTTP/1.1" 200 955
INFO 2026-03-26 15:32:00,516 basehttp "DELETE /api/users/2/ HTTP/1.1" 204 0
INFO 2026-03-26 15:32:00,551 basehttp "GET /api/users/ HTTP/1.1" 200 572
INFO 2026-03-26 15:32:00,555 basehttp "GET /api/branches/ HTTP/1.1" 200 955
WARNING 2026-03-26 15:33:04,774 log Bad Request: /api/users/
WARNING 2026-03-26 15:33:04,776 basehttp "POST /api/users/ HTTP/1.1" 400 50
INFO 2026-03-26 15:33:16,624 basehttp "POST /api/users/ HTTP/1.1" 201 249
INFO 2026-03-26 15:33:16,644 basehttp "GET /api/branches/ HTTP/1.1" 200 955
INFO 2026-03-26 15:33:16,656 basehttp "GET /api/users/ HTTP/1.1" 200 822
INFO 2026-03-26 15:33:26,340 basehttp "PATCH /api/users/3/ HTTP/1.1" 200 271
INFO 2026-03-26 15:33:26,360 basehttp "GET /api/branches/ HTTP/1.1" 200 955
INFO 2026-03-26 15:33:26,370 basehttp "GET /api/users/ HTTP/1.1" 200 823
INFO 2026-03-26 15:33:45,051 basehttp "GET /favicon.ico HTTP/1.1" 200 408
INFO 2026-03-26 15:33:45,073 basehttp "POST /api/auth/logout/ HTTP/1.1" 200 37
INFO 2026-03-26 15:33:53,305 basehttp "POST /api/auth/login/ HTTP/1.1" 200 807
INFO 2026-03-26 15:33:53,342 basehttp "GET /favicon.ico HTTP/1.1" 200 408
INFO 2026-03-26 15:33:53,368 basehttp "GET /api/dashboard/summary/ HTTP/1.1" 200 204
INFO 2026-03-26 15:33:59,995 basehttp "GET /favicon.ico HTTP/1.1" 200 408
INFO 2026-03-26 15:34:00,021 basehttp "GET /api/leads/ HTTP/1.1" 200 313
INFO 2026-03-26 15:34:03,762 basehttp "GET /api/leads/4/ HTTP/1.1" 200 381
INFO 2026-03-26 15:34:03,789 basehttp "GET /favicon.ico HTTP/1.1" 200 408
INFO 2026-03-26 15:34:12,287 basehttp "GET /favicon.ico HTTP/1.1" 200 408
INFO 2026-03-26 15:34:12,304 basehttp "GET /api/leads/ HTTP/1.1" 200 313
INFO 2026-03-26 15:34:13,930 basehttp "GET /favicon.ico HTTP/1.1" 200 408
INFO 2026-03-26 15:34:13,943 basehttp "GET /api/leads/4/ HTTP/1.1" 200 381
INFO 2026-03-26 15:34:14,988 basehttp "GET /favicon.ico HTTP/1.1" 200 408
INFO 2026-03-26 15:34:14,997 basehttp "GET /api/leads/ HTTP/1.1" 200 313
INFO 2026-03-26 15:43:29,390 basehttp "GET /favicon.ico HTTP/1.1" 200 408
INFO 2026-03-26 15:43:29,526 basehttp "POST /api/auth/logout/ HTTP/1.1" 200 37
INFO 2026-03-26 15:46:23,900 basehttp "POST /api/auth/login/ HTTP/1.1" 200 858
INFO 2026-03-26 15:46:23,937 basehttp "GET /favicon.ico HTTP/1.1" 200 408
INFO 2026-03-26 15:46:23,958 basehttp "GET /api/dashboard/summary/ HTTP/1.1" 200 221
INFO 2026-03-26 15:46:39,019 basehttp "GET /favicon.ico HTTP/1.1" 200 408
INFO 2026-03-26 15:46:39,033 basehttp "GET /api/courses/ HTTP/1.1" 200 675
INFO 2026-03-26 15:46:41,571 basehttp "GET /favicon.ico HTTP/1.1" 200 408
INFO 2026-03-26 15:46:41,587 basehttp "GET /api/leads/ HTTP/1.1" 200 593
INFO 2026-03-26 15:46:44,664 basehttp "GET /favicon.ico HTTP/1.1" 200 408
INFO 2026-03-26 15:46:44,683 basehttp "GET /api/dashboard/summary/ HTTP/1.1" 200 221
INFO 2026-03-26 15:47:03,395 basehttp "GET /favicon.ico HTTP/1.1" 200 408
INFO 2026-03-26 15:47:03,416 basehttp "GET /api/dashboard/summary/ HTTP/1.1" 200 222
INFO 2026-03-26 15:47:07,742 basehttp "GET /favicon.ico HTTP/1.1" 200 408
INFO 2026-03-26 15:47:07,764 basehttp "GET /api/leads/ HTTP/1.1" 200 1144
INFO 2026-03-26 15:47:10,023 basehttp "GET /favicon.ico HTTP/1.1" 200 408
INFO 2026-03-26 15:47:10,026 basehttp "GET /api/leads/4/ HTTP/1.1" 200 381
INFO 2026-03-26 15:47:13,341 basehttp "GET /leads/4 HTTP/1.1" 200 408
INFO 2026-03-26 15:47:13,365 basehttp "GET /static/assets/index-8956fedc.js HTTP/1.1" 304 0
INFO 2026-03-26 15:47:13,382 basehttp "GET /static/assets/index-96644ca0.css HTTP/1.1" 200 26901
INFO 2026-03-26 15:47:13,745 basehttp "GET /favicon.ico HTTP/1.1" 200 408
INFO 2026-03-26 15:47:13,749 basehttp "GET /api/auth/me/ HTTP/1.1" 200 249
INFO 2026-03-26 15:47:13,837 basehttp "GET /api/leads/4/ HTTP/1.1" 200 381
INFO 2026-03-26 15:47:15,966 basehttp "GET /favicon.ico HTTP/1.1" 200 408
INFO 2026-03-26 15:47:15,974 basehttp "GET /api/leads/ HTTP/1.1" 200 1144
INFO 2026-03-26 15:47:18,534 basehttp "GET /leads HTTP/1.1" 200 408
INFO 2026-03-26 15:47:18,619 basehttp "GET /api/auth/me/ HTTP/1.1" 200 249
INFO 2026-03-26 15:47:18,659 basehttp "GET /api/leads/ HTTP/1.1" 200 1144
INFO 2026-03-26 15:47:18,660 basehttp "GET /favicon.ico HTTP/1.1" 200 408
INFO 2026-03-26 15:47:45,038 basehttp "GET /leads HTTP/1.1" 200 408
INFO 2026-03-26 15:47:45,201 basehttp "GET /static/assets/index-cb0a40d0.js HTTP/1.1" 200 354736
INFO 2026-03-26 15:47:45,273 basehttp "GET /api/auth/me/ HTTP/1.1" 200 249
INFO 2026-03-26 15:47:45,302 basehttp "GET /favicon.ico HTTP/1.1" 200 408
INFO 2026-03-26 15:47:45,304 basehttp "GET /api/leads/ HTTP/1.1" 200 1144
INFO 2026-03-26 15:47:46,993 basehttp "GET /favicon.ico HTTP/1.1" 200 408
INFO 2026-03-26 15:47:46,996 basehttp "GET /api/leads/4/ HTTP/1.1" 200 381
INFO 2026-03-26 15:47:55,071 basehttp "GET /favicon.ico HTTP/1.1" 200 408
INFO 2026-03-26 15:47:55,094 basehttp "GET /api/leads/ HTTP/1.1" 200 1144
INFO 2026-03-26 15:48:09,229 basehttp "GET /favicon.ico HTTP/1.1" 200 408
INFO 2026-03-26 15:48:09,256 basehttp "GET /api/walkins/ HTTP/1.1" 200 2344
INFO 2026-03-26 15:48:16,326 basehttp "GET /favicon.ico HTTP/1.1" 200 408
INFO 2026-03-26 15:48:16,340 basehttp "GET /api/courses/ HTTP/1.1" 200 675
INFO 2026-03-26 15:48:16,340 basehttp "GET /api/walkins/3/ HTTP/1.1" 200 659
INFO 2026-03-26 15:48:26,201 basehttp "GET /favicon.ico HTTP/1.1" 200 408
INFO 2026-03-26 15:48:26,217 basehttp "GET /api/walkins/ HTTP/1.1" 200 2344
INFO 2026-03-26 15:48:31,423 basehttp "GET /favicon.ico HTTP/1.1" 200 408
INFO 2026-03-26 15:48:31,432 basehttp "GET /api/leads/ HTTP/1.1" 200 593
INFO 2026-03-26 15:48:33,161 basehttp "GET /favicon.ico HTTP/1.1" 200 408
INFO 2026-03-26 15:48:33,176 basehttp "GET /api/leads/3/ HTTP/1.1" 200 384
INFO 2026-03-26 15:48:39,175 basehttp "GET /favicon.ico HTTP/1.1" 200 408
INFO 2026-03-26 15:48:39,196 basehttp "GET /api/walkins/ HTTP/1.1" 200 716
INFO 2026-03-26 15:48:40,818 basehttp "GET /favicon.ico HTTP/1.1" 200 408
INFO 2026-03-26 15:48:40,823 basehttp "GET /api/courses/ HTTP/1.1" 200 675
INFO 2026-03-26 15:48:40,868 basehttp "GET /api/walkins/6/ HTTP/1.1" 200 705
INFO 2026-03-26 15:48:51,125 basehttp "GET /favicon.ico HTTP/1.1" 200 408
INFO 2026-03-26 15:48:51,142 basehttp "GET /api/leads/ HTTP/1.1" 200 593
INFO 2026-03-26 15:48:52,892 basehttp "GET /favicon.ico HTTP/1.1" 200 408
INFO 2026-03-26 15:48:52,904 basehttp "GET /api/courses/ HTTP/1.1" 200 675
INFO 2026-03-26 15:49:05,250 basehttp "GET /favicon.ico HTTP/1.1" 200 408
INFO 2026-03-26 15:49:05,266 basehttp "GET /api/leads/ HTTP/1.1" 200 593
INFO 2026-03-26 15:49:08,003 basehttp "GET /favicon.ico HTTP/1.1" 200 408
INFO 2026-03-26 15:49:08,030 basehttp "GET /api/enrollments/ HTTP/1.1" 200 305
INFO 2026-03-26 15:49:09,351 basehttp "GET /favicon.ico HTTP/1.1" 200 408
INFO 2026-03-26 15:49:09,376 basehttp "GET /api/enrollments/3/ HTTP/1.1" 200 988
INFO 2026-03-26 15:49:11,419 basehttp "GET /favicon.ico HTTP/1.1" 200 408
INFO 2026-03-26 15:49:11,426 basehttp "GET /api/walkins/ HTTP/1.1" 200 716
INFO 2026-03-26 15:49:12,882 basehttp "GET /api/walkins/6/ HTTP/1.1" 200 705
INFO 2026-03-26 15:49:12,885 basehttp "GET /favicon.ico HTTP/1.1" 200 408
INFO 2026-03-26 15:49:12,894 basehttp "GET /api/courses/ HTTP/1.1" 200 675
INFO 2026-03-26 15:49:26,133 basehttp "GET /favicon.ico HTTP/1.1" 200 408
INFO 2026-03-26 15:49:26,211 basehttp "GET /api/payments/ HTTP/1.1" 200 529
INFO 2026-03-26 15:49:30,934 basehttp "GET /favicon.ico HTTP/1.1" 200 408
INFO 2026-03-26 15:49:30,952 basehttp "GET /api/courses/ HTTP/1.1" 200 675
INFO 2026-03-26 15:49:40,637 basehttp "GET /favicon.ico HTTP/1.1" 200 408
INFO 2026-03-26 15:49:40,654 basehttp "GET /api/enrollments/ HTTP/1.1" 200 305
INFO 2026-03-26 15:49:46,039 basehttp "GET /api/enrollments/3/ HTTP/1.1" 200 988
INFO 2026-03-26 15:49:46,054 basehttp "GET /favicon.ico HTTP/1.1" 200 408
INFO 2026-03-26 15:49:47,999 basehttp "GET /favicon.ico HTTP/1.1" 200 408
INFO 2026-03-26 15:49:48,023 basehttp "GET /api/walkins/ HTTP/1.1" 200 716
INFO 2026-03-26 15:49:50,115 basehttp "GET /favicon.ico HTTP/1.1" 200 408
INFO 2026-03-26 15:49:50,137 basehttp "GET /api/walkins/6/ HTTP/1.1" 200 705
INFO 2026-03-26 15:49:50,145 basehttp "GET /api/courses/ HTTP/1.1" 200 675
INFO 2026-03-26 15:52:05,754 basehttp "GET /favicon.ico HTTP/1.1" 200 408
INFO 2026-03-26 15:52:05,767 basehttp "GET /api/walkins/ HTTP/1.1" 200 716
INFO 2026-03-26 15:52:07,223 basehttp "GET /favicon.ico HTTP/1.1" 200 408
INFO 2026-03-26 15:52:07,227 basehttp "GET /api/courses/ HTTP/1.1" 200 675
INFO 2026-03-26 15:52:07,266 basehttp "GET /api/walkins/5/ HTTP/1.1" 200 661
INFO 2026-03-26 15:52:22,421 basehttp "GET /favicon.ico HTTP/1.1" 200 408
INFO 2026-03-26 15:52:22,441 basehttp "GET /api/enrollments/ HTTP/1.1" 200 305
INFO 2026-03-26 15:52:23,821 basehttp "GET /favicon.ico HTTP/1.1" 200 408
INFO 2026-03-26 15:52:23,834 basehttp "GET /api/enrollments/3/ HTTP/1.1" 200 988
INFO 2026-03-26 15:52:27,649 basehttp "GET /favicon.ico HTTP/1.1" 200 408
INFO 2026-03-26 15:52:27,665 basehttp "GET /api/enrollments/ HTTP/1.1" 200 305
INFO 2026-03-26 15:52:29,290 basehttp "GET /favicon.ico HTTP/1.1" 200 408
INFO 2026-03-26 15:52:29,304 basehttp "GET /api/enrollments/3/ HTTP/1.1" 200 988
INFO 2026-03-26 15:55:55,689 autoreload C:\Users\Welcome\Desktop\CRM\March 24\files\crm\models.py changed, reloading.
INFO 2026-03-26 15:55:58,403 autoreload Watching for file changes with StatReloader
INFO 2026-03-26 15:56:49,206 basehttp "GET / HTTP/1.1" 200 408
INFO 2026-03-26 15:56:49,394 basehttp "GET /static/assets/index-96644ca0.css HTTP/1.1" 200 26901
INFO 2026-03-26 15:56:49,773 basehttp "GET /static/assets/index-7e0259ab.js HTTP/1.1" 200 354673
INFO 2026-03-26 15:56:50,458 basehttp "GET /favicon.ico HTTP/1.1" 200 408
INFO 2026-03-26 15:56:50,484 basehttp "GET /api/auth/me/ HTTP/1.1" 200 249
INFO 2026-03-26 15:56:50,780 basehttp "GET /favicon.ico HTTP/1.1" 200 408
INFO 2026-03-26 15:57:03,032 basehttp "POST /api/auth/login/ HTTP/1.1" 200 866
INFO 2026-03-26 15:57:03,097 basehttp "GET /favicon.ico HTTP/1.1" 200 408
INFO 2026-03-26 15:57:03,122 basehttp "GET /api/dashboard/summary/ HTTP/1.1" 200 222
INFO 2026-03-26 15:58:36,579 basehttp "GET /favicon.ico HTTP/1.1" 200 408
INFO 2026-03-26 15:58:36,592 basehttp "GET /api/courses/ HTTP/1.1" 200 675
INFO 2026-03-26 15:58:42,375 basehttp "GET /enrollments/3 HTTP/1.1" 200 408
INFO 2026-03-26 15:58:42,410 basehttp "GET /static/assets/index-96644ca0.css HTTP/1.1" 200 26901
INFO 2026-03-26 15:58:42,416 basehttp "GET /static/assets/index-7e0259ab.js HTTP/1.1" 200 354673
INFO 2026-03-26 15:58:42,494 basehttp "GET /favicon.ico HTTP/1.1" 200 408
INFO 2026-03-26 15:58:42,505 basehttp "GET /api/auth/me/ HTTP/1.1" 200 271
INFO 2026-03-26 15:58:42,575 basehttp "GET /api/enrollments/3/ HTTP/1.1" 200 1006
INFO 2026-03-26 15:58:46,112 basehttp "GET /api/dashboard/summary/ HTTP/1.1" 200 221
INFO 2026-03-26 15:58:46,130 basehttp "GET /favicon.ico HTTP/1.1" 200 408
INFO 2026-03-26 16:06:53,622 basehttp "GET /favicon.ico HTTP/1.1" 200 408
INFO 2026-03-26 16:06:53,631 basehttp "GET /api/courses/ HTTP/1.1" 200 675
INFO 2026-03-26 16:06:59,756 basehttp "GET /favicon.ico HTTP/1.1" 200 408
INFO 2026-03-26 16:06:59,767 basehttp "GET /api/leads/ HTTP/1.1" 200 593
INFO 2026-03-26 16:07:01,145 basehttp "GET /favicon.ico HTTP/1.1" 200 408
INFO 2026-03-26 16:07:01,156 basehttp "GET /api/walkins/ HTTP/1.1" 200 716
INFO 2026-03-26 16:07:06,390 basehttp "GET /public/walk-in HTTP/1.1" 200 408
INFO 2026-03-26 16:07:06,432 basehttp "GET /static/assets/index-96644ca0.css HTTP/1.1" 304 0
INFO 2026-03-26 16:07:06,433 basehttp "GET /static/assets/index-7e0259ab.js HTTP/1.1" 304 0
INFO 2026-03-26 16:07:06,525 basehttp "GET /favicon.ico HTTP/1.1" 200 408
INFO 2026-03-26 16:07:06,526 basehttp "GET /api/auth/me/ HTTP/1.1" 200 271
INFO 2026-03-26 16:07:06,527 basehttp "GET /api/public/walkin/ HTTP/1.1" 200 657
INFO 2026-03-26 16:08:11,388 basehttp "POST /api/public/walkin/ HTTP/1.1" 201 87
INFO 2026-03-26 16:08:25,838 basehttp "GET /favicon.ico HTTP/1.1" 200 408
INFO 2026-03-26 16:09:23,780 basehttp "GET /walkins HTTP/1.1" 200 408
INFO 2026-03-26 16:09:23,811 basehttp "GET /static/assets/index-96644ca0.css HTTP/1.1" 200 26901
INFO 2026-03-26 16:09:24,039 basehttp "GET /static/assets/index-241a43e0.js HTTP/1.1" 200 356414
INFO 2026-03-26 16:09:24,075 basehttp "GET /favicon.ico HTTP/1.1" 200 408
INFO 2026-03-26 16:09:24,078 basehttp "GET /api/auth/me/ HTTP/1.1" 200 271
INFO 2026-03-26 16:09:24,098 basehttp "GET /api/walkins/ HTTP/1.1" 200 1074
INFO 2026-03-26 16:09:27,586 basehttp "GET /favicon.ico HTTP/1.1" 200 408
INFO 2026-03-26 16:09:27,595 basehttp "GET /api/leads/ HTTP/1.1" 200 593
INFO 2026-03-26 16:09:29,045 basehttp "GET /favicon.ico HTTP/1.1" 200 408
INFO 2026-03-26 16:09:29,061 basehttp "GET /api/dashboard/summary/ HTTP/1.1" 200 221
INFO 2026-03-26 16:09:31,396 basehttp "GET /dashboard HTTP/1.1" 200 408
INFO 2026-03-26 16:09:31,418 basehttp "GET /static/assets/index-96644ca0.css HTTP/1.1" 304 0
INFO 2026-03-26 16:09:31,419 basehttp "GET /static/assets/index-241a43e0.js HTTP/1.1" 304 0
INFO 2026-03-26 16:09:31,442 basehttp "GET /api/auth/me/ HTTP/1.1" 200 271
INFO 2026-03-26 16:09:31,442 basehttp "GET /favicon.ico HTTP/1.1" 200 408
INFO 2026-03-26 16:09:31,476 basehttp "GET /api/dashboard/summary/ HTTP/1.1" 200 221
INFO 2026-03-26 16:09:34,478 basehttp "GET / HTTP/1.1" 200 408
INFO 2026-03-26 16:09:34,506 basehttp "GET /favicon.ico HTTP/1.1" 200 408
INFO 2026-03-26 16:09:34,513 basehttp "GET /api/auth/me/ HTTP/1.1" 200 271
INFO 2026-03-26 16:09:34,524 basehttp "GET /favicon.ico HTTP/1.1" 200 408
INFO 2026-03-26 16:09:45,528 basehttp "POST /api/auth/login/ HTTP/1.1" 200 858
INFO 2026-03-26 16:09:45,547 basehttp "GET /favicon.ico HTTP/1.1" 200 408
INFO 2026-03-26 16:09:45,570 basehttp "GET /api/dashboard/summary/ HTTP/1.1" 200 221
INFO 2026-03-26 16:09:50,770 basehttp "GET /favicon.ico HTTP/1.1" 200 408
INFO 2026-03-26 16:09:50,790 basehttp "GET /api/enrollments/ HTTP/1.1" 200 305
INFO 2026-03-26 16:09:52,482 basehttp "GET /favicon.ico HTTP/1.1" 200 408
INFO 2026-03-26 16:09:52,515 basehttp "GET /api/enrollments/3/ HTTP/1.1" 200 1006
INFO 2026-03-26 16:10:13,794 basehttp "PATCH /api/enrollments/3/ HTTP/1.1" 200 1020
INFO 2026-03-26 16:10:18,159 basehttp "GET /favicon.ico HTTP/1.1" 200 408
INFO 2026-03-26 16:10:18,178 basehttp "GET /api/enrollments/ HTTP/1.1" 200 305
INFO 2026-03-26 16:10:19,771 basehttp "GET /favicon.ico HTTP/1.1" 200 408
INFO 2026-03-26 16:10:19,792 basehttp "GET /api/enrollments/3/ HTTP/1.1" 200 1020
INFO 2026-03-26 16:10:22,346 basehttp "GET /favicon.ico HTTP/1.1" 200 408
INFO 2026-03-26 16:10:22,364 basehttp "GET /api/walkins/ HTTP/1.1" 200 1074
INFO 2026-03-26 16:10:24,463 basehttp "GET /api/walkins/8/ HTTP/1.1" 200 720
INFO 2026-03-26 16:10:24,471 basehttp "GET /api/courses/ HTTP/1.1" 200 675
INFO 2026-03-26 16:10:24,483 basehttp "GET /favicon.ico HTTP/1.1" 200 408
INFO 2026-03-26 16:13:08,121 basehttp "GET /walkins/8 HTTP/1.1" 200 408
INFO 2026-03-26 16:13:08,156 basehttp "GET /static/assets/index-96644ca0.css HTTP/1.1" 200 26901
INFO 2026-03-26 16:13:08,296 basehttp "GET /static/assets/index-c1ca3ab0.js HTTP/1.1" 200 356313
INFO 2026-03-26 16:13:08,347 basehttp "GET /favicon.ico HTTP/1.1" 200 408
INFO 2026-03-26 16:13:08,353 basehttp "GET /api/auth/me/ HTTP/1.1" 200 271
INFO 2026-03-26 16:13:08,398 basehttp "GET /api/courses/ HTTP/1.1" 200 675
INFO 2026-03-26 16:13:08,398 basehttp "GET /api/walkins/8/ HTTP/1.1" 200 720
INFO 2026-03-26 16:14:09,995 basehttp "GET /api/enrollments/ HTTP/1.1" 200 305
INFO 2026-03-26 16:14:09,995 basehttp "GET /favicon.ico HTTP/1.1" 200 408
INFO 2026-03-26 16:14:13,420 basehttp "GET /enrollments HTTP/1.1" 200 408
INFO 2026-03-26 16:14:13,456 basehttp "GET /static/assets/index-96644ca0.css HTTP/1.1" 200 26901
INFO 2026-03-26 16:14:13,587 basehttp "GET /static/assets/index-e6fb790d.js HTTP/1.1" 200 356307
INFO 2026-03-26 16:14:13,621 basehttp "GET /favicon.ico HTTP/1.1" 200 408
INFO 2026-03-26 16:14:13,627 basehttp "GET /api/auth/me/ HTTP/1.1" 200 271
INFO 2026-03-26 16:14:13,655 basehttp "GET /api/enrollments/ HTTP/1.1" 200 305
INFO 2026-03-26 16:14:15,883 basehttp "GET /favicon.ico HTTP/1.1" 200 408
INFO 2026-03-26 16:14:15,901 basehttp "GET /api/dashboard/summary/ HTTP/1.1" 200 221
INFO 2026-03-26 16:17:08,570 basehttp "GET /dashboard HTTP/1.1" 200 408
INFO 2026-03-26 16:17:08,590 basehttp "GET /static/assets/index-e6fb790d.js HTTP/1.1" 304 0
INFO 2026-03-26 16:17:08,591 basehttp "GET /static/assets/index-96644ca0.css HTTP/1.1" 304 0
INFO 2026-03-26 16:17:08,615 basehttp "GET /favicon.ico HTTP/1.1" 200 408
INFO 2026-03-26 16:17:08,616 basehttp "GET /api/auth/me/ HTTP/1.1" 200 271
INFO 2026-03-26 16:17:08,652 basehttp "GET /api/dashboard/summary/ HTTP/1.1" 200 221
INFO 2026-03-26 16:17:12,868 basehttp "GET /favicon.ico HTTP/1.1" 200 408
INFO 2026-03-26 16:17:12,882 basehttp "GET /api/courses/ HTTP/1.1" 200 675
INFO 2026-03-26 16:17:14,702 basehttp "GET /favicon.ico HTTP/1.1" 200 408
INFO 2026-03-26 16:17:14,719 basehttp "GET /api/leads/ HTTP/1.1" 200 593
INFO 2026-03-26 16:17:16,022 basehttp "GET /favicon.ico HTTP/1.1" 200 408
INFO 2026-03-26 16:17:16,023 basehttp "GET /api/walkins/ HTTP/1.1" 200 1074
INFO 2026-03-26 16:17:17,857 basehttp "GET /favicon.ico HTTP/1.1" 200 408
INFO 2026-03-26 16:17:17,865 basehttp "GET /api/courses/ HTTP/1.1" 200 675
INFO 2026-03-26 16:17:17,883 basehttp "GET /api/walkins/8/ HTTP/1.1" 200 720
INFO 2026-03-26 16:17:28,258 basehttp "GET /walkins/8 HTTP/1.1" 200 408
INFO 2026-03-26 16:17:28,283 basehttp "GET /favicon.ico HTTP/1.1" 200 408
INFO 2026-03-26 16:17:28,290 basehttp "GET /api/auth/me/ HTTP/1.1" 200 271
INFO 2026-03-26 16:17:28,325 basehttp "GET /api/courses/ HTTP/1.1" 200 675
INFO 2026-03-26 16:17:28,325 basehttp "GET /api/walkins/8/ HTTP/1.1" 200 720
INFO 2026-03-26 16:17:31,477 basehttp "GET /favicon.ico HTTP/1.1" 200 408
INFO 2026-03-26 16:17:31,538 basehttp "POST /api/auth/logout/ HTTP/1.1" 200 37
INFO 2026-03-26 16:17:39,126 basehttp "POST /api/auth/login/ HTTP/1.1" 200 858
INFO 2026-03-26 16:17:39,145 basehttp "GET /favicon.ico HTTP/1.1" 200 408
INFO 2026-03-26 16:17:39,171 basehttp "GET /api/dashboard/summary/ HTTP/1.1" 200 221
INFO 2026-03-26 16:17:41,390 basehttp "GET /favicon.ico HTTP/1.1" 200 408
INFO 2026-03-26 16:17:41,408 basehttp "GET /api/enrollments/ HTTP/1.1" 200 305
INFO 2026-03-26 16:17:43,672 basehttp "GET /favicon.ico HTTP/1.1" 200 408
INFO 2026-03-26 16:17:43,689 basehttp "GET /api/walkins/ HTTP/1.1" 200 1074
INFO 2026-03-26 16:17:47,300 basehttp "GET /favicon.ico HTTP/1.1" 200 408
INFO 2026-03-26 16:17:47,332 basehttp "GET /api/walkins/8/ HTTP/1.1" 200 720
INFO 2026-03-26 16:17:47,333 basehttp "GET /api/courses/ HTTP/1.1" 200 675
INFO 2026-03-26 16:18:03,262 basehttp "GET /favicon.ico HTTP/1.1" 200 408
INFO 2026-03-26 16:18:03,276 basehttp "GET /api/courses/ HTTP/1.1" 200 675
INFO 2026-03-26 16:18:10,699 basehttp "GET /favicon.ico HTTP/1.1" 200 408
INFO 2026-03-26 16:18:10,720 basehttp "GET /api/enrollments/ HTTP/1.1" 200 305
INFO 2026-03-26 16:18:12,113 basehttp "GET /favicon.ico HTTP/1.1" 200 408
INFO 2026-03-26 16:18:12,133 basehttp "GET /api/walkins/ HTTP/1.1" 200 1074
INFO 2026-03-26 16:18:13,761 basehttp "GET /favicon.ico HTTP/1.1" 200 408
INFO 2026-03-26 16:18:13,773 basehttp "GET /api/walkins/8/ HTTP/1.1" 200 720
INFO 2026-03-26 16:18:13,786 basehttp "GET /api/courses/ HTTP/1.1" 200 675
INFO 2026-03-26 16:18:29,798 autoreload Watching for file changes with StatReloader
INFO 2026-03-26 16:18:37,206 basehttp "GET / HTTP/1.1" 200 408
INFO 2026-03-26 16:18:37,230 basehttp "GET /static/assets/index-e6fb790d.js HTTP/1.1" 304 0
INFO 2026-03-26 16:18:37,230 basehttp "GET /static/assets/index-96644ca0.css HTTP/1.1" 304 0
INFO 2026-03-26 16:18:37,316 basehttp "GET /api/auth/me/ HTTP/1.1" 200 271
INFO 2026-03-26 16:18:38,026 basehttp "GET /favicon.ico HTTP/1.1" 200 408
INFO 2026-03-26 16:18:45,861 basehttp "POST /api/auth/login/ HTTP/1.1" 200 858
INFO 2026-03-26 16:18:45,907 basehttp "GET /favicon.ico HTTP/1.1" 200 408
INFO 2026-03-26 16:18:45,935 basehttp "GET /api/dashboard/summary/ HTTP/1.1" 200 221
INFO 2026-03-26 16:18:48,313 basehttp "GET /favicon.ico HTTP/1.1" 200 408
INFO 2026-03-26 16:18:48,347 basehttp "GET /api/walkins/ HTTP/1.1" 200 1074
INFO 2026-03-26 16:18:49,905 basehttp "GET /api/walkins/8/ HTTP/1.1" 200 720
INFO 2026-03-26 16:18:49,905 basehttp "GET /favicon.ico HTTP/1.1" 200 408
INFO 2026-03-26 16:18:49,910 basehttp "GET /api/courses/ HTTP/1.1" 200 675
INFO 2026-03-26 16:20:03,496 basehttp "GET /walkins/8 HTTP/1.1" 200 408
INFO 2026-03-26 16:20:03,609 basehttp "GET /static/assets/index-96644ca0.css HTTP/1.1" 200 26901
INFO 2026-03-26 16:20:04,006 basehttp "GET /static/assets/index-e6fb790d.js HTTP/1.1" 200 356307
INFO 2026-03-26 16:20:04,034 basehttp "GET /favicon.ico HTTP/1.1" 200 408
INFO 2026-03-26 16:20:04,039 basehttp "GET /api/auth/me/ HTTP/1.1" 200 271
INFO 2026-03-26 16:20:04,067 basehttp "GET /api/walkins/8/ HTTP/1.1" 200 720
INFO 2026-03-26 16:20:04,081 basehttp "GET /api/courses/ HTTP/1.1" 200 675
INFO 2026-03-26 16:20:09,791 basehttp "GET /walkins/8 HTTP/1.1" 200 408
INFO 2026-03-26 16:20:09,821 basehttp "GET /static/assets/index-e6fb790d.js HTTP/1.1" 304 0
INFO 2026-03-26 16:20:09,828 basehttp "GET /static/assets/index-96644ca0.css HTTP/1.1" 304 0
INFO 2026-03-26 16:20:09,868 basehttp "GET /favicon.ico HTTP/1.1" 200 408
INFO 2026-03-26 16:20:09,870 basehttp "GET /api/auth/me/ HTTP/1.1" 200 271
INFO 2026-03-26 16:20:09,919 basehttp "GET /api/courses/ HTTP/1.1" 200 675
INFO 2026-03-26 16:20:09,932 basehttp "GET /api/walkins/8/ HTTP/1.1" 200 720
INFO 2026-03-26 16:20:10,874 basehttp "GET /walkins/8 HTTP/1.1" 200 408
INFO 2026-03-26 16:20:10,907 basehttp "GET /favicon.ico HTTP/1.1" 200 408
INFO 2026-03-26 16:20:10,917 basehttp "GET /api/auth/me/ HTTP/1.1" 200 271
INFO 2026-03-26 16:20:10,958 basehttp "GET /api/courses/ HTTP/1.1" 200 675
INFO 2026-03-26 16:20:10,965 basehttp "GET /api/walkins/8/ HTTP/1.1" 200 720
INFO 2026-03-26 16:20:11,015 basehttp "GET /walkins/8 HTTP/1.1" 200 408
INFO 2026-03-26 16:20:11,053 basehttp "GET /favicon.ico HTTP/1.1" 200 408
INFO 2026-03-26 16:20:11,063 basehttp "GET /api/auth/me/ HTTP/1.1" 200 271
INFO 2026-03-26 16:20:11,108 basehttp "GET /api/walkins/8/ HTTP/1.1" 200 720
INFO 2026-03-26 16:20:11,109 basehttp "GET /api/courses/ HTTP/1.1" 200 675
INFO 2026-03-26 16:20:11,240 basehttp "GET /walkins/8 HTTP/1.1" 200 408
INFO 2026-03-26 16:20:11,272 basehttp "GET /favicon.ico HTTP/1.1" 200 408
INFO 2026-03-26 16:20:11,281 basehttp "GET /api/auth/me/ HTTP/1.1" 200 271
INFO 2026-03-26 16:20:11,322 basehttp "GET /api/walkins/8/ HTTP/1.1" 200 720
INFO 2026-03-26 16:20:11,324 basehttp "GET /api/courses/ HTTP/1.1" 200 675
INFO 2026-03-26 16:20:11,414 basehttp "GET /walkins/8 HTTP/1.1" 200 408
INFO 2026-03-26 16:20:11,446 basehttp "GET /favicon.ico HTTP/1.1" 200 408
INFO 2026-03-26 16:20:11,454 basehttp "GET /api/auth/me/ HTTP/1.1" 200 271
INFO 2026-03-26 16:20:11,499 basehttp "GET /api/walkins/8/ HTTP/1.1" 200 720
INFO 2026-03-26 16:20:11,500 basehttp "GET /api/courses/ HTTP/1.1" 200 675
INFO 2026-03-26 16:20:11,565 basehttp "GET /walkins/8 HTTP/1.1" 200 408
INFO 2026-03-26 16:20:11,600 basehttp "GET /favicon.ico HTTP/1.1" 200 408
INFO 2026-03-26 16:20:11,613 basehttp "GET /api/auth/me/ HTTP/1.1" 200 271
INFO 2026-03-26 16:20:11,662 basehttp "GET /api/walkins/8/ HTTP/1.1" 200 720
INFO 2026-03-26 16:20:11,676 basehttp "GET /api/courses/ HTTP/1.1" 200 675
INFO 2026-03-26 16:20:11,748 basehttp "GET /walkins/8 HTTP/1.1" 200 408
INFO 2026-03-26 16:20:11,792 basehttp "GET /favicon.ico HTTP/1.1" 200 408
INFO 2026-03-26 16:20:11,800 basehttp "GET /api/auth/me/ HTTP/1.1" 200 271
INFO 2026-03-26 16:20:11,846 basehttp "GET /api/walkins/8/ HTTP/1.1" 200 720
INFO 2026-03-26 16:20:11,848 basehttp "GET /api/courses/ HTTP/1.1" 200 675
INFO 2026-03-26 16:20:11,919 basehttp "GET /walkins/8 HTTP/1.1" 200 408
INFO 2026-03-26 16:20:11,951 basehttp "GET /static/assets/index-e6fb790d.js HTTP/1.1" 304 0
INFO 2026-03-26 16:20:11,951 basehttp "GET /static/assets/index-96644ca0.css HTTP/1.1" 304 0
INFO 2026-03-26 16:20:11,987 basehttp "GET /favicon.ico HTTP/1.1" 200 408
INFO 2026-03-26 16:20:11,996 basehttp "GET /api/auth/me/ HTTP/1.1" 200 271
INFO 2026-03-26 16:20:12,030 basehttp "GET /api/courses/ HTTP/1.1" 200 675
INFO 2026-03-26 16:20:12,046 basehttp "GET /api/walkins/8/ HTTP/1.1" 200 720
INFO 2026-03-26 16:20:12,046 basehttp "GET /walkins/8 HTTP/1.1" 200 408
INFO 2026-03-26 16:20:12,071 basehttp "GET /favicon.ico HTTP/1.1" 200 408
INFO 2026-03-26 16:20:12,078 basehttp "GET /api/auth/me/ HTTP/1.1" 200 271
INFO 2026-03-26 16:20:12,118 basehttp "GET /api/courses/ HTTP/1.1" 200 675
INFO 2026-03-26 16:20:12,126 basehttp "GET /api/walkins/8/ HTTP/1.1" 200 720
INFO 2026-03-26 16:20:12,524 basehttp "GET /walkins/8 HTTP/1.1" 200 408
INFO 2026-03-26 16:20:12,564 basehttp "GET /favicon.ico HTTP/1.1" 200 408
INFO 2026-03-26 16:20:12,576 basehttp "GET /api/auth/me/ HTTP/1.1" 200 271
INFO 2026-03-26 16:20:12,616 basehttp "GET /api/walkins/8/ HTTP/1.1" 200 720
INFO 2026-03-26 16:20:12,620 basehttp "GET /api/courses/ HTTP/1.1" 200 675
INFO 2026-03-26 16:20:12,998 basehttp "GET /walkins/8 HTTP/1.1" 200 408
INFO 2026-03-26 16:20:13,035 basehttp "GET /favicon.ico HTTP/1.1" 200 408
INFO 2026-03-26 16:20:13,045 basehttp "GET /api/auth/me/ HTTP/1.1" 200 271
INFO 2026-03-26 16:20:13,095 basehttp "GET /api/walkins/8/ HTTP/1.1" 200 720
INFO 2026-03-26 16:20:13,095 basehttp "GET /api/courses/ HTTP/1.1" 200 675
INFO 2026-03-26 16:20:37,174 basehttp "GET / HTTP/1.1" 200 408
INFO 2026-03-26 16:20:37,196 basehttp "GET /static/assets/index-e6fb790d.js HTTP/1.1" 304 0
INFO 2026-03-26 16:20:37,197 basehttp "GET /static/assets/index-96644ca0.css HTTP/1.1" 304 0
INFO 2026-03-26 16:20:37,219 basehttp "GET /favicon.ico HTTP/1.1" 200 408
INFO 2026-03-26 16:20:37,230 basehttp "GET /api/auth/me/ HTTP/1.1" 200 271
INFO 2026-03-26 16:20:37,249 basehttp "GET /favicon.ico HTTP/1.1" 200 408
INFO 2026-03-26 16:20:52,610 basehttp "GET / HTTP/1.1" 200 408
INFO 2026-03-26 16:20:52,655 basehttp "GET /static/assets/index-e6fb790d.js HTTP/1.1" 304 0
INFO 2026-03-26 16:20:52,656 basehttp "GET /static/assets/index-96644ca0.css HTTP/1.1" 304 0
INFO 2026-03-26 16:20:52,710 basehttp "GET /favicon.ico HTTP/1.1" 200 408
INFO 2026-03-26 16:20:52,713 basehttp "GET /api/auth/me/ HTTP/1.1" 200 271
INFO 2026-03-26 16:20:52,729 basehttp "GET /favicon.ico HTTP/1.1" 200 408
INFO 2026-03-26 16:21:07,048 basehttp "POST /api/auth/login/ HTTP/1.1" 200 858
INFO 2026-03-26 16:21:07,084 basehttp "GET /favicon.ico HTTP/1.1" 200 408
INFO 2026-03-26 16:21:07,116 basehttp "GET /api/dashboard/summary/ HTTP/1.1" 200 221
INFO 2026-03-26 16:21:11,446 basehttp "GET /favicon.ico HTTP/1.1" 200 408
INFO 2026-03-26 16:21:11,472 basehttp "GET /api/enrollments/ HTTP/1.1" 200 305
INFO 2026-03-26 16:21:13,486 basehttp "GET /favicon.ico HTTP/1.1" 200 408
INFO 2026-03-26 16:21:13,508 basehttp "GET /api/walkins/ HTTP/1.1" 200 1074
INFO 2026-03-26 16:21:15,942 basehttp "GET /favicon.ico HTTP/1.1" 200 408
INFO 2026-03-26 16:21:15,966 basehttp "GET /api/courses/ HTTP/1.1" 200 675
INFO 2026-03-26 16:21:15,973 basehttp "GET /api/walkins/8/ HTTP/1.1" 200 720
INFO 2026-03-26 16:23:04,253 autoreload Watching for file changes with StatReloader
INFO 2026-03-26 16:23:08,244 basehttp "GET / HTTP/1.1" 200 408
INFO 2026-03-26 16:23:08,402 basehttp "GET /static/assets/index-96644ca0.css HTTP/1.1" 200 26901
INFO 2026-03-26 16:23:08,742 basehttp "GET /static/assets/index-4e038725.js HTTP/1.1" 200 356186
INFO 2026-03-26 16:23:09,319 basehttp "GET /favicon.ico HTTP/1.1" 200 408
INFO 2026-03-26 16:23:09,333 basehttp "GET /api/auth/me/ HTTP/1.1" 200 249
INFO 2026-03-26 16:23:09,351 basehttp "GET /favicon.ico HTTP/1.1" 200 408
INFO 2026-03-26 16:23:16,926 basehttp "GET /walkins/8 HTTP/1.1" 200 408
INFO 2026-03-26 16:23:17,007 basehttp "GET /static/assets/index-96644ca0.css HTTP/1.1" 200 26901
INFO 2026-03-26 16:23:17,020 basehttp "GET /static/assets/index-4e038725.js HTTP/1.1" 200 356186
INFO 2026-03-26 16:23:17,072 basehttp "GET /favicon.ico HTTP/1.1" 200 408
INFO 2026-03-26 16:23:17,083 basehttp "GET /api/auth/me/ HTTP/1.1" 200 271
INFO 2026-03-26 16:23:17,133 basehttp "GET /api/walkins/8/ HTTP/1.1" 200 720
INFO 2026-03-26 16:23:17,148 basehttp "GET /api/courses/ HTTP/1.1" 200 675
INFO 2026-03-26 16:23:20,751 basehttp "GET /login HTTP/1.1" 200 408
INFO 2026-03-26 16:23:20,861 basehttp "GET /favicon.ico HTTP/1.1" 200 408
INFO 2026-03-26 16:23:20,868 basehttp "GET /api/auth/me/ HTTP/1.1" 200 271
INFO 2026-03-26 16:23:32,440 basehttp "POST /api/auth/login/ HTTP/1.1" 200 858
INFO 2026-03-26 16:23:32,478 basehttp "GET /favicon.ico HTTP/1.1" 200 408
INFO 2026-03-26 16:23:32,508 basehttp "GET /api/dashboard/summary/ HTTP/1.1" 200 221
INFO 2026-03-26 16:23:35,245 basehttp "GET /favicon.ico HTTP/1.1" 200 408
INFO 2026-03-26 16:23:35,278 basehttp "GET /api/walkins/ HTTP/1.1" 200 1074
INFO 2026-03-26 16:23:36,794 basehttp "GET /favicon.ico HTTP/1.1" 200 408
INFO 2026-03-26 16:23:36,812 basehttp "GET /api/walkins/8/ HTTP/1.1" 200 720
INFO 2026-03-26 16:23:36,817 basehttp "GET /api/courses/ HTTP/1.1" 200 675
INFO 2026-03-26 16:23:39,087 basehttp "GET /walkins/8 HTTP/1.1" 200 408
INFO 2026-03-26 16:23:39,117 basehttp "GET /static/assets/index-4e038725.js HTTP/1.1" 304 0
INFO 2026-03-26 16:23:39,122 basehttp "GET /static/assets/index-96644ca0.css HTTP/1.1" 304 0
INFO 2026-03-26 16:23:39,141 basehttp "GET /favicon.ico HTTP/1.1" 200 408
INFO 2026-03-26 16:23:39,152 basehttp "GET /api/auth/me/ HTTP/1.1" 200 271
INFO 2026-03-26 16:23:39,209 basehttp "GET /api/courses/ HTTP/1.1" 200 675
INFO 2026-03-26 16:23:39,209 basehttp "GET /api/walkins/8/ HTTP/1.1" 200 720
INFO 2026-03-26 16:41:51,590 basehttp "GET /walkins/8 HTTP/1.1" 200 408
INFO 2026-03-26 16:41:51,618 basehttp "GET /static/assets/index-4e038725.js HTTP/1.1" 304 0
INFO 2026-03-26 16:41:51,621 basehttp "GET /static/assets/index-96644ca0.css HTTP/1.1" 304 0
INFO 2026-03-26 16:41:51,654 basehttp "GET /favicon.ico HTTP/1.1" 200 408
INFO 2026-03-26 16:41:51,661 basehttp "GET /api/auth/me/ HTTP/1.1" 200 271
INFO 2026-03-26 16:41:51,695 basehttp "GET /api/courses/ HTTP/1.1" 200 675
INFO 2026-03-26 16:41:51,695 basehttp "GET /api/walkins/8/ HTTP/1.1" 200 720
INFO 2026-03-26 16:41:52,669 basehttp "GET /walkins/8 HTTP/1.1" 200 408
INFO 2026-03-26 16:41:52,719 basehttp "GET /favicon.ico HTTP/1.1" 200 408
INFO 2026-03-26 16:41:52,726 basehttp "GET /api/auth/me/ HTTP/1.1" 200 271
INFO 2026-03-26 16:41:52,755 basehttp "GET /api/courses/ HTTP/1.1" 200 675
INFO 2026-03-26 16:41:52,761 basehttp "GET /api/walkins/8/ HTTP/1.1" 200 720
INFO 2026-03-26 16:41:52,821 basehttp "GET /walkins/8 HTTP/1.1" 200 408
INFO 2026-03-26 16:41:52,859 basehttp "GET /favicon.ico HTTP/1.1" 200 408
INFO 2026-03-26 16:41:52,864 basehttp "GET /api/auth/me/ HTTP/1.1" 200 271
INFO 2026-03-26 16:41:52,886 basehttp "GET /api/walkins/8/ HTTP/1.1" 200 720
INFO 2026-03-26 16:41:52,900 basehttp "GET /api/courses/ HTTP/1.1" 200 675
INFO 2026-03-26 16:41:52,991 basehttp "GET /walkins/8 HTTP/1.1" 200 408
INFO 2026-03-26 16:41:53,019 basehttp "GET /favicon.ico HTTP/1.1" 200 408
INFO 2026-03-26 16:41:53,025 basehttp "GET /api/auth/me/ HTTP/1.1" 200 271
INFO 2026-03-26 16:41:53,049 basehttp "GET /api/walkins/8/ HTTP/1.1" 200 720
INFO 2026-03-26 16:41:53,049 basehttp "GET /api/courses/ HTTP/1.1" 200 675
INFO 2026-03-26 16:41:53,168 basehttp "GET /walkins/8 HTTP/1.1" 200 408
INFO 2026-03-26 16:41:53,196 basehttp "GET /favicon.ico HTTP/1.1" 200 408
INFO 2026-03-26 16:41:53,201 basehttp "GET /api/auth/me/ HTTP/1.1" 200 271
INFO 2026-03-26 16:41:53,226 basehttp "GET /api/walkins/8/ HTTP/1.1" 200 720
INFO 2026-03-26 16:41:53,228 basehttp "GET /api/courses/ HTTP/1.1" 200 675
INFO 2026-03-26 16:41:53,328 basehttp "GET /walkins/8 HTTP/1.1" 200 408
INFO 2026-03-26 16:41:53,360 basehttp "GET /favicon.ico HTTP/1.1" 200 408
INFO 2026-03-26 16:41:53,364 basehttp "GET /api/auth/me/ HTTP/1.1" 200 271
INFO 2026-03-26 16:41:53,385 basehttp "GET /api/walkins/8/ HTTP/1.1" 200 720
INFO 2026-03-26 16:41:53,391 basehttp "GET /api/courses/ HTTP/1.1" 200 675
INFO 2026-03-26 16:41:53,491 basehttp "GET /walkins/8 HTTP/1.1" 200 408
INFO 2026-03-26 16:41:53,524 basehttp "GET /favicon.ico HTTP/1.1" 200 408
INFO 2026-03-26 16:41:53,528 basehttp "GET /api/auth/me/ HTTP/1.1" 200 271
INFO 2026-03-26 16:41:53,555 basehttp "GET /api/walkins/8/ HTTP/1.1" 200 720
INFO 2026-03-26 16:41:53,557 basehttp "GET /api/courses/ HTTP/1.1" 200 675
INFO 2026-03-26 16:41:53,635 basehttp "GET /walkins/8 HTTP/1.1" 200 408
INFO 2026-03-26 16:41:53,665 basehttp "GET /favicon.ico HTTP/1.1" 200 408
INFO 2026-03-26 16:41:53,668 basehttp "GET /api/auth/me/ HTTP/1.1" 200 271
INFO 2026-03-26 16:41:53,693 basehttp "GET /api/walkins/8/ HTTP/1.1" 200 720
INFO 2026-03-26 16:41:53,697 basehttp "GET /api/courses/ HTTP/1.1" 200 675
INFO 2026-03-26 16:41:53,800 basehttp "GET /walkins/8 HTTP/1.1" 200 408
INFO 2026-03-26 16:41:53,833 basehttp "GET /favicon.ico HTTP/1.1" 200 408
INFO 2026-03-26 16:41:53,836 basehttp "GET /api/auth/me/ HTTP/1.1" 200 271
INFO 2026-03-26 16:41:53,868 basehttp "GET /api/courses/ HTTP/1.1" 200 675
INFO 2026-03-26 16:41:53,868 basehttp "GET /api/walkins/8/ HTTP/1.1" 200 720
INFO 2026-03-26 16:41:53,992 basehttp "GET /walkins/8 HTTP/1.1" 200 408
INFO 2026-03-26 16:41:54,034 basehttp "GET /favicon.ico HTTP/1.1" 200 408
INFO 2026-03-26 16:41:54,038 basehttp "GET /api/auth/me/ HTTP/1.1" 200 271
INFO 2026-03-26 16:41:54,066 basehttp "GET /api/courses/ HTTP/1.1" 200 675
INFO 2026-03-26 16:41:54,066 basehttp "GET /api/walkins/8/ HTTP/1.1" 200 720
INFO 2026-03-26 16:41:54,146 basehttp "GET /walkins/8 HTTP/1.1" 200 408
INFO 2026-03-26 16:41:54,193 basehttp "GET /api/auth/me/ HTTP/1.1" 200 271
INFO 2026-03-26 16:41:54,197 basehttp "GET /favicon.ico HTTP/1.1" 200 408
INFO 2026-03-26 16:41:54,220 basehttp "GET /api/courses/ HTTP/1.1" 200 675
INFO 2026-03-26 16:41:54,221 basehttp "GET /api/walkins/8/ HTTP/1.1" 200 720
INFO 2026-03-26 16:41:54,318 basehttp "GET /walkins/8 HTTP/1.1" 200 408
INFO 2026-03-26 16:41:54,362 basehttp "GET /api/auth/me/ HTTP/1.1" 200 271
INFO 2026-03-26 16:41:54,368 basehttp "GET /favicon.ico HTTP/1.1" 200 408
INFO 2026-03-26 16:41:54,422 basehttp "GET /api/walkins/8/ HTTP/1.1" 200 720
INFO 2026-03-26 16:41:54,422 basehttp "GET /api/courses/ HTTP/1.1" 200 675
INFO 2026-03-26 16:41:54,522 basehttp "GET /walkins/8 HTTP/1.1" 200 408
INFO 2026-03-26 16:41:54,572 basehttp "GET /favicon.ico HTTP/1.1" 200 408
INFO 2026-03-26 16:41:54,584 basehttp "GET /api/auth/me/ HTTP/1.1" 200 271
INFO 2026-03-26 16:41:54,630 basehttp "GET /api/courses/ HTTP/1.1" 200 675
INFO 2026-03-26 16:41:54,641 basehttp "GET /api/walkins/8/ HTTP/1.1" 200 720
INFO 2026-03-26 16:41:54,733 basehttp "GET /walkins/8 HTTP/1.1" 200 408
INFO 2026-03-26 16:41:54,787 basehttp "GET /favicon.ico HTTP/1.1" 200 408
INFO 2026-03-26 16:41:54,796 basehttp "GET /api/auth/me/ HTTP/1.1" 200 271
INFO 2026-03-26 16:41:54,842 basehttp "GET /api/courses/ HTTP/1.1" 200 675
INFO 2026-03-26 16:41:54,854 basehttp "GET /api/walkins/8/ HTTP/1.1" 200 720
INFO 2026-03-26 16:41:54,949 basehttp "GET /walkins/8 HTTP/1.1" 200 408
INFO 2026-03-26 16:41:55,000 basehttp "GET /favicon.ico HTTP/1.1" 200 408
INFO 2026-03-26 16:41:55,002 basehttp "GET /api/auth/me/ HTTP/1.1" 200 271
INFO 2026-03-26 16:41:55,055 basehttp "GET /api/walkins/8/ HTTP/1.1" 200 720
INFO 2026-03-26 16:41:55,060 basehttp "GET /api/courses/ HTTP/1.1" 200 675
INFO 2026-03-26 16:41:55,958 basehttp "GET /walkins/8 HTTP/1.1" 200 408
INFO 2026-03-26 16:41:55,987 basehttp "GET /favicon.ico HTTP/1.1" 200 408
INFO 2026-03-26 16:41:55,996 basehttp "GET /api/auth/me/ HTTP/1.1" 200 271
INFO 2026-03-26 16:41:56,039 basehttp "GET /api/walkins/8/ HTTP/1.1" 200 720
INFO 2026-03-26 16:41:56,039 basehttp "GET /api/courses/ HTTP/1.1" 200 675
INFO 2026-03-26 16:41:56,538 basehttp "GET /walkins/8 HTTP/1.1" 200 408
INFO 2026-03-26 16:41:56,577 basehttp "GET /favicon.ico HTTP/1.1" 200 408
INFO 2026-03-26 16:41:56,587 basehttp "GET /api/auth/me/ HTTP/1.1" 200 271
INFO 2026-03-26 16:41:56,639 basehttp "GET /api/walkins/8/ HTTP/1.1" 200 720
INFO 2026-03-26 16:41:56,642 basehttp "GET /api/courses/ HTTP/1.1" 200 675
INFO 2026-03-26 16:42:04,238 basehttp "GET /favicon.ico HTTP/1.1" 200 408
INFO 2026-03-26 16:42:04,263 basehttp "GET /api/leads/ HTTP/1.1" 200 593
INFO 2026-03-26 16:42:10,831 basehttp "GET /favicon.ico HTTP/1.1" 200 408
INFO 2026-03-26 16:42:10,842 basehttp "GET /api/courses/ HTTP/1.1" 200 675
INFO 2026-03-26 16:43:34,658 basehttp "GET /favicon.ico HTTP/1.1" 200 408
INFO 2026-03-26 16:43:34,669 basehttp "GET /api/walkins/ HTTP/1.1" 200 1074
INFO 2026-03-26 16:43:44,538 basehttp "GET /favicon.ico HTTP/1.1" 200 408
INFO 2026-03-26 16:43:44,570 basehttp "GET /api/walkins/8/ HTTP/1.1" 200 720
INFO 2026-03-26 16:43:44,571 basehttp "GET /api/courses/ HTTP/1.1" 200 675
INFO 2026-03-26 17:53:37,997 basehttp "GET /walkins/8 HTTP/1.1" 200 408
INFO 2026-03-26 17:53:38,041 basehttp "GET /static/assets/index-96644ca0.css HTTP/1.1" 200 26901
INFO 2026-03-26 17:53:38,232 basehttp "GET /static/assets/index-46cb09cc.js HTTP/1.1" 200 356329
INFO 2026-03-26 17:53:38,284 basehttp "GET /favicon.ico HTTP/1.1" 200 408
INFO 2026-03-26 17:53:38,294 basehttp "GET /api/auth/me/ HTTP/1.1" 200 271
INFO 2026-03-26 17:53:38,336 basehttp "GET /api/courses/ HTTP/1.1" 200 675
INFO 2026-03-26 17:53:38,336 basehttp "GET /api/walkins/8/ HTTP/1.1" 200 720
INFO 2026-03-27 15:09:22,004 autoreload Watching for file changes with StatReloader
INFO 2026-03-27 15:12:53,267 basehttp "GET / HTTP/1.1" 200 408
INFO 2026-03-27 15:12:53,597 basehttp "GET /static/assets/index-96644ca0.css HTTP/1.1" 200 26901
INFO 2026-03-27 15:12:53,987 basehttp "GET /static/assets/index-794cc2c8.js HTTP/1.1" 200 356391
INFO 2026-03-27 15:12:54,500 basehttp "GET /favicon.ico HTTP/1.1" 200 408
WARNING 2026-03-27 15:12:54,556 log Unauthorized: /api/auth/me/
WARNING 2026-03-27 15:12:54,558 basehttp "GET /api/auth/me/ HTTP/1.1" 401 183
INFO 2026-03-27 15:12:54,616 basehttp "POST /api/auth/token/refresh/ HTTP/1.1" 200 715
INFO 2026-03-27 15:12:54,635 basehttp "GET /api/auth/me/ HTTP/1.1" 200 249
INFO 2026-03-27 15:12:55,218 basehttp "GET /favicon.ico HTTP/1.1" 200 408
INFO 2026-03-27 15:13:02,954 basehttp "POST /api/auth/login/ HTTP/1.1" 200 866
INFO 2026-03-27 15:13:03,023 basehttp "GET /favicon.ico HTTP/1.1" 200 408
INFO 2026-03-27 15:13:03,068 basehttp "GET /api/dashboard/summary/ HTTP/1.1" 200 222
INFO 2026-03-27 15:16:20,544 basehttp "GET /favicon.ico HTTP/1.1" 200 408
INFO 2026-03-27 15:16:20,583 basehttp "GET /api/walkins/ HTTP/1.1" 200 2702
INFO 2026-03-27 15:16:26,612 basehttp "GET /favicon.ico HTTP/1.1" 200 408
INFO 2026-03-27 15:16:26,638 basehttp "GET /api/dashboard/summary/ HTTP/1.1" 200 222
INFO 2026-03-27 15:17:12,269 basehttp "GET /api/branches/ HTTP/1.1" 200 955
INFO 2026-03-27 15:17:12,308 basehttp "GET /favicon.ico HTTP/1.1" 200 408
INFO 2026-03-27 15:17:14,587 basehttp "GET /api/dashboard/summary/ HTTP/1.1" 200 222
INFO 2026-03-27 15:17:14,635 basehttp "GET /favicon.ico HTTP/1.1" 200 408
INFO 2026-03-27 15:17:17,878 basehttp "GET /favicon.ico HTTP/1.1" 200 408
INFO 2026-03-27 15:17:17,893 basehttp "GET /api/courses/ HTTP/1.1" 200 675
INFO 2026-03-27 15:18:58,966 basehttp "GET /favicon.ico HTTP/1.1" 200 408
INFO 2026-03-27 15:18:58,976 basehttp "GET /api/courses/ HTTP/1.1" 200 675
INFO 2026-03-27 15:19:00,526 basehttp "GET /favicon.ico HTTP/1.1" 200 408
INFO 2026-03-27 15:19:00,536 basehttp "GET /api/users/ HTTP/1.1" 200 823
INFO 2026-03-27 15:19:00,540 basehttp "GET /api/branches/ HTTP/1.1" 200 955
INFO 2026-03-27 15:19:02,203 basehttp "GET /favicon.ico HTTP/1.1" 200 408
INFO 2026-03-27 15:19:02,215 basehttp "GET /api/users/ HTTP/1.1" 200 823
INFO 2026-03-27 15:19:02,288 basehttp "GET /api/user-targets/ HTTP/1.1" 200 290
INFO 2026-03-27 15:19:03,352 basehttp "GET /api/branches/ HTTP/1.1" 200 955
INFO 2026-03-27 15:19:03,411 basehttp "GET /favicon.ico HTTP/1.1" 200 408
INFO 2026-04-18 16:37:20,522 autoreload Watching for file changes with StatReloader
INFO 2026-04-18 16:37:25,713 basehttp "GET / HTTP/1.1" 200 408
INFO 2026-04-18 16:37:25,866 basehttp "GET /static/assets/index-96644ca0.css HTTP/1.1" 200 26901
INFO 2026-04-18 16:37:26,058 basehttp "GET /static/assets/index-794cc2c8.js HTTP/1.1" 200 356391
INFO 2026-04-18 16:37:26,497 basehttp "GET /favicon.ico HTTP/1.1" 200 408
WARNING 2026-04-18 16:37:26,501 log Unauthorized: /api/auth/me/
WARNING 2026-04-18 16:37:26,502 basehttp "GET /api/auth/me/ HTTP/1.1" 401 183
WARNING 2026-04-18 16:37:26,509 log Unauthorized: /api/auth/token/refresh/
WARNING 2026-04-18 16:37:26,510 basehttp "POST /api/auth/token/refresh/ HTTP/1.1" 401 65
INFO 2026-04-18 16:37:26,524 basehttp "GET /login HTTP/1.1" 200 408
INFO 2026-04-18 16:37:26,536 basehttp "GET /static/iie-white.png HTTP/1.1" 304 0
INFO 2026-04-18 16:37:26,720 basehttp "GET /favicon.ico HTTP/1.1" 200 408
WARNING 2026-04-18 16:38:51,966 log Unauthorized: /api/auth/login/
WARNING 2026-04-18 16:38:51,975 basehttp "POST /api/auth/login/ HTTP/1.1" 401 63
INFO 2026-04-18 16:38:52,025 basehttp "GET /login HTTP/1.1" 200 408
INFO 2026-04-18 16:38:52,128 basehttp "GET /favicon.ico HTTP/1.1" 200 408
INFO 2026-04-18 16:47:42,705 autoreload Watching for file changes with StatReloader
INFO 2026-04-18 16:47:46,067 basehttp "GET / HTTP/1.1" 200 408
INFO 2026-04-18 16:47:46,649 basehttp "GET /favicon.ico HTTP/1.1" 200 408
INFO 2026-04-18 16:48:04,689 basehttp "POST /api/auth/login/ HTTP/1.1" 200 866
INFO 2026-04-18 16:48:04,772 basehttp "GET /favicon.ico HTTP/1.1" 200 408
INFO 2026-04-18 16:48:04,815 basehttp "GET /api/dashboard/summary/ HTTP/1.1" 200 216
INFO 2026-04-18 16:48:11,945 basehttp "GET /favicon.ico HTTP/1.1" 200 408
INFO 2026-04-18 16:48:12,020 basehttp "GET /api/payments/ HTTP/1.1" 200 1015
INFO 2026-04-18 16:48:14,405 basehttp "GET /api/payments/1/ HTTP/1.1" 200 241
INFO 2026-04-18 16:48:14,445 basehttp "GET /favicon.ico HTTP/1.1" 200 408
INFO 2026-04-18 16:48:45,975 basehttp "POST /api/installments/ HTTP/1.1" 201 251
INFO 2026-04-18 16:48:46,014 basehttp "GET /api/payments/1/ HTTP/1.1" 200 495
INFO 2026-04-18 16:48:57,101 basehttp "GET /favicon.ico HTTP/1.1" 200 408
INFO 2026-04-18 16:48:57,118 basehttp "GET /api/dashboard/summary/ HTTP/1.1" 200 224
INFO 2026-04-18 16:49:05,325 basehttp "GET /favicon.ico HTTP/1.1" 200 408
INFO 2026-04-18 16:49:05,352 basehttp "GET /api/payments/ HTTP/1.1" 200 1269
INFO 2026-04-18 16:49:07,438 basehttp "GET /favicon.ico HTTP/1.1" 200 408
INFO 2026-04-18 16:49:07,449 basehttp "GET /api/payments/2/ HTTP/1.1" 200 243
INFO 2026-04-18 16:49:16,778 basehttp "GET /favicon.ico HTTP/1.1" 200 408
INFO 2026-04-18 16:49:16,793 basehttp "GET /api/courses/ HTTP/1.1" 200 675
INFO 2026-04-18 16:49:17,949 basehttp "GET /favicon.ico HTTP/1.1" 200 408
INFO 2026-04-18 16:49:17,981 basehttp "GET /api/walkins/ HTTP/1.1" 200 2702
INFO 2026-04-18 16:49:25,032 basehttp "GET /favicon.ico HTTP/1.1" 200 408
INFO 2026-04-18 16:49:25,032 basehttp "GET /api/walkins/6/ HTTP/1.1" 200 705
INFO 2026-04-18 16:49:25,053 basehttp "GET /api/courses/ HTTP/1.1" 200 675
INFO 2026-04-18 18:19:24,210 basehttp "GET /favicon.ico HTTP/1.1" 200 408
INFO 2026-04-18 18:19:24,222 basehttp "GET /api/payments/ HTTP/1.1" 200 1269
INFO 2026-04-18 18:20:11,663 basehttp "GET /favicon.ico HTTP/1.1" 200 408
INFO 2026-04-18 18:20:11,684 basehttp "POST /api/auth/logout/ HTTP/1.1" 200 37
WARNING 2026-04-18 18:20:21,389 log Unauthorized: /api/auth/login/
WARNING 2026-04-18 18:20:21,390 basehttp "POST /api/auth/login/ HTTP/1.1" 401 63
INFO 2026-04-18 18:20:21,405 basehttp "GET /login HTTP/1.1" 200 408
INFO 2026-04-18 18:20:21,715 basehttp "GET /favicon.ico HTTP/1.1" 200 408
WARNING 2026-04-18 18:20:33,456 log Unauthorized: /api/auth/login/
WARNING 2026-04-18 18:20:33,457 basehttp "POST /api/auth/login/ HTTP/1.1" 401 63
INFO 2026-04-18 18:20:33,467 basehttp "GET /login HTTP/1.1" 200 408
INFO 2026-04-18 18:20:33,539 basehttp "GET /favicon.ico HTTP/1.1" 200 408
INFO 2026-04-18 18:20:42,230 basehttp "POST /api/auth/login/ HTTP/1.1" 200 866
INFO 2026-04-18 18:20:42,258 basehttp "GET /favicon.ico HTTP/1.1" 200 408
INFO 2026-04-18 18:20:42,266 basehttp "GET /api/dashboard/summary/ HTTP/1.1" 200 224
INFO 2026-04-18 18:20:45,961 basehttp "GET /api/users/ HTTP/1.1" 200 823
INFO 2026-04-18 18:20:45,964 basehttp "GET /api/branches/ HTTP/1.1" 200 955
INFO 2026-04-18 18:20:45,965 basehttp "GET /favicon.ico HTTP/1.1" 200 408
INFO 2026-04-18 18:21:09,508 basehttp "POST /api/users/3/reset-password/ HTTP/1.1" 200 41
INFO 2026-04-18 18:21:12,728 basehttp "POST /api/auth/logout/ HTTP/1.1" 200 37
INFO 2026-04-18 18:21:12,731 basehttp "GET /favicon.ico HTTP/1.1" 200 408
INFO 2026-04-18 18:21:20,959 basehttp "POST /api/auth/login/ HTTP/1.1" 200 858
INFO 2026-04-18 18:21:20,974 basehttp "GET /favicon.ico HTTP/1.1" 200 408
INFO 2026-04-18 18:21:20,992 basehttp "GET /api/dashboard/summary/ HTTP/1.1" 200 215
INFO 2026-04-18 18:21:25,572 basehttp "GET /favicon.ico HTTP/1.1" 200 408
INFO 2026-04-18 18:21:25,587 basehttp "GET /api/payments/ HTTP/1.1" 200 529
INFO 2026-04-18 18:21:27,171 basehttp "GET /favicon.ico HTTP/1.1" 200 408
INFO 2026-04-18 18:21:27,183 basehttp "GET /api/payments/3/ HTTP/1.1" 200 477
INFO 2026-04-18 18:22:29,107 basehttp "GET /favicon.ico HTTP/1.1" 200 408
INFO 2026-04-18 18:22:29,126 basehttp "GET /api/enrollments/ HTTP/1.1" 200 305
INFO 2026-04-18 18:22:31,231 basehttp "GET /favicon.ico HTTP/1.1" 200 408
INFO 2026-04-18 18:22:31,237 basehttp "GET /api/courses/ HTTP/1.1" 200 675
INFO 2026-04-18 18:22:32,745 basehttp "GET /favicon.ico HTTP/1.1" 200 408
INFO 2026-04-18 18:22:32,759 basehttp "GET /api/dashboard/summary/ HTTP/1.1" 200 215
INFO 2026-04-18 18:24:33,975 basehttp "GET /favicon.ico HTTP/1.1" 200 408
INFO 2026-04-18 18:24:33,982 basehttp "POST /api/auth/logout/ HTTP/1.1" 200 37
INFO 2026-04-18 18:24:41,128 basehttp "POST /api/auth/login/ HTTP/1.1" 200 866
INFO 2026-04-18 18:24:41,143 basehttp "GET /favicon.ico HTTP/1.1" 200 408
INFO 2026-04-18 18:24:41,157 basehttp "GET /api/dashboard/summary/ HTTP/1.1" 200 224
INFO 2026-04-18 18:24:46,079 basehttp "GET /favicon.ico HTTP/1.1" 200 408
INFO 2026-04-18 18:24:46,096 basehttp "GET /api/users/ HTTP/1.1" 200 823
INFO 2026-04-18 18:24:46,096 basehttp "GET /api/user-targets/ HTTP/1.1" 200 290
INFO 2026-04-18 18:24:59,085 basehttp "GET /favicon.ico HTTP/1.1" 200 408
INFO 2026-04-18 18:24:59,099 basehttp "GET /api/payments/ HTTP/1.1" 200 1269
INFO 2026-04-18 18:25:02,960 basehttp "GET /favicon.ico HTTP/1.1" 200 408
INFO 2026-04-18 18:25:02,971 basehttp "GET /api/leads/ HTTP/1.1" 200 1144
INFO 2026-04-18 18:25:03,903 basehttp "GET /favicon.ico HTTP/1.1" 200 408
INFO 2026-04-18 18:25:03,915 basehttp "GET /api/walkins/ HTTP/1.1" 200 2702
INFO 2026-04-18 18:25:07,145 basehttp "GET /favicon.ico HTTP/1.1" 200 408
INFO 2026-04-18 18:25:07,154 basehttp "GET /api/leads/ HTTP/1.1" 200 1144
INFO 2026-04-18 18:25:10,560 basehttp "GET /favicon.ico HTTP/1.1" 200 408
INFO 2026-04-18 18:25:10,560 basehttp "GET /api/leads/4/ HTTP/1.1" 200 381
INFO 2026-04-18 18:25:35,764 basehttp "GET /favicon.ico HTTP/1.1" 200 408
INFO 2026-04-18 18:25:35,774 basehttp "GET /api/leads/ HTTP/1.1" 200 1144
INFO 2026-04-18 18:25:37,599 basehttp "GET /favicon.ico HTTP/1.1" 200 408
INFO 2026-04-18 18:25:37,609 basehttp "GET /api/walkins/ HTTP/1.1" 200 2702
INFO 2026-04-18 18:26:05,114 basehttp "GET /public/walk-in HTTP/1.1" 200 408
INFO 2026-04-18 18:26:05,526 basehttp "GET /api/auth/me/ HTTP/1.1" 200 249
INFO 2026-04-18 18:26:05,529 basehttp "GET /api/public/walkin/ HTTP/1.1" 200 657
INFO 2026-04-18 18:26:05,550 basehttp "GET /favicon.ico HTTP/1.1" 200 408
INFO 2026-04-18 18:26:20,894 basehttp "GET /favicon.ico HTTP/1.1" 200 408
INFO 2026-04-18 18:26:20,903 basehttp "GET /api/courses/ HTTP/1.1" 200 675
INFO 2026-04-18 18:26:26,726 basehttp "GET /api/payments/ HTTP/1.1" 200 1269
INFO 2026-04-18 18:26:26,746 basehttp "GET /favicon.ico HTTP/1.1" 200 408
INFO 2026-04-18 18:26:28,411 basehttp "GET /favicon.ico HTTP/1.1" 200 408
INFO 2026-04-18 18:26:28,424 basehttp "GET /api/payments/1/ HTTP/1.1" 200 495
INFO 2026-04-18 18:26:33,964 basehttp "GET /favicon.ico HTTP/1.1" 200 408
INFO 2026-04-18 18:26:33,973 basehttp "GET /api/enrollments/ HTTP/1.1" 200 805
INFO 2026-04-18 18:26:36,359 basehttp "GET /favicon.ico HTTP/1.1" 200 408
INFO 2026-04-18 18:26:36,370 basehttp "GET /api/walkins/ HTTP/1.1" 200 2702
INFO 2026-04-18 18:26:44,405 basehttp "GET /favicon.ico HTTP/1.1" 200 408
INFO 2026-04-18 18:26:44,411 basehttp "GET /api/walkins/4/ HTTP/1.1" 200 730
INFO 2026-04-18 18:26:44,418 basehttp "GET /api/courses/ HTTP/1.1" 200 675
INFO 2026-04-18 18:26:59,174 basehttp "GET /api/courses/ HTTP/1.1" 200 675
INFO 2026-04-18 18:26:59,182 basehttp "GET /favicon.ico HTTP/1.1" 200 408
INFO 2026-04-18 18:27:02,022 basehttp "GET /favicon.ico HTTP/1.1" 200 408
INFO 2026-04-18 18:27:02,032 basehttp "GET /api/courses/ HTTP/1.1" 200 675
INFO 2026-04-18 18:27:02,050 basehttp "GET /api/walkins/4/ HTTP/1.1" 200 730
INFO 2026-04-18 18:28:59,861 autoreload C:\Users\Welcome\Desktop\CRM\March 24\files\settings.py changed, reloading.
INFO 2026-04-18 18:29:06,727 autoreload Watching for file changes with StatReloader
INFO 2026-04-18 18:33:07,688 basehttp "GET /walkins/4 HTTP/1.1" 200 408
INFO 2026-04-18 18:33:07,813 basehttp "GET /static/assets/index-a56c9601.css HTTP/1.1" 200 27255
INFO 2026-04-18 18:33:07,996 basehttp "GET /static/assets/index-d6578f9a.js HTTP/1.1" 200 358776
INFO 2026-04-18 18:33:08,312 basehttp "GET /favicon.ico HTTP/1.1" 200 408
INFO 2026-04-18 18:33:08,339 basehttp "GET /api/auth/me/ HTTP/1.1" 200 249
INFO 2026-04-18 18:33:08,426 basehttp "GET /api/walkins/4/ HTTP/1.1" 200 730
INFO 2026-04-18 18:33:08,428 basehttp "GET /api/courses/ HTTP/1.1" 200 675
INFO 2026-04-18 18:33:20,757 basehttp "GET /favicon.ico HTTP/1.1" 200 408
INFO 2026-04-18 18:33:20,772 basehttp "POST /api/auth/logout/ HTTP/1.1" 200 37
INFO 2026-04-18 18:33:29,033 basehttp "POST /api/auth/login/ HTTP/1.1" 200 858
INFO 2026-04-18 18:33:29,056 basehttp "GET /favicon.ico HTTP/1.1" 200 408
INFO 2026-04-18 18:33:29,073 basehttp "GET /api/dashboard/summary/ HTTP/1.1" 200 215
INFO 2026-04-18 18:33:32,020 basehttp "GET /dashboard HTTP/1.1" 200 408
INFO 2026-04-18 18:33:32,039 basehttp "GET /static/assets/index-d6578f9a.js HTTP/1.1" 304 0
INFO 2026-04-18 18:33:32,039 basehttp "GET /static/assets/index-a56c9601.css HTTP/1.1" 304 0
INFO 2026-04-18 18:33:32,066 basehttp "GET /api/auth/me/ HTTP/1.1" 200 271
INFO 2026-04-18 18:33:32,104 basehttp "GET /api/dashboard/summary/ HTTP/1.1" 200 215
INFO 2026-04-18 18:33:32,107 basehttp "GET /favicon.ico HTTP/1.1" 200 408
INFO 2026-04-18 18:33:38,844 basehttp "GET /favicon.ico HTTP/1.1" 200 408
INFO 2026-04-18 18:33:38,861 basehttp "GET /api/leads/ HTTP/1.1" 200 593
INFO 2026-04-18 18:33:39,889 basehttp "GET /favicon.ico HTTP/1.1" 200 408
INFO 2026-04-18 18:33:39,897 basehttp "GET /api/courses/ HTTP/1.1" 200 675
INFO 2026-04-18 18:33:41,227 basehttp "GET /favicon.ico HTTP/1.1" 200 408
INFO 2026-04-18 18:33:41,241 basehttp "GET /api/walkins/ HTTP/1.1" 200 1074
INFO 2026-04-18 18:33:42,570 basehttp "GET /favicon.ico HTTP/1.1" 200 408
INFO 2026-04-18 18:33:42,586 basehttp "GET /api/enrollments/ HTTP/1.1" 200 305
INFO 2026-04-18 18:33:43,759 basehttp "GET /favicon.ico HTTP/1.1" 200 408
INFO 2026-04-18 18:33:43,835 basehttp "GET /api/payments/ HTTP/1.1" 200 529
INFO 2026-04-18 18:33:44,977 basehttp "GET /favicon.ico HTTP/1.1" 200 408
INFO 2026-04-18 18:33:44,991 basehttp "GET /api/enrollments/ HTTP/1.1" 200 305
INFO 2026-04-18 18:33:46,783 basehttp "GET /favicon.ico HTTP/1.1" 200 408
INFO 2026-04-18 18:33:46,797 basehttp "GET /api/payments/ HTTP/1.1" 200 529
INFO 2026-04-18 18:33:53,777 basehttp "GET /favicon.ico HTTP/1.1" 200 408
INFO 2026-04-18 18:33:53,796 basehttp "GET /api/dashboard/summary/ HTTP/1.1" 200 215
INFO 2026-04-18 18:42:07,983 basehttp "GET /dashboard HTTP/1.1" 200 408
INFO 2026-04-18 18:42:08,022 basehttp "GET /static/assets/index-14f17ba6.css HTTP/1.1" 200 27645
INFO 2026-04-18 18:42:08,172 basehttp "GET /static/assets/index-cb33f2e9.js HTTP/1.1" 200 367465
INFO 2026-04-18 18:42:08,745 basehttp "GET /api/auth/me/ HTTP/1.1" 200 271
INFO 2026-04-18 18:42:08,789 basehttp "GET /favicon.ico HTTP/1.1" 200 408
INFO 2026-04-18 18:42:08,800 basehttp "GET /api/dashboard/summary/ HTTP/1.1" 200 215
INFO 2026-04-18 18:42:31,156 autoreload Watching for file changes with StatReloader
INFO 2026-04-18 18:42:46,736 basehttp "GET / HTTP/1.1" 200 408
INFO 2026-04-18 18:42:47,935 basehttp "GET /static/assets/index-14f17ba6.css HTTP/1.1" 304 0
INFO 2026-04-18 18:42:47,935 basehttp "GET /static/assets/index-cb33f2e9.js HTTP/1.1" 304 0
INFO 2026-04-18 18:42:48,549 basehttp "GET /favicon.ico HTTP/1.1" 200 408
INFO 2026-04-18 18:42:48,834 basehttp "GET /api/auth/me/ HTTP/1.1" 200 271
INFO 2026-04-18 18:42:50,711 basehttp "GET /favicon.ico HTTP/1.1" 200 408
INFO 2026-04-18 18:43:05,981 basehttp "POST /api/auth/login/ HTTP/1.1" 200 858
INFO 2026-04-18 18:43:06,008 basehttp "GET /favicon.ico HTTP/1.1" 200 408
INFO 2026-04-18 18:43:06,024 basehttp "GET /api/dashboard/summary/ HTTP/1.1" 200 215
INFO 2026-04-18 18:43:19,739 basehttp "GET /favicon.ico HTTP/1.1" 200 408
INFO 2026-04-18 18:43:19,755 basehttp "GET /api/walkins/ HTTP/1.1" 200 1074
INFO 2026-04-18 18:43:22,345 basehttp "GET /favicon.ico HTTP/1.1" 200 408
INFO 2026-04-18 18:43:22,359 basehttp "GET /api/dashboard/summary/ HTTP/1.1" 200 215
INFO 2026-04-18 18:44:00,264 basehttp "GET /favicon.ico HTTP/1.1" 200 408
INFO 2026-04-18 18:44:00,282 basehttp "GET /api/courses/ HTTP/1.1" 200 675
INFO 2026-04-18 18:44:00,293 basehttp "GET /api/enrollments/ HTTP/1.1" 200 305
INFO 2026-04-18 18:44:00,294 basehttp "GET /api/branches/ HTTP/1.1" 200 955
INFO 2026-04-18 18:44:15,089 basehttp "GET /favicon.ico HTTP/1.1" 200 408
INFO 2026-04-18 18:44:15,107 basehttp "GET /api/enrollments/3/ HTTP/1.1" 200 1020
INFO 2026-04-18 18:44:21,973 basehttp "GET /favicon.ico HTTP/1.1" 200 408
INFO 2026-04-18 18:44:21,997 basehttp "GET /api/courses/ HTTP/1.1" 200 675
INFO 2026-04-18 18:44:22,000 basehttp "GET /api/branches/ HTTP/1.1" 200 955
INFO 2026-04-18 18:44:22,000 basehttp "GET /api/enrollments/ HTTP/1.1" 200 305
INFO 2026-04-18 18:44:58,636 basehttp "GET /favicon.ico HTTP/1.1" 200 408
INFO 2026-04-18 18:44:58,645 basehttp "GET /api/courses/ HTTP/1.1" 200 675
INFO 2026-04-18 18:45:00,504 basehttp "GET /favicon.ico HTTP/1.1" 200 408
INFO 2026-04-18 18:45:00,533 basehttp "GET /api/branches/ HTTP/1.1" 200 955
INFO 2026-04-18 18:45:00,535 basehttp "GET /api/courses/ HTTP/1.1" 200 675
INFO 2026-04-18 18:45:00,544 basehttp "GET /api/enrollments/ HTTP/1.1" 200 305
INFO 2026-04-18 18:54:35,903 basehttp "GET /enrollments HTTP/1.1" 200 408
INFO 2026-04-18 18:54:35,935 basehttp "GET /static/assets/index-cb33f2e9.js HTTP/1.1" 304 0
INFO 2026-04-18 18:54:35,939 basehttp "GET /static/assets/index-14f17ba6.css HTTP/1.1" 304 0
INFO 2026-04-18 18:54:36,377 basehttp "GET /api/auth/me/ HTTP/1.1" 200 271
INFO 2026-04-18 18:54:36,430 basehttp "GET /api/branches/ HTTP/1.1" 200 955
INFO 2026-04-18 18:54:36,433 basehttp "GET /api/courses/ HTTP/1.1" 200 675
INFO 2026-04-18 18:54:36,440 basehttp "GET /api/enrollments/ HTTP/1.1" 200 305
INFO 2026-04-18 18:54:36,676 basehttp "GET /favicon.ico HTTP/1.1" 200 408
INFO 2026-04-18 18:55:27,249 basehttp "GET /enrollments HTTP/1.1" 200 408
INFO 2026-04-18 18:55:27,400 basehttp "GET /static/assets/index-ac4e7918.css HTTP/1.1" 200 27658
INFO 2026-04-18 18:55:27,605 basehttp "GET /static/assets/index-4984b7ed.js HTTP/1.1" 200 368806
INFO 2026-04-18 18:55:27,745 basehttp "GET /api/auth/me/ HTTP/1.1" 200 271
INFO 2026-04-18 18:55:27,800 basehttp "GET /favicon.ico HTTP/1.1" 200 408
INFO 2026-04-18 18:55:27,800 basehttp "GET /api/branches/ HTTP/1.1" 200 955
INFO 2026-04-18 18:55:27,805 basehttp "GET /api/courses/ HTTP/1.1" 200 675
INFO 2026-04-18 18:55:27,811 basehttp "GET /api/enrollments/ HTTP/1.1" 200 305
INFO 2026-04-18 18:55:30,690 basehttp "GET /favicon.ico HTTP/1.1" 200 408
INFO 2026-04-18 18:55:30,702 basehttp "POST /api/auth/logout/ HTTP/1.1" 200 37
INFO 2026-04-18 18:55:38,591 basehttp "POST /api/auth/login/ HTTP/1.1" 200 866
INFO 2026-04-18 18:55:38,621 basehttp "GET /favicon.ico HTTP/1.1" 200 408
INFO 2026-04-18 18:55:38,637 basehttp "GET /api/dashboard/summary/ HTTP/1.1" 200 224
INFO 2026-04-18 18:55:41,028 basehttp "GET /favicon.ico HTTP/1.1" 200 408
INFO 2026-04-18 18:55:41,044 basehttp "GET /api/branches/ HTTP/1.1" 200 955
INFO 2026-04-18 18:55:41,057 basehttp "GET /api/courses/ HTTP/1.1" 200 675
INFO 2026-04-18 18:55:41,057 basehttp "GET /api/enrollments/ HTTP/1.1" 200 805
INFO 2026-04-18 18:55:43,083 basehttp "GET /favicon.ico HTTP/1.1" 200 408
INFO 2026-04-18 18:55:43,094 basehttp "GET /api/enrollments/1/ HTTP/1.1" 200 1022
INFO 2026-04-18 18:55:46,225 basehttp "GET /favicon.ico HTTP/1.1" 200 408
INFO 2026-04-18 18:55:46,257 basehttp "GET /api/branches/ HTTP/1.1" 200 955
INFO 2026-04-18 18:55:46,265 basehttp "GET /api/courses/ HTTP/1.1" 200 675
INFO 2026-04-18 18:55:46,275 basehttp "GET /api/enrollments/ HTTP/1.1" 200 805
INFO 2026-04-18 18:55:50,753 basehttp "GET /favicon.ico HTTP/1.1" 200 408
INFO 2026-04-18 18:55:50,770 basehttp "POST /api/auth/logout/ HTTP/1.1" 200 37
INFO 2026-04-18 18:56:03,869 autoreload Watching for file changes with StatReloader
INFO 2026-04-18 18:56:05,908 basehttp "GET / HTTP/1.1" 200 408
INFO 2026-04-18 18:56:05,945 basehttp "GET /static/assets/index-4984b7ed.js HTTP/1.1" 304 0
INFO 2026-04-18 18:56:05,946 basehttp "GET /static/assets/index-ac4e7918.css HTTP/1.1" 304 0
INFO 2026-04-18 18:56:06,724 basehttp "GET /favicon.ico HTTP/1.1" 200 408
INFO 2026-04-18 18:56:19,662 basehttp "POST /api/auth/login/ HTTP/1.1" 200 858
INFO 2026-04-18 18:56:19,715 basehttp "GET /favicon.ico HTTP/1.1" 200 408
INFO 2026-04-18 18:56:19,743 basehttp "GET /api/dashboard/summary/ HTTP/1.1" 200 215
INFO 2026-04-18 18:56:22,029 basehttp "GET /favicon.ico HTTP/1.1" 200 408
INFO 2026-04-18 18:56:22,047 basehttp "GET /api/branches/ HTTP/1.1" 200 955
INFO 2026-04-18 18:56:22,047 basehttp "GET /api/courses/ HTTP/1.1" 200 675
INFO 2026-04-18 18:56:22,060 basehttp "GET /api/enrollments/ HTTP/1.1" 200 305
INFO 2026-04-18 18:56:24,236 basehttp "GET /favicon.ico HTTP/1.1" 200 408
INFO 2026-04-18 18:56:24,250 basehttp "GET /api/enrollments/3/ HTTP/1.1" 200 1020
INFO 2026-04-18 18:56:25,463 basehttp "GET /favicon.ico HTTP/1.1" 200 408
INFO 2026-04-18 18:56:25,480 basehttp "GET /api/courses/ HTTP/1.1" 200 675
INFO 2026-04-18 18:56:25,486 basehttp "GET /api/enrollments/ HTTP/1.1" 200 305
INFO 2026-04-18 18:56:25,489 basehttp "GET /api/branches/ HTTP/1.1" 200 955
INFO 2026-04-18 18:56:30,541 basehttp "GET /api/enrollments/?status=completed HTTP/1.1" 200 52
INFO 2026-04-18 18:56:33,752 basehttp "GET /api/enrollments/?status=active HTTP/1.1" 200 305
INFO 2026-04-18 18:56:34,920 basehttp "GET /favicon.ico HTTP/1.1" 200 408
INFO 2026-04-18 18:56:34,938 basehttp "GET /api/enrollments/3/ HTTP/1.1" 200 1020
INFO 2026-04-18 18:56:39,462 basehttp "GET /favicon.ico HTTP/1.1" 200 408
INFO 2026-04-18 18:56:39,505 basehttp "GET /api/branches/ HTTP/1.1" 200 955
INFO 2026-04-18 18:56:39,509 basehttp "GET /api/courses/ HTTP/1.1" 200 675
INFO 2026-04-18 18:56:39,523 basehttp "GET /api/enrollments/ HTTP/1.1" 200 305
INFO 2026-04-18 18:56:41,628 basehttp "GET /enrollments HTTP/1.1" 200 408
INFO 2026-04-18 18:56:41,643 basehttp "GET /static/assets/index-4984b7ed.js HTTP/1.1" 304 0
INFO 2026-04-18 18:56:41,643 basehttp "GET /static/assets/index-ac4e7918.css HTTP/1.1" 304 0
INFO 2026-04-18 18:56:41,671 basehttp "GET /api/auth/me/ HTTP/1.1" 200 271
INFO 2026-04-18 18:56:41,725 basehttp "GET /favicon.ico HTTP/1.1" 200 408
INFO 2026-04-18 18:56:41,725 basehttp "GET /api/courses/ HTTP/1.1" 200 675
INFO 2026-04-18 18:56:41,733 basehttp "GET /api/enrollments/ HTTP/1.1" 200 305
INFO 2026-04-18 18:56:41,736 basehttp "GET /api/branches/ HTTP/1.1" 200 955
INFO 2026-04-18 18:59:26,352 basehttp "GET /enrollments HTTP/1.1" 200 408
INFO 2026-04-18 18:59:26,459 basehttp "GET /static/assets/index-316252b1.css HTTP/1.1" 200 27672
INFO 2026-04-18 18:59:26,632 basehttp "GET /static/assets/index-eb135a71.js HTTP/1.1" 200 370078
INFO 2026-04-18 18:59:26,740 basehttp "GET /api/auth/me/ HTTP/1.1" 200 271
INFO 2026-04-18 18:59:26,787 basehttp "GET /favicon.ico HTTP/1.1" 200 408
INFO 2026-04-18 18:59:26,800 basehttp "GET /api/branches/ HTTP/1.1" 200 955
INFO 2026-04-18 18:59:26,804 basehttp "GET /api/courses/ HTTP/1.1" 200 675
INFO 2026-04-18 18:59:26,808 basehttp "GET /api/enrollments/ HTTP/1.1" 200 305
INFO 2026-04-18 18:59:34,134 basehttp "GET /favicon.ico HTTP/1.1" 200 408
INFO 2026-04-18 18:59:34,148 basehttp "GET /api/enrollments/3/ HTTP/1.1" 200 1020
INFO 2026-04-18 18:59:35,275 basehttp "GET /favicon.ico HTTP/1.1" 200 408
INFO 2026-04-18 18:59:35,296 basehttp "GET /api/branches/ HTTP/1.1" 200 955
INFO 2026-04-18 18:59:35,306 basehttp "GET /api/courses/ HTTP/1.1" 200 675
INFO 2026-04-18 18:59:35,310 basehttp "GET /api/enrollments/ HTTP/1.1" 200 305
INFO 2026-04-20 13:19:40,038 autoreload Watching for file changes with StatReloader
INFO 2026-04-20 13:19:44,916 basehttp "GET / HTTP/1.1" 200 408
INFO 2026-04-20 13:19:45,166 basehttp "GET /static/assets/index-316252b1.css HTTP/1.1" 200 27672
INFO 2026-04-20 13:19:45,402 basehttp "GET /static/assets/index-eb135a71.js HTTP/1.1" 200 370078
INFO 2026-04-20 13:19:45,491 basehttp "GET /favicon.ico HTTP/1.1" 200 408
WARNING 2026-04-20 13:19:45,547 log Unauthorized: /api/auth/me/
WARNING 2026-04-20 13:19:45,548 basehttp "GET /api/auth/me/ HTTP/1.1" 401 183
WARNING 2026-04-20 13:19:45,558 log Unauthorized: /api/auth/token/refresh/
WARNING 2026-04-20 13:19:45,559 basehttp "POST /api/auth/token/refresh/ HTTP/1.1" 401 65
INFO 2026-04-20 13:19:45,575 basehttp "GET /login HTTP/1.1" 200 408
INFO 2026-04-20 13:19:45,590 basehttp - Broken pipe from ('127.0.0.1', 53045)
INFO 2026-04-20 13:19:45,642 basehttp "GET /static/iie-white.png HTTP/1.1" 200 453863
INFO 2026-04-20 13:19:45,691 basehttp "GET /favicon.ico HTTP/1.1" 200 408
INFO 2026-04-20 13:20:01,318 basehttp "GET / HTTP/1.1" 200 408
INFO 2026-04-20 13:20:01,363 basehttp "GET /static/assets/index-eb135a71.js HTTP/1.1" 304 0
INFO 2026-04-20 13:20:01,372 basehttp "GET /static/assets/index-316252b1.css HTTP/1.1" 304 0
WARNING 2026-04-20 13:20:02,175 log Unauthorized: /api/auth/me/
WARNING 2026-04-20 13:20:02,177 basehttp "GET /api/auth/me/ HTTP/1.1" 401 183
INFO 2026-04-20 13:20:02,253 basehttp "POST /api/auth/token/refresh/ HTTP/1.1" 200 705
INFO 2026-04-20 13:20:02,258 basehttp "GET /favicon.ico HTTP/1.1" 200 408
INFO 2026-04-20 13:20:02,278 basehttp "GET /api/auth/me/ HTTP/1.1" 200 271
INFO 2026-04-20 13:20:02,763 basehttp "GET /favicon.ico HTTP/1.1" 200 408
INFO 2026-04-20 13:20:56,261 basehttp "POST /api/auth/login/ HTTP/1.1" 200 866
INFO 2026-04-20 13:20:56,302 basehttp "GET /favicon.ico HTTP/1.1" 200 408
INFO 2026-04-20 13:20:56,332 basehttp "GET /api/dashboard/summary/ HTTP/1.1" 200 224
INFO 2026-04-20 13:21:04,652 basehttp "GET /favicon.ico HTTP/1.1" 200 408
INFO 2026-04-20 13:21:04,694 basehttp "GET /api/payments/ HTTP/1.1" 200 1269
INFO 2026-04-20 13:21:06,183 basehttp "GET /favicon.ico HTTP/1.1" 200 408
INFO 2026-04-20 13:21:06,214 basehttp "GET /api/branches/ HTTP/1.1" 200 955
INFO 2026-04-20 13:21:06,220 basehttp "GET /api/courses/ HTTP/1.1" 200 675
INFO 2026-04-20 13:21:06,235 basehttp "GET /api/enrollments/ HTTP/1.1" 200 805
INFO 2026-04-20 13:22:18,821 basehttp "GET /favicon.ico HTTP/1.1" 200 408
INFO 2026-04-20 13:22:18,836 basehttp "GET /api/payments/ HTTP/1.1" 200 1269
INFO 2026-04-20 13:22:21,010 basehttp "GET /api/payments/2/ HTTP/1.1" 200 243
INFO 2026-04-20 13:22:21,011 basehttp "GET /favicon.ico HTTP/1.1" 200 408
INFO 2026-04-20 13:22:29,303 basehttp "POST /api/installments/ HTTP/1.1" 201 237
INFO 2026-04-20 13:22:29,329 basehttp "GET /api/payments/2/ HTTP/1.1" 200 483
INFO 2026-04-20 13:22:37,317 basehttp "POST /api/installments/ HTTP/1.1" 201 237
INFO 2026-04-20 13:22:37,332 basehttp "GET /api/payments/2/ HTTP/1.1" 200 721
INFO 2026-04-20 13:22:52,609 basehttp "POST /api/installments/ HTTP/1.1" 201 236
INFO 2026-04-20 13:22:52,632 basehttp "GET /api/payments/2/ HTTP/1.1" 200 958
INFO 2026-04-20 13:23:01,103 basehttp "POST /api/installments/ HTTP/1.1" 201 237
INFO 2026-04-20 13:23:01,130 basehttp "GET /api/payments/2/ HTTP/1.1" 200 1196
INFO 2026-04-20 13:23:15,762 basehttp "POST /api/installments/ HTTP/1.1" 201 237
INFO 2026-04-20 13:23:15,787 basehttp "GET /api/payments/2/ HTTP/1.1" 200 1429
INFO 2026-04-20 13:23:20,222 basehttp "GET /favicon.ico HTTP/1.1" 200 408
INFO 2026-04-20 13:23:20,249 basehttp "GET /api/courses/ HTTP/1.1" 200 675
INFO 2026-04-20 13:23:20,249 basehttp "GET /api/enrollments/ HTTP/1.1" 200 803
INFO 2026-04-20 13:23:20,252 basehttp "GET /api/branches/ HTTP/1.1" 200 955
INFO 2026-04-20 13:23:24,425 basehttp "GET /enrollments HTTP/1.1" 200 408
INFO 2026-04-20 13:23:24,479 basehttp "GET /api/auth/me/ HTTP/1.1" 200 249
INFO 2026-04-20 13:23:24,795 basehttp "GET /api/courses/ HTTP/1.1" 200 675
INFO 2026-04-20 13:23:24,795 basehttp "GET /api/branches/ HTTP/1.1" 200 955
INFO 2026-04-20 13:23:24,798 basehttp "GET /favicon.ico HTTP/1.1" 200 408
INFO 2026-04-20 13:23:24,806 basehttp "GET /api/enrollments/ HTTP/1.1" 200 803
INFO 2026-04-20 13:25:05,594 basehttp "GET /enrollments HTTP/1.1" 200 408
INFO 2026-04-20 13:25:05,636 basehttp "GET /api/auth/me/ HTTP/1.1" 200 249
INFO 2026-04-20 13:25:05,680 basehttp "GET /api/branches/ HTTP/1.1" 200 955
INFO 2026-04-20 13:25:05,689 basehttp "GET /api/courses/ HTTP/1.1" 200 675
INFO 2026-04-20 13:25:05,693 basehttp "GET /favicon.ico HTTP/1.1" 200 408
INFO 2026-04-20 13:25:05,694 basehttp "GET /api/enrollments/ HTTP/1.1" 200 803
INFO 2026-04-20 13:25:09,673 basehttp "GET /favicon.ico HTTP/1.1" 200 408
INFO 2026-04-20 13:25:09,682 basehttp "POST /api/auth/logout/ HTTP/1.1" 200 37
INFO 2026-04-20 13:25:16,493 basehttp "POST /api/auth/login/ HTTP/1.1" 200 866
INFO 2026-04-20 13:25:16,516 basehttp "GET /favicon.ico HTTP/1.1" 200 408
INFO 2026-04-20 13:25:16,524 basehttp "GET /api/dashboard/summary/ HTTP/1.1" 200 225
INFO 2026-04-20 13:25:18,860 basehttp "GET /favicon.ico HTTP/1.1" 200 408
INFO 2026-04-20 13:25:18,871 basehttp "GET /api/branches/ HTTP/1.1" 200 955
INFO 2026-04-20 13:25:18,884 basehttp "GET /api/courses/ HTTP/1.1" 200 675
INFO 2026-04-20 13:25:18,892 basehttp "GET /api/enrollments/ HTTP/1.1" 200 803
INFO 2026-04-20 13:25:23,260 basehttp "GET /enrollments HTTP/1.1" 200 408
INFO 2026-04-20 13:25:23,300 basehttp "GET /api/auth/me/ HTTP/1.1" 200 249
INFO 2026-04-20 13:25:23,346 basehttp "GET /favicon.ico HTTP/1.1" 200 408
INFO 2026-04-20 13:25:23,347 basehttp "GET /api/branches/ HTTP/1.1" 200 955
INFO 2026-04-20 13:25:23,350 basehttp "GET /api/courses/ HTTP/1.1" 200 675
INFO 2026-04-20 13:25:23,357 basehttp "GET /api/enrollments/ HTTP/1.1" 200 803
INFO 2026-04-20 13:25:33,727 autoreload Watching for file changes with StatReloader
INFO 2026-04-20 13:25:35,532 basehttp "GET / HTTP/1.1" 200 408
INFO 2026-04-20 13:25:35,874 basehttp "GET /api/auth/me/ HTTP/1.1" 200 249
INFO 2026-04-20 13:25:35,876 basehttp "GET /favicon.ico HTTP/1.1" 200 408
INFO 2026-04-20 13:25:35,912 basehttp "GET /favicon.ico HTTP/1.1" 200 408
INFO 2026-04-20 13:25:45,941 basehttp "POST /api/auth/login/ HTTP/1.1" 200 866
INFO 2026-04-20 13:25:45,971 basehttp "GET /favicon.ico HTTP/1.1" 200 408
INFO 2026-04-20 13:25:45,983 basehttp "GET /api/dashboard/summary/ HTTP/1.1" 200 225
INFO 2026-04-20 13:25:48,748 basehttp "GET /api/branches/ HTTP/1.1" 200 955
INFO 2026-04-20 13:25:48,750 basehttp "GET /favicon.ico HTTP/1.1" 200 408
INFO 2026-04-20 13:25:48,755 basehttp "GET /api/courses/ HTTP/1.1" 200 675
INFO 2026-04-20 13:25:48,767 basehttp "GET /api/enrollments/ HTTP/1.1" 200 803
INFO 2026-04-20 13:27:24,666 basehttp "GET /enrollments HTTP/1.1" 200 408
INFO 2026-04-20 13:27:24,932 basehttp "GET /static/assets/index-b84adf8b.js HTTP/1.1" 200 369934
INFO 2026-04-20 13:27:24,994 basehttp "GET /api/auth/me/ HTTP/1.1" 200 249
INFO 2026-04-20 13:27:25,018 basehttp "GET /favicon.ico HTTP/1.1" 200 408
INFO 2026-04-20 13:27:25,030 basehttp "GET /api/courses/ HTTP/1.1" 200 675
INFO 2026-04-20 13:27:25,030 basehttp "GET /api/branches/ HTTP/1.1" 200 955
INFO 2026-04-20 13:27:25,035 basehttp "GET /api/enrollments/ HTTP/1.1" 200 803
INFO 2026-04-20 13:27:31,880 basehttp "GET /api/enrollments/1/ HTTP/1.1" 200 1022
INFO 2026-04-20 13:27:31,909 basehttp "GET /favicon.ico HTTP/1.1" 200 408
INFO 2026-04-20 13:33:03,579 basehttp "GET /enrollments/1 HTTP/1.1" 200 408
INFO 2026-04-20 13:33:03,597 basehttp "GET /static/assets/index-b84adf8b.js HTTP/1.1" 304 0
INFO 2026-04-20 13:33:03,875 basehttp "GET /api/auth/me/ HTTP/1.1" 200 249
INFO 2026-04-20 13:33:03,905 basehttp "GET /favicon.ico HTTP/1.1" 200 408
INFO 2026-04-20 13:33:03,907 basehttp "GET /api/enrollments/1/ HTTP/1.1" 200 1022
INFO 2026-04-20 13:33:21,338 autoreload Watching for file changes with StatReloader
INFO 2026-04-20 13:33:28,329 basehttp "GET / HTTP/1.1" 200 408
INFO 2026-04-20 13:33:28,688 basehttp "GET /favicon.ico HTTP/1.1" 200 408
INFO 2026-04-20 13:33:28,691 basehttp "GET /api/auth/me/ HTTP/1.1" 200 249
INFO 2026-04-20 13:33:28,753 basehttp "GET /favicon.ico HTTP/1.1" 200 408
INFO 2026-04-20 13:33:38,850 basehttp "POST /api/auth/login/ HTTP/1.1" 200 866
INFO 2026-04-20 13:33:38,878 basehttp "GET /favicon.ico HTTP/1.1" 200 408
INFO 2026-04-20 13:33:38,895 basehttp "GET /api/dashboard/summary/ HTTP/1.1" 200 225
INFO 2026-04-20 13:33:41,151 basehttp "GET /favicon.ico HTTP/1.1" 200 408
INFO 2026-04-20 13:33:41,156 basehttp "GET /api/branches/ HTTP/1.1" 200 955
INFO 2026-04-20 13:33:41,159 basehttp "GET /api/courses/ HTTP/1.1" 200 675
INFO 2026-04-20 13:33:41,180 basehttp "GET /api/enrollments/ HTTP/1.1" 200 803
INFO 2026-04-20 13:33:43,417 basehttp "GET /favicon.ico HTTP/1.1" 200 408
INFO 2026-04-20 13:33:43,430 basehttp "GET /api/enrollments/1/ HTTP/1.1" 200 1022
INFO 2026-04-20 13:34:54,391 basehttp "GET /enrollments/1 HTTP/1.1" 200 408
INFO 2026-04-20 13:34:54,620 basehttp "GET /static/assets/index-893b5694.js HTTP/1.1" 200 370249
INFO 2026-04-20 13:34:54,694 basehttp "GET /api/auth/me/ HTTP/1.1" 200 249
INFO 2026-04-20 13:34:54,712 basehttp "GET /favicon.ico HTTP/1.1" 200 408
INFO 2026-04-20 13:34:54,719 basehttp "GET /api/enrollments/1/ HTTP/1.1" 200 1022
INFO 2026-04-20 13:34:54,852 basehttp "GET /enrollments/1 HTTP/1.1" 200 408
INFO 2026-04-20 13:34:54,885 basehttp "GET /api/auth/me/ HTTP/1.1" 200 249
INFO 2026-04-20 13:34:54,918 basehttp "GET /api/enrollments/1/ HTTP/1.1" 200 1022
INFO 2026-04-20 13:34:54,918 basehttp "GET /favicon.ico HTTP/1.1" 200 408
INFO 2026-04-20 13:34:55,064 basehttp "GET /enrollments/1 HTTP/1.1" 200 408
INFO 2026-04-20 13:34:55,080 basehttp "GET /static/assets/index-893b5694.js HTTP/1.1" 304 0
INFO 2026-04-20 13:34:55,107 basehttp "GET /api/auth/me/ HTTP/1.1" 200 249
INFO 2026-04-20 13:34:55,141 basehttp "GET /favicon.ico HTTP/1.1" 200 408
INFO 2026-04-20 13:34:55,142 basehttp "GET /api/enrollments/1/ HTTP/1.1" 200 1022
INFO 2026-04-20 13:38:28,560 basehttp "GET /favicon.ico HTTP/1.1" 200 408
INFO 2026-04-20 13:38:28,576 basehttp "GET /api/walkins/ HTTP/1.1" 200 2702
INFO 2026-04-20 13:38:31,827 basehttp "GET /public/walk-in HTTP/1.1" 200 408
INFO 2026-04-20 13:38:31,867 basehttp "GET /static/assets/index-893b5694.js HTTP/1.1" 304 0
INFO 2026-04-20 13:38:32,222 basehttp "GET /api/auth/me/ HTTP/1.1" 200 249
INFO 2026-04-20 13:38:32,223 basehttp "GET /api/public/walkin/ HTTP/1.1" 200 657
INFO 2026-04-20 13:38:32,243 basehttp "GET /favicon.ico HTTP/1.1" 200 408
INFO 2026-04-20 13:57:47,595 basehttp "GET /walkins HTTP/1.1" 200 408
INFO 2026-04-20 13:57:48,008 basehttp "GET /api/walkins/ HTTP/1.1" 200 2702
INFO 2026-04-20 13:57:48,054 basehttp "GET /favicon.ico HTTP/1.1" 200 408
INFO 2026-04-20 13:57:51,307 basehttp "GET /favicon.ico HTTP/1.1" 200 408
INFO 2026-04-20 13:57:51,320 basehttp "GET /api/dashboard/summary/ HTTP/1.1" 200 225
INFO 2026-04-20 13:57:53,289 basehttp "GET /favicon.ico HTTP/1.1" 200 408
INFO 2026-04-20 13:57:53,323 basehttp "GET /api/payments/ HTTP/1.1" 200 2455
INFO 2026-04-20 13:57:56,017 basehttp "GET /api/payments/3/ HTTP/1.1" 200 477
INFO 2026-04-20 13:57:56,017 basehttp "GET /favicon.ico HTTP/1.1" 200 408
INFO 2026-04-20 14:01:09,540 autoreload C:\Users\Welcome\Desktop\CRM\March 24\files\crm\models.py changed, reloading.
INFO 2026-04-20 14:01:10,989 autoreload Watching for file changes with StatReloader
INFO 2026-04-20 14:01:24,795 autoreload C:\Users\Welcome\Desktop\CRM\March 24\files\serializers.py changed, reloading.
INFO 2026-04-20 14:01:26,037 autoreload Watching for file changes with StatReloader
INFO 2026-04-20 14:01:55,238 autoreload C:\Users\Welcome\Desktop\CRM\March 24\files\views.py changed, reloading.
INFO 2026-04-20 14:01:56,557 autoreload Watching for file changes with StatReloader
INFO 2026-04-20 14:02:32,278 autoreload C:\Users\Welcome\Desktop\CRM\March 24\files\views.py changed, reloading.
INFO 2026-04-20 14:02:33,626 autoreload Watching for file changes with StatReloader
INFO 2026-04-20 14:04:38,510 autoreload Watching for file changes with StatReloader
INFO 2026-04-20 14:04:40,431 basehttp "GET / HTTP/1.1" 200 408
INFO 2026-04-20 14:04:40,566 basehttp "GET /static/assets/index-e71499b0.css HTTP/1.1" 200 27708
INFO 2026-04-20 14:04:40,777 basehttp "GET /static/assets/index-3046e7c3.js HTTP/1.1" 200 372298
INFO 2026-04-20 14:04:41,162 basehttp "GET /api/auth/me/ HTTP/1.1" 200 249
INFO 2026-04-20 14:04:41,168 basehttp "GET /favicon.ico HTTP/1.1" 200 408
INFO 2026-04-20 14:04:41,242 basehttp "GET /favicon.ico HTTP/1.1" 200 408
INFO 2026-04-20 14:04:48,600 basehttp "POST /api/auth/login/ HTTP/1.1" 200 866
INFO 2026-04-20 14:04:48,643 basehttp "GET /favicon.ico HTTP/1.1" 200 408
INFO 2026-04-20 14:04:48,665 basehttp "GET /api/dashboard/summary/ HTTP/1.1" 200 225
INFO 2026-04-20 14:04:50,889 basehttp "GET /favicon.ico HTTP/1.1" 200 408
INFO 2026-04-20 14:04:50,930 basehttp "GET /api/payments/ HTTP/1.1" 200 3106
INFO 2026-04-20 14:04:52,875 basehttp "GET /favicon.ico HTTP/1.1" 200 408
INFO 2026-04-20 14:04:52,887 basehttp "GET /api/payments/3/ HTTP/1.1" 200 570
INFO 2026-04-20 14:04:57,174 basehttp "POST /api/installments/1/generate-bill/ HTTP/1.1" 200 415
INFO 2026-04-20 14:04:57,218 basehttp "GET /api/payments/3/ HTTP/1.1" 200 653
INFO 2026-04-20 14:05:00,523 basehttp "GET /favicon.ico HTTP/1.1" 200 408
INFO 2026-04-20 14:05:00,582 basehttp "POST /api/auth/logout/ HTTP/1.1" 200 37
INFO 2026-04-20 14:05:09,608 basehttp "POST /api/auth/login/ HTTP/1.1" 200 858
INFO 2026-04-20 14:05:09,634 basehttp "GET /favicon.ico HTTP/1.1" 200 408
INFO 2026-04-20 14:05:09,664 basehttp "GET /api/dashboard/summary/ HTTP/1.1" 200 215
INFO 2026-04-20 14:05:12,510 basehttp "GET /favicon.ico HTTP/1.1" 200 408
INFO 2026-04-20 14:05:12,514 basehttp "GET /api/payments/ HTTP/1.1" 200 705
INFO 2026-04-20 14:05:13,663 basehttp "GET /favicon.ico HTTP/1.1" 200 408
INFO 2026-04-20 14:05:13,685 basehttp "GET /api/payments/3/ HTTP/1.1" 200 653
INFO 2026-04-20 14:05:18,611 basehttp "GET /api/installments/1/view-bill/ HTTP/1.1" 200 2417
INFO 2026-04-20 14:09:15,793 autoreload C:\Users\Welcome\Desktop\CRM\March 24\files\views.py changed, reloading.
INFO 2026-04-20 14:09:16,756 autoreload Watching for file changes with StatReloader
INFO 2026-04-20 14:10:08,121 basehttp "GET /payments/3 HTTP/1.1" 200 408
INFO 2026-04-20 14:10:08,138 basehttp "GET /static/assets/index-3046e7c3.js HTTP/1.1" 304 0
INFO 2026-04-20 14:10:08,143 basehttp "GET /static/assets/index-e71499b0.css HTTP/1.1" 304 0
INFO 2026-04-20 14:10:08,460 basehttp "GET /api/auth/me/ HTTP/1.1" 200 271
INFO 2026-04-20 14:10:08,460 basehttp "GET /favicon.ico HTTP/1.1" 200 408
INFO 2026-04-20 14:10:08,513 basehttp "GET /api/payments/3/ HTTP/1.1" 200 653
INFO 2026-04-20 14:10:12,771 basehttp "GET /api/installments/1/view-bill/ HTTP/1.1" 200 2417
INFO 2026-04-20 14:13:02,822 autoreload C:\Users\Welcome\Desktop\CRM\March 24\files\views.py changed, reloading.
INFO 2026-04-20 14:13:03,998 autoreload Watching for file changes with StatReloader
INFO 2026-04-20 14:23:13,959 basehttp "GET /api/installments/1/view-bill/ HTTP/1.1" 200 3578
INFO 2026-04-20 14:25:00,188 autoreload C:\Users\Welcome\Desktop\CRM\March 24\files\views.py changed, reloading.
INFO 2026-04-20 14:25:01,582 autoreload Watching for file changes with StatReloader
INFO 2026-04-20 14:25:15,358 basehttp "GET /api/installments/1/view-bill/ HTTP/1.1" 200 3372
INFO 2026-04-20 14:25:52,297 autoreload C:\Users\Welcome\Desktop\CRM\March 24\files\views.py changed, reloading.
INFO 2026-04-20 14:25:53,449 autoreload Watching for file changes with StatReloader
INFO 2026-04-20 14:26:18,449 basehttp "GET / HTTP/1.1" 200 408
INFO 2026-04-20 14:26:18,490 basehttp "GET /static/assets/index-e71499b0.css HTTP/1.1" 304 0
INFO 2026-04-20 14:26:18,491 basehttp "GET /static/assets/index-3046e7c3.js HTTP/1.1" 304 0
INFO 2026-04-20 14:26:18,901 basehttp "GET /favicon.ico HTTP/1.1" 200 408
INFO 2026-04-20 14:26:18,924 basehttp "GET /api/auth/me/ HTTP/1.1" 200 271
INFO 2026-04-20 14:26:19,069 basehttp "GET /favicon.ico HTTP/1.1" 200 408
WARNING 2026-04-20 14:26:32,430 log Unauthorized: /api/auth/login/
WARNING 2026-04-20 14:26:32,449 basehttp "POST /api/auth/login/ HTTP/1.1" 401 63
INFO 2026-04-20 14:26:32,524 basehttp "POST /api/auth/token/refresh/ HTTP/1.1" 200 705
WARNING 2026-04-20 14:26:32,966 log Unauthorized: /api/auth/login/
WARNING 2026-04-20 14:26:32,968 basehttp "POST /api/auth/login/ HTTP/1.1" 401 63
INFO 2026-04-20 14:26:37,981 basehttp "POST /api/auth/login/ HTTP/1.1" 200 858
INFO 2026-04-20 14:26:38,034 basehttp "GET /favicon.ico HTTP/1.1" 200 408
INFO 2026-04-20 14:26:38,071 basehttp "GET /api/dashboard/summary/ HTTP/1.1" 200 215
INFO 2026-04-20 14:26:40,406 basehttp "GET /favicon.ico HTTP/1.1" 200 408
INFO 2026-04-20 14:26:40,428 basehttp "GET /api/payments/ HTTP/1.1" 200 705
INFO 2026-04-20 14:26:41,565 basehttp "GET /favicon.ico HTTP/1.1" 200 408
INFO 2026-04-20 14:26:41,581 basehttp "GET /api/payments/3/ HTTP/1.1" 200 653
INFO 2026-04-20 14:26:44,116 basehttp "GET /api/installments/1/view-bill/ HTTP/1.1" 200 608522
INFO 2026-04-20 14:28:10,058 autoreload C:\Users\Welcome\Desktop\CRM\March 24\files\views.py changed, reloading.
INFO 2026-04-20 14:28:11,277 autoreload Watching for file changes with StatReloader
INFO 2026-04-20 14:28:16,571 basehttp "GET / HTTP/1.1" 200 408
INFO 2026-04-20 14:28:16,986 basehttp "GET /favicon.ico HTTP/1.1" 200 408
INFO 2026-04-20 14:28:16,987 basehttp "GET /api/auth/me/ HTTP/1.1" 200 271
INFO 2026-04-20 14:28:17,058 basehttp "GET /favicon.ico HTTP/1.1" 200 408
INFO 2026-04-20 14:28:34,085 basehttp "POST /api/auth/login/ HTTP/1.1" 200 858
INFO 2026-04-20 14:28:34,126 basehttp "GET /favicon.ico HTTP/1.1" 200 408
INFO 2026-04-20 14:28:34,153 basehttp "GET /api/dashboard/summary/ HTTP/1.1" 200 215
INFO 2026-04-20 14:28:36,254 basehttp "GET /favicon.ico HTTP/1.1" 200 408
INFO 2026-04-20 14:28:36,278 basehttp "GET /api/payments/ HTTP/1.1" 200 705
INFO 2026-04-20 14:28:37,616 basehttp "GET /favicon.ico HTTP/1.1" 200 408
INFO 2026-04-20 14:28:37,637 basehttp "GET /api/payments/3/ HTTP/1.1" 200 653
INFO 2026-04-20 14:28:39,719 basehttp "GET /api/installments/1/view-bill/ HTTP/1.1" 200 608526
INFO 2026-04-20 15:38:16,690 basehttp "GET /payments/3 HTTP/1.1" 200 408
INFO 2026-04-20 15:38:16,712 basehttp "GET /static/assets/index-e71499b0.css HTTP/1.1" 304 0
INFO 2026-04-20 15:38:16,713 basehttp "GET /static/assets/index-3046e7c3.js HTTP/1.1" 304 0
INFO 2026-04-20 15:38:17,006 basehttp "GET /api/auth/me/ HTTP/1.1" 200 271
INFO 2026-04-20 15:38:17,041 basehttp "GET /favicon.ico HTTP/1.1" 200 408
INFO 2026-04-20 15:38:17,042 basehttp "GET /api/payments/3/ HTTP/1.1" 200 653
INFO 2026-04-20 15:38:18,928 basehttp "GET /api/installments/1/view-bill/ HTTP/1.1" 200 608526
INFO 2026-04-20 15:39:59,990 autoreload C:\Users\Welcome\Desktop\CRM\March 24\files\views.py changed, reloading.
INFO 2026-04-20 15:40:02,480 autoreload Watching for file changes with StatReloader
INFO 2026-04-20 16:12:44,370 basehttp "GET /payments/3 HTTP/1.1" 200 408
INFO 2026-04-20 16:12:44,403 basehttp "GET /static/assets/index-3046e7c3.js HTTP/1.1" 304 0
INFO 2026-04-20 16:12:44,404 basehttp "GET /static/assets/index-e71499b0.css HTTP/1.1" 304 0
INFO 2026-04-20 16:12:44,833 basehttp "GET /favicon.ico HTTP/1.1" 200 408
INFO 2026-04-20 16:12:44,889 basehttp "GET /api/auth/me/ HTTP/1.1" 200 271
INFO 2026-04-20 16:12:45,021 basehttp "GET /api/payments/3/ HTTP/1.1" 200 653
INFO 2026-04-20 16:12:46,862 basehttp "GET /api/installments/1/view-bill/ HTTP/1.1" 200 608619
INFO 2026-04-20 16:24:41,460 autoreload Watching for file changes with StatReloader
INFO 2026-04-20 16:24:44,179 basehttp "GET / HTTP/1.1" 200 408
INFO 2026-04-20 16:24:44,805 basehttp "GET /favicon.ico HTTP/1.1" 200 408
INFO 2026-04-20 16:24:44,822 basehttp "GET /api/auth/me/ HTTP/1.1" 200 271
INFO 2026-04-20 16:24:45,017 basehttp "GET /favicon.ico HTTP/1.1" 200 408
INFO 2026-04-20 16:24:47,441 basehttp "GET /login HTTP/1.1" 200 408
INFO 2026-04-20 16:24:47,505 basehttp "GET /api/auth/me/ HTTP/1.1" 200 271
INFO 2026-04-20 16:24:47,570 basehttp "GET /favicon.ico HTTP/1.1" 200 408
INFO 2026-04-20 16:24:48,800 basehttp "GET /login HTTP/1.1" 200 408
INFO 2026-04-20 16:24:48,872 basehttp "GET /api/auth/me/ HTTP/1.1" 200 271
INFO 2026-04-20 16:24:48,943 basehttp "GET /favicon.ico HTTP/1.1" 200 408
INFO 2026-04-20 16:26:09,331 basehttp "GET /login HTTP/1.1" 200 408
INFO 2026-04-20 16:26:09,405 basehttp "GET /static/assets/index-e71499b0.css HTTP/1.1" 200 27708
INFO 2026-04-20 16:26:09,566 basehttp "GET /static/assets/index-83da206b.js HTTP/1.1" 200 372301
INFO 2026-04-20 16:26:09,636 basehttp "GET /api/auth/me/ HTTP/1.1" 200 271
WARNING 2026-04-20 16:26:09,761 basehttp "GET /static/brand-logo.png HTTP/1.1" 404 1915
INFO 2026-04-20 16:26:09,772 basehttp "GET /favicon.ico HTTP/1.1" 200 408
INFO 2026-04-20 16:26:10,762 basehttp "GET /login HTTP/1.1" 200 408
INFO 2026-04-20 16:26:10,783 basehttp "GET /static/assets/index-83da206b.js HTTP/1.1" 304 0
INFO 2026-04-20 16:26:10,784 basehttp "GET /static/assets/index-e71499b0.css HTTP/1.1" 304 0
INFO 2026-04-20 16:26:10,808 basehttp "GET /api/auth/me/ HTTP/1.1" 200 271
WARNING 2026-04-20 16:26:10,810 basehttp "GET /static/brand-logo.png HTTP/1.1" 404 1915
INFO 2026-04-20 16:26:10,850 basehttp "GET /favicon.ico HTTP/1.1" 200 408
INFO 2026-04-20 16:26:11,233 basehttp "GET /login HTTP/1.1" 200 408
INFO 2026-04-20 16:26:11,248 basehttp "GET /static/assets/index-e71499b0.css HTTP/1.1" 304 0
INFO 2026-04-20 16:26:11,248 basehttp "GET /static/assets/index-83da206b.js HTTP/1.1" 304 0
INFO 2026-04-20 16:26:11,278 basehttp "GET /api/auth/me/ HTTP/1.1" 200 271
WARNING 2026-04-20 16:26:11,281 basehttp "GET /static/brand-logo.png HTTP/1.1" 404 1915
INFO 2026-04-20 16:26:11,307 basehttp "GET /favicon.ico HTTP/1.1" 200 408
INFO 2026-04-20 16:26:11,386 basehttp "GET /login HTTP/1.1" 200 408
INFO 2026-04-20 16:26:11,427 basehttp "GET /api/auth/me/ HTTP/1.1" 200 271
WARNING 2026-04-20 16:26:11,429 basehttp "GET /static/brand-logo.png HTTP/1.1" 404 1915
INFO 2026-04-20 16:26:11,448 basehttp "GET /favicon.ico HTTP/1.1" 200 408
INFO 2026-04-20 16:26:11,575 basehttp "GET /login HTTP/1.1" 200 408
INFO 2026-04-20 16:26:11,613 basehttp "GET /api/auth/me/ HTTP/1.1" 200 271
WARNING 2026-04-20 16:26:11,614 basehttp "GET /static/brand-logo.png HTTP/1.1" 404 1915
INFO 2026-04-20 16:26:11,632 basehttp "GET /favicon.ico HTTP/1.1" 200 408
INFO 2026-04-20 16:26:11,738 basehttp "GET /login HTTP/1.1" 200 408
INFO 2026-04-20 16:26:11,775 basehttp "GET /api/auth/me/ HTTP/1.1" 200 271
WARNING 2026-04-20 16:26:11,777 basehttp "GET /static/brand-logo.png HTTP/1.1" 404 1915
INFO 2026-04-20 16:26:11,799 basehttp "GET /favicon.ico HTTP/1.1" 200 408
INFO 2026-04-20 16:26:11,965 basehttp "GET /login HTTP/1.1" 200 408
INFO 2026-04-20 16:26:12,010 basehttp "GET /api/auth/me/ HTTP/1.1" 200 271
WARNING 2026-04-20 16:26:12,011 basehttp "GET /static/brand-logo.png HTTP/1.1" 404 1915
INFO 2026-04-20 16:26:12,029 basehttp "GET /favicon.ico HTTP/1.1" 200 408
INFO 2026-04-20 16:28:38,231 basehttp "GET /login HTTP/1.1" 200 408
INFO 2026-04-20 16:28:38,245 basehttp "GET /static/assets/index-83da206b.js HTTP/1.1" 304 0
INFO 2026-04-20 16:28:38,245 basehttp "GET /static/assets/index-e71499b0.css HTTP/1.1" 304 0
WARNING 2026-04-20 16:28:38,280 basehttp "GET /static/brand-logo.png HTTP/1.1" 404 1915
INFO 2026-04-20 16:28:38,537 basehttp "GET /api/auth/me/ HTTP/1.1" 200 271
INFO 2026-04-20 16:28:38,559 basehttp "GET /favicon.ico HTTP/1.1" 200 408
INFO 2026-04-20 16:28:39,633 basehttp "GET /login HTTP/1.1" 200 408
INFO 2026-04-20 16:28:39,676 basehttp "GET /api/auth/me/ HTTP/1.1" 200 271
WARNING 2026-04-20 16:28:39,677 basehttp "GET /static/brand-logo.png HTTP/1.1" 404 1915
INFO 2026-04-20 16:28:39,705 basehttp "GET /favicon.ico HTTP/1.1" 200 408
INFO 2026-04-20 16:28:40,041 basehttp "GET /login HTTP/1.1" 200 408
INFO 2026-04-20 16:28:40,090 basehttp "GET /api/auth/me/ HTTP/1.1" 200 271
WARNING 2026-04-20 16:28:40,094 basehttp "GET /static/brand-logo.png HTTP/1.1" 404 1915
INFO 2026-04-20 16:28:40,113 basehttp "GET /favicon.ico HTTP/1.1" 200 408
INFO 2026-04-20 16:28:40,227 basehttp "GET /login HTTP/1.1" 200 408
INFO 2026-04-20 16:28:40,271 basehttp "GET /api/auth/me/ HTTP/1.1" 200 271
WARNING 2026-04-20 16:28:40,276 basehttp "GET /static/brand-logo.png HTTP/1.1" 404 1915
INFO 2026-04-20 16:28:40,300 basehttp "GET /favicon.ico HTTP/1.1" 200 408
INFO 2026-04-20 16:28:40,393 basehttp "GET /login HTTP/1.1" 200 408
INFO 2026-04-20 16:28:40,440 basehttp "GET /api/auth/me/ HTTP/1.1" 200 271
WARNING 2026-04-20 16:28:40,446 basehttp "GET /static/brand-logo.png HTTP/1.1" 404 1915
INFO 2026-04-20 16:28:40,461 basehttp "GET /favicon.ico HTTP/1.1" 200 408
INFO 2026-04-20 16:28:40,621 basehttp "GET /login HTTP/1.1" 200 408
INFO 2026-04-20 16:28:40,674 basehttp "GET /api/auth/me/ HTTP/1.1" 200 271
WARNING 2026-04-20 16:28:40,677 basehttp "GET /static/brand-logo.png HTTP/1.1" 404 1915
INFO 2026-04-20 16:28:40,693 basehttp "GET /favicon.ico HTTP/1.1" 200 408
INFO 2026-04-20 16:32:29,280 autoreload Watching for file changes with StatReloader
INFO 2026-04-20 16:32:32,514 basehttp "GET / HTTP/1.1" 200 408
INFO 2026-04-20 16:32:32,543 basehttp "GET /static/assets/index-83da206b.js HTTP/1.1" 304 0
INFO 2026-04-20 16:32:32,544 basehttp "GET /static/assets/index-e71499b0.css HTTP/1.1" 304 0
INFO 2026-04-20 16:32:32,870 basehttp "GET /favicon.ico HTTP/1.1" 200 408
INFO 2026-04-20 16:32:32,916 basehttp "GET /api/auth/me/ HTTP/1.1" 200 271
WARNING 2026-04-20 16:32:32,978 basehttp "GET /static/brand-logo.png HTTP/1.1" 404 1915
INFO 2026-04-20 16:32:33,007 basehttp "GET /favicon.ico HTTP/1.1" 200 408
INFO 2026-04-20 16:32:36,239 basehttp "GET /login HTTP/1.1" 200 408
INFO 2026-04-20 16:32:36,292 basehttp "GET /api/auth/me/ HTTP/1.1" 200 271
WARNING 2026-04-20 16:32:36,294 basehttp "GET /static/brand-logo.png HTTP/1.1" 404 1915
INFO 2026-04-20 16:32:36,326 basehttp "GET /favicon.ico HTTP/1.1" 200 408
INFO 2026-04-20 16:34:20,958 basehttp "GET /login HTTP/1.1" 200 408
INFO 2026-04-20 16:34:21,034 basehttp "GET /static/assets/index-e71499b0.css HTTP/1.1" 200 27708
INFO 2026-04-20 16:34:21,157 basehttp "GET /static/assets/index-2868380b.js HTTP/1.1" 200 372279
INFO 2026-04-20 16:34:21,194 basehttp "GET /static/assets/brand-logo-05bda913.png HTTP/1.1" 200 572462
INFO 2026-04-20 16:34:21,440 basehttp "GET /api/auth/me/ HTTP/1.1" 200 271
INFO 2026-04-20 16:34:21,454 basehttp "GET /favicon.ico HTTP/1.1" 200 408
INFO 2026-04-20 16:36:27,361 basehttp "GET /login HTTP/1.1" 200 408
INFO 2026-04-20 16:36:27,381 basehttp "GET /static/assets/index-e71499b0.css HTTP/1.1" 304 0
INFO 2026-04-20 16:36:27,381 basehttp "GET /static/assets/index-2868380b.js HTTP/1.1" 304 0
INFO 2026-04-20 16:36:27,412 basehttp "GET /static/assets/brand-logo-05bda913.png HTTP/1.1" 304 0
INFO 2026-04-20 16:36:27,418 basehttp "GET /api/auth/me/ HTTP/1.1" 200 271
INFO 2026-04-20 16:36:27,677 basehttp "GET /favicon.ico HTTP/1.1" 200 408
INFO 2026-04-20 16:36:30,974 basehttp "GET /login HTTP/1.1" 200 408
INFO 2026-04-20 16:36:31,021 basehttp "GET /api/auth/me/ HTTP/1.1" 200 271
INFO 2026-04-20 16:36:31,053 basehttp "GET /favicon.ico HTTP/1.1" 200 408
INFO 2026-04-20 16:36:31,637 basehttp "GET /login HTTP/1.1" 200 408
INFO 2026-04-20 16:36:31,687 basehttp "GET /api/auth/me/ HTTP/1.1" 200 271
INFO 2026-04-20 16:36:31,714 basehttp "GET /favicon.ico HTTP/1.1" 200 408
INFO 2026-04-20 16:36:31,808 basehttp "GET /login HTTP/1.1" 200 408
INFO 2026-04-20 16:36:31,853 basehttp "GET /api/auth/me/ HTTP/1.1" 200 271
INFO 2026-04-20 16:36:31,870 basehttp "GET /favicon.ico HTTP/1.1" 200 408
INFO 2026-04-20 16:36:31,966 basehttp "GET /login HTTP/1.1" 200 408
INFO 2026-04-20 16:36:32,013 basehttp "GET /api/auth/me/ HTTP/1.1" 200 271
INFO 2026-04-20 16:36:32,037 basehttp "GET /favicon.ico HTTP/1.1" 200 408
INFO 2026-04-20 16:36:32,139 basehttp "GET /login HTTP/1.1" 200 408
INFO 2026-04-20 16:36:32,186 basehttp "GET /api/auth/me/ HTTP/1.1" 200 271
INFO 2026-04-20 16:36:32,203 basehttp "GET /favicon.ico HTTP/1.1" 200 408
INFO 2026-04-20 16:36:32,303 basehttp "GET /login HTTP/1.1" 200 408
INFO 2026-04-20 16:36:32,346 basehttp "GET /api/auth/me/ HTTP/1.1" 200 271
INFO 2026-04-20 16:36:32,371 basehttp "GET /favicon.ico HTTP/1.1" 200 408
INFO 2026-04-20 16:36:32,520 basehttp "GET /login HTTP/1.1" 200 408
INFO 2026-04-20 16:36:32,560 basehttp "GET /api/auth/me/ HTTP/1.1" 200 271
INFO 2026-04-20 16:36:32,586 basehttp "GET /favicon.ico HTTP/1.1" 200 408
INFO 2026-04-20 16:36:40,598 autoreload Watching for file changes with StatReloader
INFO 2026-04-20 16:36:42,392 basehttp "GET / HTTP/1.1" 200 408
INFO 2026-04-20 16:36:42,423 basehttp "GET /static/assets/index-2868380b.js HTTP/1.1" 304 0
INFO 2026-04-20 16:36:42,426 basehttp "GET /static/assets/index-e71499b0.css HTTP/1.1" 304 0
INFO 2026-04-20 16:36:42,742 basehttp "GET /api/auth/me/ HTTP/1.1" 200 271
INFO 2026-04-20 16:36:42,743 basehttp "GET /favicon.ico HTTP/1.1" 200 408
INFO 2026-04-20 16:36:42,755 basehttp "GET /static/assets/brand-logo-05bda913.png HTTP/1.1" 304 0
INFO 2026-04-20 16:36:42,798 basehttp "GET /favicon.ico HTTP/1.1" 200 408
INFO 2026-04-20 16:36:46,176 basehttp "GET /login HTTP/1.1" 200 408
INFO 2026-04-20 16:36:46,222 basehttp "GET /api/auth/me/ HTTP/1.1" 200 271
INFO 2026-04-20 16:36:46,256 basehttp "GET /favicon.ico HTTP/1.1" 200 408
INFO 2026-04-20 16:38:51,145 autoreload Watching for file changes with StatReloader
INFO 2026-04-20 16:39:19,693 basehttp "GET / HTTP/1.1" 200 408
INFO 2026-04-20 16:39:20,374 basehttp "GET /static/assets/index-e71499b0.css HTTP/1.1" 304 0
INFO 2026-04-20 16:39:20,381 basehttp "GET /static/assets/index-2868380b.js HTTP/1.1" 304 0
INFO 2026-04-20 16:39:22,017 basehttp "GET /favicon.ico HTTP/1.1" 200 408
INFO 2026-04-20 16:39:22,064 basehttp "GET /api/auth/me/ HTTP/1.1" 200 271
INFO 2026-04-20 16:39:22,809 basehttp "GET /favicon.ico HTTP/1.1" 200 408
INFO 2026-04-20 16:39:22,809 basehttp "GET /static/assets/brand-logo-05bda913.png HTTP/1.1" 304 0
INFO 2026-04-20 16:39:25,796 basehttp "GET /login HTTP/1.1" 200 408
INFO 2026-04-20 16:39:25,877 basehttp "GET /api/auth/me/ HTTP/1.1" 200 271
INFO 2026-04-20 16:39:25,914 basehttp "GET /favicon.ico HTTP/1.1" 200 408
INFO 2026-04-20 16:44:15,531 basehttp "GET /login HTTP/1.1" 200 408
INFO 2026-04-20 16:44:15,605 basehttp "GET /static/assets/index-e71499b0.css HTTP/1.1" 200 27708
INFO 2026-04-20 16:44:15,609 basehttp "GET /static/assets/index-6fa5afb8.js HTTP/1.1" 200 372162
INFO 2026-04-20 16:44:15,644 basehttp "GET /static/assets/brand-logo-05bda913.png HTTP/1.1" 200 572462
INFO 2026-04-20 16:44:15,910 basehttp "GET /api/auth/me/ HTTP/1.1" 200 271
INFO 2026-04-20 16:44:15,932 basehttp "GET /favicon.ico HTTP/1.1" 200 408
INFO 2026-04-20 16:44:16,937 basehttp "GET /login HTTP/1.1" 200 408
INFO 2026-04-20 16:44:16,980 basehttp "GET /api/auth/me/ HTTP/1.1" 200 271
INFO 2026-04-20 16:44:17,013 basehttp "GET /favicon.ico HTTP/1.1" 200 408
INFO 2026-04-20 16:44:17,504 basehttp "GET /login HTTP/1.1" 200 408
INFO 2026-04-20 16:44:17,547 basehttp "GET /api/auth/me/ HTTP/1.1" 200 271
INFO 2026-04-20 16:44:17,578 basehttp "GET /favicon.ico HTTP/1.1" 200 408
INFO 2026-04-20 16:44:17,686 basehttp "GET /login HTTP/1.1" 200 408
INFO 2026-04-20 16:44:17,737 basehttp "GET /api/auth/me/ HTTP/1.1" 200 271
INFO 2026-04-20 16:44:17,776 basehttp "GET /favicon.ico HTTP/1.1" 200 408
INFO 2026-04-20 16:44:17,847 basehttp "GET /login HTTP/1.1" 200 408
INFO 2026-04-20 16:44:17,886 basehttp "GET /api/auth/me/ HTTP/1.1" 200 271
INFO 2026-04-20 16:44:17,917 basehttp "GET /favicon.ico HTTP/1.1" 200 408
INFO 2026-04-20 16:44:18,027 basehttp "GET /login HTTP/1.1" 200 408
INFO 2026-04-20 16:44:18,071 basehttp "GET /api/auth/me/ HTTP/1.1" 200 271
INFO 2026-04-20 16:44:18,096 basehttp "GET /favicon.ico HTTP/1.1" 200 408
INFO 2026-04-20 16:44:18,247 basehttp "GET /login HTTP/1.1" 200 408
INFO 2026-04-20 16:44:18,292 basehttp "GET /api/auth/me/ HTTP/1.1" 200 271
INFO 2026-04-20 16:44:18,320 basehttp "GET /favicon.ico HTTP/1.1" 200 408
INFO 2026-04-20 16:44:31,440 autoreload Watching for file changes with StatReloader
INFO 2026-04-20 16:46:31,415 basehttp "GET /login HTTP/1.1" 200 408
INFO 2026-04-20 16:46:31,436 basehttp "GET /static/assets/index-e71499b0.css HTTP/1.1" 304 0
INFO 2026-04-20 16:46:31,436 basehttp "GET /static/assets/index-6fa5afb8.js HTTP/1.1" 304 0
INFO 2026-04-20 16:46:31,475 basehttp "GET /static/assets/brand-logo-05bda913.png HTTP/1.1" 304 0
INFO 2026-04-20 16:46:31,514 basehttp "GET /api/auth/me/ HTTP/1.1" 200 271
INFO 2026-04-20 16:46:31,588 basehttp "GET /favicon.ico HTTP/1.1" 200 408
INFO 2026-04-20 16:46:38,117 basehttp "GET / HTTP/1.1" 200 408
INFO 2026-04-20 16:46:38,458 basehttp "GET /api/auth/me/ HTTP/1.1" 200 271
INFO 2026-04-20 16:46:38,562 basehttp "GET /favicon.ico HTTP/1.1" 200 408
INFO 2026-04-20 16:46:38,564 basehttp "GET /favicon.ico HTTP/1.1" 200 408
INFO 2026-04-20 16:59:04,474 autoreload Watching for file changes with StatReloader
INFO 2026-04-20 16:59:14,942 basehttp "GET / HTTP/1.1" 200 408
INFO 2026-04-20 16:59:14,977 basehttp "GET /static/assets/index-6fa5afb8.js HTTP/1.1" 304 0
INFO 2026-04-20 16:59:14,980 basehttp "GET /static/assets/index-e71499b0.css HTTP/1.1" 304 0
INFO 2026-04-20 16:59:15,298 basehttp "GET /favicon.ico HTTP/1.1" 200 408
INFO 2026-04-20 16:59:15,301 basehttp "GET /api/auth/me/ HTTP/1.1" 200 271
INFO 2026-04-20 16:59:15,310 basehttp "GET /static/assets/brand-logo-05bda913.png HTTP/1.1" 304 0
INFO 2026-04-20 16:59:15,335 basehttp "GET /favicon.ico HTTP/1.1" 200 408
INFO 2026-04-20 17:09:37,632 basehttp "GET /login HTTP/1.1" 200 408
INFO 2026-04-20 17:09:37,649 basehttp "GET /static/assets/index-e71499b0.css HTTP/1.1" 304 0
INFO 2026-04-20 17:09:37,650 basehttp "GET /static/assets/index-6fa5afb8.js HTTP/1.1" 304 0
INFO 2026-04-20 17:09:37,683 basehttp "GET /static/assets/brand-logo-05bda913.png HTTP/1.1" 304 0
INFO 2026-04-20 17:09:37,957 basehttp "GET /api/auth/me/ HTTP/1.1" 200 271
INFO 2026-04-20 17:09:37,970 basehttp "GET /favicon.ico HTTP/1.1" 200 408
INFO 2026-04-20 17:12:06,500 basehttp "GET /login HTTP/1.1" 200 420
INFO 2026-04-20 17:12:06,638 basehttp "GET /static/assets/index-7861e8f4.css HTTP/1.1" 200 35424
INFO 2026-04-20 17:12:06,812 basehttp "GET /static/assets/index-cf3fba86.js HTTP/1.1" 200 373777
INFO 2026-04-20 17:12:06,941 basehttp "GET /api/auth/me/ HTTP/1.1" 200 271
INFO 2026-04-20 17:12:06,959 basehttp "GET /favicon.ico HTTP/1.1" 200 420
INFO 2026-04-20 17:12:31,913 basehttp "GET /login HTTP/1.1" 200 420
INFO 2026-04-20 17:12:31,930 basehttp "GET /static/assets/index-cf3fba86.js HTTP/1.1" 304 0
INFO 2026-04-20 17:12:31,931 basehttp "GET /static/assets/index-7861e8f4.css HTTP/1.1" 304 0
INFO 2026-04-20 17:12:31,960 basehttp "GET /api/auth/me/ HTTP/1.1" 200 271
INFO 2026-04-20 17:12:31,994 basehttp "GET /favicon.ico HTTP/1.1" 200 420
INFO 2026-04-20 17:12:32,892 basehttp "GET /login HTTP/1.1" 200 420
INFO 2026-04-20 17:12:32,931 basehttp "GET /api/auth/me/ HTTP/1.1" 200 271
INFO 2026-04-20 17:12:32,963 basehttp "GET /favicon.ico HTTP/1.1" 200 420
INFO 2026-04-20 17:36:56,028 basehttp "GET /login HTTP/1.1" 200 420
INFO 2026-04-20 17:36:56,056 basehttp "GET /static/assets/index-d8301fcf.css HTTP/1.1" 200 36713
INFO 2026-04-20 17:36:56,115 basehttp "GET /static/assets/index-6d458b05.js HTTP/1.1" 200 373611
INFO 2026-04-20 17:36:56,209 basehttp "GET /static/assets/brand-logo-05bda913.png HTTP/1.1" 200 572462
INFO 2026-04-20 17:36:56,810 basehttp "GET /api/auth/me/ HTTP/1.1" 200 271
INFO 2026-04-20 17:36:56,844 basehttp "GET /favicon.ico HTTP/1.1" 200 420
INFO 2026-04-20 17:49:01,660 basehttp "GET /login HTTP/1.1" 200 420
INFO 2026-04-20 17:49:01,702 basehttp "GET /static/assets/index-81f8d916.css HTTP/1.1" 200 35199
INFO 2026-04-20 17:49:01,792 basehttp "GET /static/assets/index-5700e25f.js HTTP/1.1" 200 373670
INFO 2026-04-20 17:49:01,850 basehttp "GET /static/assets/brand-logo-05bda913.png HTTP/1.1" 200 572462
INFO 2026-04-20 17:49:02,254 basehttp "GET /api/auth/me/ HTTP/1.1" 200 271
INFO 2026-04-20 17:49:02,283 basehttp "GET /favicon.ico HTTP/1.1" 200 420
INFO 2026-04-20 17:58:43,000 basehttp "GET /login HTTP/1.1" 200 420
INFO 2026-04-20 17:58:43,027 basehttp "GET /static/assets/index-5700e25f.js HTTP/1.1" 304 0
INFO 2026-04-20 17:58:43,029 basehttp "GET /static/assets/index-81f8d916.css HTTP/1.1" 304 0
INFO 2026-04-20 17:58:43,060 basehttp "GET /static/assets/brand-logo-05bda913.png HTTP/1.1" 304 0
INFO 2026-04-20 17:58:43,356 basehttp "GET /api/auth/me/ HTTP/1.1" 200 271
INFO 2026-04-20 17:58:43,386 basehttp "GET /favicon.ico HTTP/1.1" 200 420
INFO 2026-04-20 17:58:45,122 basehttp "GET /login HTTP/1.1" 200 420
INFO 2026-04-20 17:58:45,177 basehttp "GET /api/auth/me/ HTTP/1.1" 200 271
INFO 2026-04-20 17:58:45,219 basehttp "GET /favicon.ico HTTP/1.1" 200 420
INFO 2026-04-20 17:58:53,497 basehttp "GET /login HTTP/1.1" 200 420
INFO 2026-04-20 17:58:53,553 basehttp "GET /api/auth/me/ HTTP/1.1" 200 271
INFO 2026-04-20 17:58:53,595 basehttp "GET /favicon.ico HTTP/1.1" 200 420
INFO 2026-04-20 17:58:54,509 basehttp "GET /login HTTP/1.1" 200 420
INFO 2026-04-20 17:58:54,597 basehttp "GET /api/auth/me/ HTTP/1.1" 200 271
INFO 2026-04-20 17:58:54,644 basehttp "GET /favicon.ico HTTP/1.1" 200 420
INFO 2026-04-20 17:58:54,673 basehttp "GET /login HTTP/1.1" 200 420
INFO 2026-04-20 17:58:54,774 basehttp "GET /api/auth/me/ HTTP/1.1" 200 271
INFO 2026-04-20 17:58:54,806 basehttp "GET /favicon.ico HTTP/1.1" 200 420
INFO 2026-04-20 17:58:54,888 basehttp "GET /login HTTP/1.1" 200 420
INFO 2026-04-20 17:58:54,980 basehttp "GET /api/auth/me/ HTTP/1.1" 200 271
INFO 2026-04-20 17:58:54,983 basehttp "GET /favicon.ico HTTP/1.1" 200 420
INFO 2026-04-20 17:58:55,672 basehttp "GET /login HTTP/1.1" 200 420
INFO 2026-04-20 17:58:55,727 basehttp "GET /api/auth/me/ HTTP/1.1" 200 271
INFO 2026-04-20 17:58:55,794 basehttp "GET /favicon.ico HTTP/1.1" 200 420
INFO 2026-04-20 17:59:53,094 basehttp "GET /login HTTP/1.1" 200 420
INFO 2026-04-20 17:59:53,133 basehttp "GET /static/assets/index-c79fb680.css HTTP/1.1" 200 34413
INFO 2026-04-20 17:59:53,217 basehttp "GET /static/assets/index-4aae5ab1.js HTTP/1.1" 200 373283
INFO 2026-04-20 17:59:53,312 basehttp "GET /api/auth/me/ HTTP/1.1" 200 271
INFO 2026-04-20 17:59:53,324 basehttp "GET /favicon.ico HTTP/1.1" 200 420
INFO 2026-04-20 18:01:42,173 basehttp "GET / HTTP/1.1" 200 420
INFO 2026-04-20 18:01:42,241 basehttp "GET /static/assets/index-4aae5ab1.js HTTP/1.1" 304 0
INFO 2026-04-20 18:01:42,245 basehttp "GET /static/assets/index-c79fb680.css HTTP/1.1" 304 0
INFO 2026-04-20 18:01:42,602 basehttp "GET /api/auth/me/ HTTP/1.1" 200 271
INFO 2026-04-20 18:01:42,654 basehttp "GET /static/assets/brand-logo-05bda913.png HTTP/1.1" 200 572462
INFO 2026-04-20 18:01:42,738 basehttp "GET /favicon.ico HTTP/1.1" 200 420
INFO 2026-04-20 18:01:42,742 basehttp "GET /favicon.ico HTTP/1.1" 200 420
INFO 2026-04-20 18:17:49,095 autoreload Watching for file changes with StatReloader
INFO 2026-04-20 18:17:51,811 basehttp "GET / HTTP/1.1" 200 420
INFO 2026-04-20 18:17:51,934 basehttp "GET /static/assets/index-0173e990.css HTTP/1.1" 200 34084
INFO 2026-04-20 18:17:52,150 basehttp "GET /static/assets/index-96ecf415.js HTTP/1.1" 200 373168
INFO 2026-04-20 18:17:52,552 basehttp "GET /api/auth/me/ HTTP/1.1" 200 271
INFO 2026-04-20 18:17:52,631 basehttp "GET /static/assets/brand-logo-05bda913.png HTTP/1.1" 200 572462
INFO 2026-04-20 18:18:31,140 basehttp "POST /api/auth/login/ HTTP/1.1" 200 866
INFO 2026-04-20 18:18:31,227 basehttp "GET /api/dashboard/summary/ HTTP/1.1" 200 225
INFO 2026-04-20 18:18:33,669 basehttp "GET /api/payments/ HTTP/1.1" 200 3189
INFO 2026-04-20 18:18:35,223 basehttp "GET /api/payments/2/ HTTP/1.1" 200 1894
INFO 2026-04-20 18:18:38,311 basehttp "GET /api/payments/ HTTP/1.1" 200 3189
INFO 2026-04-20 18:18:41,251 basehttp "GET /api/payments/1/ HTTP/1.1" 200 588
INFO 2026-04-20 18:19:04,196 basehttp "GET /api/payments/ HTTP/1.1" 200 3189
INFO 2026-04-20 18:19:10,927 basehttp "GET /api/payments/3/ HTTP/1.1" 200 653
INFO 2026-04-20 18:19:16,979 basehttp "GET /api/installments/1/view-bill/ HTTP/1.1" 200 3393
INFO 2026-04-20 18:23:38,571 autoreload C:\Users\Welcome\Desktop\CRM\March 24\files\views.py changed, reloading.
INFO 2026-04-20 18:23:39,815 autoreload Watching for file changes with StatReloader
INFO 2026-04-20 18:24:09,478 basehttp "GET /payments/3 HTTP/1.1" 200 420
INFO 2026-04-20 18:24:09,500 basehttp "GET /static/assets/index-96ecf415.js HTTP/1.1" 304 0
INFO 2026-04-20 18:24:09,501 basehttp "GET /static/assets/index-0173e990.css HTTP/1.1" 304 0
INFO 2026-04-20 18:24:09,814 basehttp "GET /api/auth/me/ HTTP/1.1" 200 249
INFO 2026-04-20 18:24:09,820 basehttp "GET /static/assets/brand-logo-05bda913.png HTTP/1.1" 304 0
INFO 2026-04-20 18:24:09,849 basehttp "GET /api/payments/3/ HTTP/1.1" 200 653
INFO 2026-04-20 18:24:11,733 basehttp "GET /api/installments/1/view-bill/ HTTP/1.1" 200 766751
INFO 2026-04-20 18:25:27,118 autoreload C:\Users\Welcome\Desktop\CRM\March 24\files\views.py changed, reloading.
INFO 2026-04-20 18:25:28,568 autoreload Watching for file changes with StatReloader
INFO 2026-04-20 18:32:22,996 basehttp "GET /api/installments/1/view-bill/ HTTP/1.1" 200 766749
INFO 2026-04-20 18:38:59,401 autoreload C:\Users\Welcome\Desktop\CRM\March 24\files\views.py changed, reloading.
INFO 2026-04-20 18:39:00,625 autoreload Watching for file changes with StatReloader
INFO 2026-04-20 18:39:17,301 basehttp "POST /api/auth/logout/ HTTP/1.1" 200 37
INFO 2026-04-20 18:40:06,451 basehttp "POST /api/auth/login/ HTTP/1.1" 200 866
INFO 2026-04-20 18:40:06,501 basehttp "GET /api/dashboard/summary/ HTTP/1.1" 200 225
INFO 2026-04-20 18:40:14,782 basehttp "GET /api/payments/ HTTP/1.1" 200 3189
INFO 2026-04-20 18:40:16,928 basehttp "GET /api/courses/ HTTP/1.1" 200 675
INFO 2026-04-20 18:40:19,535 basehttp "GET /api/branches/ HTTP/1.1" 200 955
INFO 2026-04-20 18:40:19,572 basehttp "GET /api/users/ HTTP/1.1" 200 823
INFO 2026-04-20 18:40:19,578 basehttp "GET /api/enrollments/ HTTP/1.1" 200 803
INFO 2026-04-20 18:40:31,375 basehttp "DELETE /api/users/4/ HTTP/1.1" 204 0
INFO 2026-04-20 18:40:31,414 basehttp "GET /api/branches/ HTTP/1.1" 200 955
INFO 2026-04-20 18:40:31,414 basehttp "GET /api/users/ HTTP/1.1" 200 573
INFO 2026-04-20 18:40:31,427 basehttp "GET /api/enrollments/ HTTP/1.1" 200 803
INFO 2026-04-20 18:40:34,983 basehttp "GET /api/users/ HTTP/1.1" 200 573
INFO 2026-04-20 18:40:34,990 basehttp "GET /api/user-targets/ HTTP/1.1" 200 290
INFO 2026-04-20 18:40:42,412 basehttp "GET /api/branches/ HTTP/1.1" 200 955
INFO 2026-04-20 18:41:05,426 basehttp "GET /api/payments/ HTTP/1.1" 200 3189
INFO 2026-04-20 18:41:08,343 basehttp "GET /api/payments/3/ HTTP/1.1" 200 653
INFO 2026-04-20 18:41:34,777 basehttp "POST /api/installments/ HTTP/1.1" 201 342
INFO 2026-04-20 18:41:34,803 basehttp "GET /api/payments/3/ HTTP/1.1" 200 996
INFO 2026-04-20 18:41:41,388 basehttp "POST /api/installments/8/generate-bill/ HTTP/1.1" 200 425
INFO 2026-04-20 18:41:41,416 basehttp "GET /api/payments/3/ HTTP/1.1" 200 1079
INFO 2026-04-20 18:41:44,899 basehttp "POST /api/auth/logout/ HTTP/1.1" 200 37
INFO 2026-04-20 18:41:52,841 basehttp "POST /api/auth/login/ HTTP/1.1" 200 858
INFO 2026-04-20 18:41:52,882 basehttp "GET /api/dashboard/summary/ HTTP/1.1" 200 219
INFO 2026-04-20 18:41:55,975 basehttp "GET /api/payments/ HTTP/1.1" 200 1131
INFO 2026-04-20 18:41:57,791 basehttp "GET /api/walkins/ HTTP/1.1" 200 1074
INFO 2026-04-20 18:41:59,707 basehttp "GET /api/leads/ HTTP/1.1" 200 593
INFO 2026-04-20 18:42:01,867 basehttp "GET /api/dashboard/summary/ HTTP/1.1" 200 219
INFO 2026-04-20 18:42:12,184 basehttp "POST /api/auth/logout/ HTTP/1.1" 200 37
INFO 2026-04-20 18:42:20,232 basehttp "POST /api/auth/login/ HTTP/1.1" 200 866
INFO 2026-04-20 18:42:20,268 basehttp "GET /api/dashboard/summary/ HTTP/1.1" 200 225
INFO 2026-04-20 18:42:39,826 basehttp "GET /api/walkins/ HTTP/1.1" 200 2702
INFO 2026-04-20 18:42:44,395 basehttp "GET /public/walk-in HTTP/1.1" 200 420
INFO 2026-04-20 18:42:44,498 basehttp "GET /static/assets/index-96ecf415.js HTTP/1.1" 304 0
INFO 2026-04-20 18:42:44,499 basehttp "GET /static/assets/index-0173e990.css HTTP/1.1" 304 0
INFO 2026-04-20 18:42:44,556 basehttp "GET /static/assets/brand-logo-05bda913.png HTTP/1.1" 304 0
INFO 2026-04-20 18:42:44,863 basehttp "GET /api/auth/me/ HTTP/1.1" 200 249
INFO 2026-04-20 18:42:44,928 basehttp "GET /api/public/walkin/ HTTP/1.1" 200 657
INFO 2026-04-20 18:43:02,831 basehttp "POST /api/auth/logout/ HTTP/1.1" 200 37
INFO 2026-04-20 18:50:30,717 basehttp "GET /login HTTP/1.1" 200 420
INFO 2026-04-20 18:50:30,940 basehttp "GET /static/assets/index-e9f7a53f.css HTTP/1.1" 200 43600
INFO 2026-04-20 18:50:31,161 basehttp "GET /static/assets/index-7507e67c.js HTTP/1.1" 200 376552
INFO 2026-04-20 18:50:31,235 basehttp "GET /static/assets/brand-logo-05bda913.png HTTP/1.1" 200 572462
INFO 2026-04-20 18:56:35,978 basehttp "GET /login HTTP/1.1" 200 420
INFO 2026-04-20 18:56:36,023 basehttp "GET /static/assets/index-6f8a5322.css HTTP/1.1" 200 44682
INFO 2026-04-20 18:56:36,095 basehttp "GET /static/assets/index-525c532b.js HTTP/1.1" 200 373416
INFO 2026-04-20 18:56:36,169 basehttp "GET /static/assets/brand-logo-05bda913.png HTTP/1.1" 200 572462
INFO 2026-04-21 10:12:57,161 autoreload Watching for file changes with StatReloader
INFO 2026-04-21 10:13:04,386 basehttp "GET / HTTP/1.1" 200 420
INFO 2026-04-21 10:13:04,425 basehttp "GET /static/assets/index-525c532b.js HTTP/1.1" 304 0
INFO 2026-04-21 10:13:04,425 basehttp "GET /static/assets/index-6f8a5322.css HTTP/1.1" 304 0
INFO 2026-04-21 10:13:05,223 basehttp "GET /static/assets/brand-logo-05bda913.png HTTP/1.1" 304 0
INFO 2026-04-21 10:13:05,344 basehttp "GET /favicon.ico HTTP/1.1" 200 420
INFO 2026-04-21 10:48:02,342 basehttp "GET /login HTTP/1.1" 200 420
INFO 2026-04-21 10:48:02,841 basehttp "GET /favicon.ico HTTP/1.1" 200 420
INFO 2026-04-21 10:48:03,731 basehttp "GET /login HTTP/1.1" 200 420
INFO 2026-04-21 10:48:03,854 basehttp "GET /favicon.ico HTTP/1.1" 200 420
INFO 2026-04-21 10:49:31,616 basehttp "GET /login HTTP/1.1" 200 420
INFO 2026-04-21 10:49:31,764 basehttp "GET /static/assets/index-2537d30a.css HTTP/1.1" 200 51510
INFO 2026-04-21 10:49:32,085 basehttp "GET /static/assets/index-bc09b9a4.js HTTP/1.1" 200 376124
INFO 2026-04-21 10:49:32,182 basehttp "GET /favicon.ico HTTP/1.1" 200 420
INFO 2026-04-21 10:51:51,829 basehttp "GET /login HTTP/1.1" 200 420
INFO 2026-04-21 10:51:51,862 basehttp "GET /static/assets/index-bc09b9a4.js HTTP/1.1" 304 0
INFO 2026-04-21 10:51:51,863 basehttp "GET /static/assets/index-2537d30a.css HTTP/1.1" 304 0
INFO 2026-04-21 10:51:51,958 basehttp "GET /favicon.ico HTTP/1.1" 200 420
INFO 2026-04-21 10:51:53,213 basehttp "GET /login HTTP/1.1" 200 420
INFO 2026-04-21 10:51:53,341 basehttp "GET /favicon.ico HTTP/1.1" 200 420
INFO 2026-04-21 10:51:53,395 basehttp "GET /login HTTP/1.1" 200 420
INFO 2026-04-21 10:51:53,542 basehttp "GET /favicon.ico HTTP/1.1" 200 420
INFO 2026-04-21 10:51:53,577 basehttp "GET /login HTTP/1.1" 200 420
INFO 2026-04-21 10:51:53,688 basehttp "GET /favicon.ico HTTP/1.1" 200 420
INFO 2026-04-21 10:51:53,787 basehttp "GET /login HTTP/1.1" 200 420
INFO 2026-04-21 10:51:53,926 basehttp "GET /favicon.ico HTTP/1.1" 200 420
INFO 2026-04-21 10:52:05,814 autoreload Watching for file changes with StatReloader
INFO 2026-04-21 10:52:08,562 basehttp "GET / HTTP/1.1" 200 420
INFO 2026-04-21 10:52:09,116 basehttp "GET /favicon.ico HTTP/1.1" 200 420
INFO 2026-04-21 10:53:39,772 basehttp "GET /login HTTP/1.1" 200 420
INFO 2026-04-21 10:53:39,814 basehttp "GET /static/assets/index-bc09b9a4.js HTTP/1.1" 304 0
INFO 2026-04-21 10:53:39,819 basehttp "GET /static/assets/index-2537d30a.css HTTP/1.1" 304 0
INFO 2026-04-21 10:53:39,963 basehttp "GET /favicon.ico HTTP/1.1" 200 420
INFO 2026-04-21 10:56:21,347 basehttp "GET /login HTTP/1.1" 200 420
INFO 2026-04-21 10:56:21,380 basehttp "GET /static/assets/index-bc09b9a4.js HTTP/1.1" 304 0
INFO 2026-04-21 10:56:21,383 basehttp "GET /static/assets/index-2537d30a.css HTTP/1.1" 304 0
INFO 2026-04-21 10:56:21,893 basehttp "GET /favicon.ico HTTP/1.1" 200 420
INFO 2026-04-21 10:56:40,410 basehttp "GET /login HTTP/1.1" 200 420
INFO 2026-04-21 10:56:40,628 basehttp "GET /static/assets/index-bf776f59.css HTTP/1.1" 200 44699
INFO 2026-04-21 10:56:40,944 basehttp "GET /static/assets/index-03f381b3.js HTTP/1.1" 200 373413
INFO 2026-04-21 10:56:41,048 basehttp "GET /favicon.ico HTTP/1.1" 200 420
INFO 2026-04-21 10:56:58,673 basehttp "GET /login HTTP/1.1" 200 420
INFO 2026-04-21 10:56:58,700 basehttp "GET /static/assets/index-03f381b3.js HTTP/1.1" 304 0
INFO 2026-04-21 10:56:58,701 basehttp "GET /static/assets/index-bf776f59.css HTTP/1.1" 304 0
INFO 2026-04-21 10:56:58,807 basehttp "GET /favicon.ico HTTP/1.1" 200 420
INFO 2026-04-21 10:57:11,677 basehttp "GET /login HTTP/1.1" 200 420
INFO 2026-04-21 10:57:11,715 basehttp "GET /static/assets/index-03f381b3.js HTTP/1.1" 304 0
INFO 2026-04-21 10:57:11,720 basehttp "GET /static/assets/index-bf776f59.css HTTP/1.1" 304 0
INFO 2026-04-21 10:57:11,816 basehttp "GET /favicon.ico HTTP/1.1" 200 420
INFO 2026-04-21 10:57:13,065 basehttp "GET /login HTTP/1.1" 200 420
INFO 2026-04-21 10:57:13,166 basehttp "GET /favicon.ico HTTP/1.1" 200 420
INFO 2026-04-21 10:57:32,899 basehttp "GET /login HTTP/1.1" 200 420
INFO 2026-04-21 10:57:32,980 basehttp "GET /static/assets/index-f2bbd61e.css HTTP/1.1" 200 44560
INFO 2026-04-21 10:57:33,059 basehttp "GET /static/assets/index-aff003b1.js HTTP/1.1" 200 372901
INFO 2026-04-21 10:57:33,172 basehttp "GET /favicon.ico HTTP/1.1" 200 420
INFO 2026-04-21 11:01:05,245 basehttp "GET /login HTTP/1.1" 200 420
INFO 2026-04-21 11:01:05,275 basehttp "GET /static/assets/index-aff003b1.js HTTP/1.1" 304 0
INFO 2026-04-21 11:01:05,280 basehttp "GET /static/assets/index-f2bbd61e.css HTTP/1.1" 304 0
INFO 2026-04-21 11:01:05,389 basehttp "GET /favicon.ico HTTP/1.1" 200 420
INFO 2026-04-21 11:03:08,194 basehttp "GET /login HTTP/1.1" 200 420
INFO 2026-04-21 11:03:08,281 basehttp "GET /static/assets/index-6901eb24.css HTTP/1.1" 200 46615
INFO 2026-04-21 11:03:08,351 basehttp "GET /static/assets/index-2ce953ec.js HTTP/1.1" 200 373066
INFO 2026-04-21 11:03:08,476 basehttp "GET /favicon.ico HTTP/1.1" 200 420
INFO 2026-04-21 11:05:03,378 basehttp "GET /login HTTP/1.1" 200 420
INFO 2026-04-21 11:05:03,413 basehttp "GET /static/assets/index-bc735413.css HTTP/1.1" 200 47705
INFO 2026-04-21 11:05:03,500 basehttp "GET /static/assets/index-9507d9c0.js HTTP/1.1" 200 373254
INFO 2026-04-21 11:05:03,618 basehttp "GET /favicon.ico HTTP/1.1" 200 420
INFO 2026-04-21 11:05:44,976 basehttp "GET /login HTTP/1.1" 200 420
INFO 2026-04-21 11:05:45,008 basehttp "GET /static/assets/index-9507d9c0.js HTTP/1.1" 304 0
INFO 2026-04-21 11:05:45,012 basehttp "GET /static/assets/index-bc735413.css HTTP/1.1" 304 0
INFO 2026-04-21 11:05:45,111 basehttp "GET /favicon.ico HTTP/1.1" 200 420
INFO 2026-04-21 11:05:46,127 basehttp "GET /login HTTP/1.1" 200 420
INFO 2026-04-21 11:05:46,237 basehttp "GET /favicon.ico HTTP/1.1" 200 420
INFO 2026-04-21 11:05:46,310 basehttp "GET /login HTTP/1.1" 200 420
INFO 2026-04-21 11:05:46,450 basehttp "GET /favicon.ico HTTP/1.1" 200 420
INFO 2026-04-21 11:05:46,508 basehttp "GET /login HTTP/1.1" 200 420
INFO 2026-04-21 11:05:46,690 basehttp "GET /favicon.ico HTTP/1.1" 200 420
INFO 2026-04-21 11:05:46,725 basehttp "GET /login HTTP/1.1" 200 420
INFO 2026-04-21 11:05:46,900 basehttp "GET /favicon.ico HTTP/1.1" 200 420
INFO 2026-04-21 11:05:59,897 autoreload Watching for file changes with StatReloader
INFO 2026-04-21 11:06:03,112 basehttp "GET / HTTP/1.1" 200 420
INFO 2026-04-21 11:06:03,154 basehttp "GET /static/assets/index-9507d9c0.js HTTP/1.1" 304 0
INFO 2026-04-21 11:06:03,159 basehttp "GET /static/assets/index-bc735413.css HTTP/1.1" 304 0
INFO 2026-04-21 11:06:03,635 basehttp "GET /favicon.ico HTTP/1.1" 200 420
INFO 2026-04-21 11:06:05,606 basehttp "GET /login HTTP/1.1" 200 420
INFO 2026-04-21 11:06:05,698 basehttp "GET /favicon.ico HTTP/1.1" 200 420
INFO 2026-04-21 11:06:06,644 basehttp "GET /login HTTP/1.1" 200 420
INFO 2026-04-21 11:06:06,739 basehttp "GET /favicon.ico HTTP/1.1" 200 420
INFO 2026-04-21 11:06:07,953 basehttp "GET /login HTTP/1.1" 200 420
INFO 2026-04-21 11:06:08,051 basehttp "GET /favicon.ico HTTP/1.1" 200 420
INFO 2026-04-21 11:36:41,811 basehttp "GET /login HTTP/1.1" 200 420
INFO 2026-04-21 11:36:41,934 basehttp "GET /static/assets/index-12a9e192.css HTTP/1.1" 200 50433
INFO 2026-04-21 11:36:42,193 basehttp "GET /static/assets/index-3a02ece6.js HTTP/1.1" 200 373507
INFO 2026-04-21 11:36:42,688 basehttp "GET /favicon.ico HTTP/1.1" 200 420
INFO 2026-04-21 11:38:00,920 basehttp "GET /login HTTP/1.1" 200 420
INFO 2026-04-21 11:38:00,961 basehttp "GET /static/assets/index-12a9e192.css HTTP/1.1" 304 0
INFO 2026-04-21 11:38:00,965 basehttp "GET /static/assets/index-3a02ece6.js HTTP/1.1" 304 0
INFO 2026-04-21 11:38:01,188 basehttp "GET /favicon.ico HTTP/1.1" 200 420
INFO 2026-04-21 11:38:02,463 basehttp "GET /login HTTP/1.1" 200 420
INFO 2026-04-21 11:38:02,590 basehttp "GET /favicon.ico HTTP/1.1" 200 420
INFO 2026-04-21 11:38:08,100 basehttp "GET /login HTTP/1.1" 200 420
INFO 2026-04-21 11:38:08,223 basehttp "GET /favicon.ico HTTP/1.1" 200 420
INFO 2026-04-21 11:38:08,314 basehttp "GET /login HTTP/1.1" 200 420
INFO 2026-04-21 11:38:08,390 basehttp "GET /favicon.ico HTTP/1.1" 200 420
INFO 2026-04-21 11:38:34,157 autoreload C:\Users\Welcome\Desktop\CRM\March 24\files\crm\models.py changed, reloading.
INFO 2026-04-21 11:38:40,715 autoreload Watching for file changes with StatReloader
INFO 2026-04-21 11:38:44,243 basehttp "GET / HTTP/1.1" 200 420
INFO 2026-04-21 11:38:44,269 basehttp "GET /static/assets/index-3a02ece6.js HTTP/1.1" 304 0
INFO 2026-04-21 11:38:44,270 basehttp "GET /static/assets/index-12a9e192.css HTTP/1.1" 304 0
INFO 2026-04-21 11:38:44,664 basehttp "GET /favicon.ico HTTP/1.1" 200 420
INFO 2026-04-21 11:39:11,386 basehttp "GET /login HTTP/1.1" 200 420
INFO 2026-04-21 11:39:11,405 basehttp "GET /static/assets/index-12a9e192.css HTTP/1.1" 304 0
INFO 2026-04-21 11:39:11,405 basehttp "GET /static/assets/index-3a02ece6.js HTTP/1.1" 304 0
INFO 2026-04-21 11:39:11,563 basehttp "GET /favicon.ico HTTP/1.1" 200 420
INFO 2026-04-21 11:39:12,349 basehttp "GET /login HTTP/1.1" 200 420
INFO 2026-04-21 11:39:12,500 basehttp "GET /favicon.ico HTTP/1.1" 200 420
INFO 2026-04-21 11:39:12,570 basehttp "GET /login HTTP/1.1" 200 420
INFO 2026-04-21 11:39:12,908 basehttp "GET /favicon.ico HTTP/1.1" 200 420
INFO 2026-04-21 11:39:49,019 basehttp "GET /login HTTP/1.1" 200 420
INFO 2026-04-21 11:39:49,037 basehttp "GET /static/assets/index-12a9e192.css HTTP/1.1" 304 0
INFO 2026-04-21 11:39:49,039 basehttp "GET /static/assets/index-3a02ece6.js HTTP/1.1" 304 0
INFO 2026-04-21 11:39:49,104 basehttp "GET /favicon.ico HTTP/1.1" 200 420
INFO 2026-04-21 11:39:50,355 basehttp "GET /login HTTP/1.1" 200 420
INFO 2026-04-21 11:39:50,431 basehttp "GET /favicon.ico HTTP/1.1" 200 420
INFO 2026-04-21 11:39:50,515 basehttp "GET /login HTTP/1.1" 200 420
INFO 2026-04-21 11:39:50,582 basehttp "GET /favicon.ico HTTP/1.1" 200 420
INFO 2026-04-21 11:39:50,744 basehttp "GET /login HTTP/1.1" 200 420
INFO 2026-04-21 11:39:50,824 basehttp "GET /favicon.ico HTTP/1.1" 200 420
INFO 2026-04-21 11:39:59,994 autoreload Watching for file changes with StatReloader
INFO 2026-04-21 11:40:01,672 basehttp "GET / HTTP/1.1" 200 420
INFO 2026-04-21 11:40:02,103 basehttp "GET /favicon.ico HTTP/1.1" 200 420
INFO 2026-04-21 11:44:13,032 basehttp "GET /login HTTP/1.1" 200 420
INFO 2026-04-21 11:44:13,136 basehttp "GET /static/assets/index-12a9e192.css HTTP/1.1" 200 50433
INFO 2026-04-21 11:44:13,407 basehttp "GET /static/assets/index-90917068.js HTTP/1.1" 200 373466
INFO 2026-04-21 11:44:13,710 basehttp "GET /favicon.ico HTTP/1.1" 200 420
INFO 2026-04-21 11:44:21,846 basehttp "POST /api/auth/login/ HTTP/1.1" 200 866
INFO 2026-04-21 11:44:21,887 basehttp "GET /favicon.ico HTTP/1.1" 200 420
INFO 2026-04-21 11:44:21,917 basehttp "GET /api/dashboard/summary/ HTTP/1.1" 200 225
INFO 2026-04-21 11:44:24,125 basehttp "GET /favicon.ico HTTP/1.1" 200 420
INFO 2026-04-21 11:44:24,146 basehttp "GET /api/walkins/ HTTP/1.1" 200 2702
INFO 2026-04-21 11:44:38,810 basehttp "GET /public/walk-in HTTP/1.1" 200 420
INFO 2026-04-21 11:44:38,828 basehttp "GET /static/assets/index-12a9e192.css HTTP/1.1" 200 50433
INFO 2026-04-21 11:44:38,832 basehttp "GET /static/assets/index-90917068.js HTTP/1.1" 200 373466
INFO 2026-04-21 11:44:38,883 basehttp "GET /static/assets/brand-logo-05bda913.png HTTP/1.1" 200 572462
INFO 2026-04-21 11:44:38,916 basehttp "GET /favicon.ico HTTP/1.1" 200 420
INFO 2026-04-21 11:44:38,919 basehttp "GET /api/public/walkin/ HTTP/1.1" 200 657
INFO 2026-04-21 11:45:05,407 autoreload C:\Users\Welcome\Desktop\CRM\March 24\files\serializers.py changed, reloading.
INFO 2026-04-21 11:45:06,363 autoreload Watching for file changes with StatReloader
INFO 2026-04-21 11:54:22,508 basehttp "POST /api/auth/logout/ HTTP/1.1" 200 37
INFO 2026-04-21 11:54:22,508 basehttp "GET /favicon.ico HTTP/1.1" 200 420
INFO 2026-04-21 11:54:24,462 basehttp "GET /login HTTP/1.1" 200 420
INFO 2026-04-21 11:54:24,647 basehttp "GET /static/assets/index-b74542fb.css HTTP/1.1" 200 49991
INFO 2026-04-21 11:54:24,903 basehttp "GET /static/assets/index-2fecacef.js HTTP/1.1" 200 372260
INFO 2026-04-21 11:54:24,940 basehttp "GET /static/assets/brand-logo-05bda913.png HTTP/1.1" 200 572462
INFO 2026-04-21 11:54:25,200 basehttp "GET /favicon.ico HTTP/1.1" 200 420
INFO 2026-04-21 11:54:26,777 basehttp "GET /favicon.ico HTTP/1.1" 200 420
INFO 2026-04-21 11:54:26,778 basehttp "GET /api/public/walkin/ HTTP/1.1" 200 657
INFO 2026-04-21 11:54:41,941 basehttp "GET /favicon.ico HTTP/1.1" 200 420
INFO 2026-04-21 11:54:51,049 basehttp "GET /static/assets/brand-logo-05bda913.png HTTP/1.1" 200 572462
INFO 2026-04-21 11:54:51,084 basehttp "GET /favicon.ico HTTP/1.1" 200 420
INFO 2026-04-21 11:54:51,087 basehttp "GET /api/public/walkin/ HTTP/1.1" 200 657
INFO 2026-04-21 11:56:41,588 basehttp "GET /login HTTP/1.1" 200 420
INFO 2026-04-21 11:56:41,606 basehttp "GET /static/assets/index-2fecacef.js HTTP/1.1" 304 0
INFO 2026-04-21 11:56:41,606 basehttp "GET /static/assets/index-b74542fb.css HTTP/1.1" 304 0
INFO 2026-04-21 11:56:41,634 basehttp "GET /static/assets/brand-logo-05bda913.png HTTP/1.1" 304 0
INFO 2026-04-21 11:56:41,700 basehttp "GET /favicon.ico HTTP/1.1" 200 420
INFO 2026-04-21 11:56:45,789 autoreload C:\Users\Welcome\Desktop\CRM\March 24\files\serializers.py changed, reloading.
INFO 2026-04-21 11:56:47,068 autoreload Watching for file changes with StatReloader
INFO 2026-04-21 11:56:49,744 basehttp "GET /login HTTP/1.1" 200 420
INFO 2026-04-21 11:56:49,840 basehttp "GET /favicon.ico HTTP/1.1" 200 420
INFO 2026-04-21 11:56:51,589 basehttp "GET /api/public/walkin/ HTTP/1.1" 200 657
INFO 2026-04-21 11:56:51,589 basehttp "GET /favicon.ico HTTP/1.1" 200 420
INFO 2026-04-21 11:56:53,462 basehttp "GET /public/walk-in?branch=Gandhipuram HTTP/1.1" 200 420
INFO 2026-04-21 11:56:53,505 basehttp "GET /api/public/walkin/ HTTP/1.1" 200 657
INFO 2026-04-21 11:56:53,539 basehttp "GET /favicon.ico HTTP/1.1" 200 420
INFO 2026-04-21 11:56:57,549 basehttp "GET / HTTP/1.1" 200 420
INFO 2026-04-21 11:56:57,592 basehttp "GET /static/assets/index-2fecacef.js HTTP/1.1" 304 0
INFO 2026-04-21 11:56:57,592 basehttp "GET /static/assets/index-b74542fb.css HTTP/1.1" 304 0
INFO 2026-04-21 11:56:57,892 basehttp "GET /static/assets/brand-logo-05bda913.png HTTP/1.1" 304 0
INFO 2026-04-21 11:56:57,967 basehttp "GET /favicon.ico HTTP/1.1" 200 420
INFO 2026-04-21 11:56:59,484 basehttp "GET /api/public/walkin/ HTTP/1.1" 200 657
INFO 2026-04-21 11:56:59,500 basehttp "GET /favicon.ico HTTP/1.1" 200 420
INFO 2026-04-21 11:57:04,154 basehttp "GET /favicon.ico HTTP/1.1" 200 420
INFO 2026-04-21 11:57:46,586 basehttp "GET /login HTTP/1.1" 200 420
INFO 2026-04-21 11:57:46,716 basehttp "GET /static/assets/index-12a9e192.css HTTP/1.1" 200 50433
INFO 2026-04-21 11:57:46,949 basehttp "GET /static/assets/index-e34d3b2b.js HTTP/1.1" 200 373452
INFO 2026-04-21 11:57:46,995 basehttp "GET /static/assets/brand-logo-05bda913.png HTTP/1.1" 200 572462
INFO 2026-04-21 11:57:47,038 basehttp "GET /favicon.ico HTTP/1.1" 200 420
INFO 2026-04-21 11:57:57,434 basehttp "GET /login HTTP/1.1" 200 420
INFO 2026-04-21 11:57:57,453 basehttp "GET /static/assets/index-e34d3b2b.js HTTP/1.1" 304 0
INFO 2026-04-21 11:57:57,453 basehttp "GET /static/assets/index-12a9e192.css HTTP/1.1" 304 0
INFO 2026-04-21 11:57:57,473 basehttp "GET /static/assets/brand-logo-05bda913.png HTTP/1.1" 304 0
INFO 2026-04-21 11:57:57,516 basehttp "GET /favicon.ico HTTP/1.1" 200 420
INFO 2026-04-21 12:00:47,761 basehttp "GET /login HTTP/1.1" 200 420
INFO 2026-04-21 12:00:47,779 basehttp "GET /static/assets/index-e34d3b2b.js HTTP/1.1" 304 0
INFO 2026-04-21 12:00:47,780 basehttp "GET /static/assets/index-12a9e192.css HTTP/1.1" 304 0
INFO 2026-04-21 12:00:47,797 basehttp "GET /static/assets/brand-logo-05bda913.png HTTP/1.1" 304 0
INFO 2026-04-21 12:00:47,845 basehttp "GET /favicon.ico HTTP/1.1" 200 420
INFO 2026-04-21 12:00:48,967 basehttp "GET /login HTTP/1.1" 200 420
INFO 2026-04-21 12:00:49,044 basehttp "GET /favicon.ico HTTP/1.1" 200 420
INFO 2026-04-21 12:00:49,193 basehttp "GET /login HTTP/1.1" 200 420
INFO 2026-04-21 12:00:49,267 basehttp "GET /favicon.ico HTTP/1.1" 200 420
INFO 2026-04-21 12:01:51,185 basehttp "GET /login HTTP/1.1" 200 420
INFO 2026-04-21 12:01:51,208 basehttp "GET /static/assets/index-12a9e192.css HTTP/1.1" 304 0
INFO 2026-04-21 12:01:51,208 basehttp "GET /static/assets/index-e34d3b2b.js HTTP/1.1" 304 0
INFO 2026-04-21 12:01:51,227 basehttp "GET /static/assets/brand-logo-05bda913.png HTTP/1.1" 304 0
INFO 2026-04-21 12:01:51,287 basehttp "GET /favicon.ico HTTP/1.1" 200 420
INFO 2026-04-21 13:56:21,761 autoreload Watching for file changes with StatReloader
INFO 2026-04-21 13:56:24,421 basehttp "GET / HTTP/1.1" 200 420
INFO 2026-04-21 13:56:24,479 basehttp "GET /static/assets/index-e34d3b2b.js HTTP/1.1" 304 0
INFO 2026-04-21 13:56:24,481 basehttp "GET /static/assets/index-12a9e192.css HTTP/1.1" 304 0
INFO 2026-04-21 13:56:24,891 basehttp "GET /static/assets/brand-logo-05bda913.png HTTP/1.1" 304 0
INFO 2026-04-21 13:56:24,988 basehttp "GET /favicon.ico HTTP/1.1" 200 420
INFO 2026-04-21 13:56:34,929 basehttp "POST /api/auth/login/ HTTP/1.1" 200 866
INFO 2026-04-21 13:56:34,982 basehttp "GET /favicon.ico HTTP/1.1" 200 420
INFO 2026-04-21 13:56:35,015 basehttp "GET /api/dashboard/summary/ HTTP/1.1" 200 225
INFO 2026-04-21 14:05:52,964 basehttp "GET /dashboard HTTP/1.1" 200 420
INFO 2026-04-21 14:05:53,365 basehttp "GET /favicon.ico HTTP/1.1" 200 420
INFO 2026-04-21 14:05:53,366 basehttp "GET /api/auth/me/ HTTP/1.1" 200 249
INFO 2026-04-21 14:05:53,453 basehttp "GET /api/dashboard/summary/ HTTP/1.1" 200 225
INFO 2026-04-21 15:20:41,245 basehttp "GET /dashboard HTTP/1.1" 200 420
INFO 2026-04-21 15:20:41,331 basehttp "GET /static/assets/index-70bbaf97.css HTTP/1.1" 200 49995
INFO 2026-04-21 15:20:41,507 basehttp "GET /static/assets/index-fa783589.js HTTP/1.1" 200 373460
INFO 2026-04-21 15:20:41,769 basehttp "GET /api/auth/me/ HTTP/1.1" 200 249
INFO 2026-04-21 15:20:41,801 basehttp "GET /favicon.ico HTTP/1.1" 200 420
INFO 2026-04-21 15:20:41,807 basehttp "GET /api/dashboard/summary/ HTTP/1.1" 200 225
INFO 2026-04-21 15:20:41,811 basehttp "GET /static/assets/brand-logo-05bda913.png HTTP/1.1" 200 572462
INFO 2026-04-21 15:22:07,326 basehttp "GET /dashboard HTTP/1.1" 200 420
INFO 2026-04-21 15:22:07,364 basehttp "GET /api/auth/me/ HTTP/1.1" 200 249
INFO 2026-04-21 15:22:07,403 basehttp "GET /api/dashboard/summary/ HTTP/1.1" 200 225
INFO 2026-04-21 15:22:07,421 basehttp "GET /favicon.ico HTTP/1.1" 200 420
INFO 2026-04-21 15:22:54,037 basehttp "GET /dashboard HTTP/1.1" 200 420
INFO 2026-04-21 15:22:54,061 basehttp "GET /static/assets/index-16be8d13.css HTTP/1.1" 200 49912
INFO 2026-04-21 15:22:54,113 basehttp "GET /static/assets/index-bd2b43eb.js HTTP/1.1" 200 373460
INFO 2026-04-21 15:22:54,176 basehttp "GET /api/auth/me/ HTTP/1.1" 200 249
INFO 2026-04-21 15:22:54,210 basehttp "GET /static/assets/libertinus-serif-600-9f6e3162.woff2 HTTP/1.1" 200 22872
INFO 2026-04-21 15:22:54,262 basehttp "GET /api/dashboard/summary/ HTTP/1.1" 200 225
INFO 2026-04-21 15:22:54,269 basehttp "GET /favicon.ico HTTP/1.1" 200 420
INFO 2026-04-21 15:22:54,274 basehttp "GET /static/assets/libertinus-serif-400-c73c9f3b.woff2 HTTP/1.1" 200 23400
INFO 2026-04-21 15:22:54,275 basehttp "GET /static/assets/libertinus-serif-700-8bd2d42a.woff2 HTTP/1.1" 200 23400
INFO 2026-04-21 15:24:15,026 basehttp "GET /favicon.ico HTTP/1.1" 200 420
INFO 2026-04-21 15:24:15,039 basehttp "GET /api/courses/ HTTP/1.1" 200 675
INFO 2026-04-21 15:24:17,593 basehttp "GET /favicon.ico HTTP/1.1" 200 420
INFO 2026-04-21 15:24:17,606 basehttp "GET /api/leads/ HTTP/1.1" 200 1144
INFO 2026-04-21 15:24:20,141 basehttp "GET /favicon.ico HTTP/1.1" 200 420
INFO 2026-04-21 15:24:20,157 basehttp "GET /api/walkins/ HTTP/1.1" 200 2702
INFO 2026-04-21 15:24:22,404 basehttp "GET /public/walk-in HTTP/1.1" 200 420
INFO 2026-04-21 15:24:22,434 basehttp "GET /static/assets/index-bd2b43eb.js HTTP/1.1" 304 0
INFO 2026-04-21 15:24:22,435 basehttp "GET /static/assets/index-16be8d13.css HTTP/1.1" 304 0
INFO 2026-04-21 15:24:22,547 basehttp "GET /static/assets/libertinus-serif-600-9f6e3162.woff2 HTTP/1.1" 304 0
INFO 2026-04-21 15:24:22,547 basehttp "GET /static/assets/libertinus-serif-400-c73c9f3b.woff2 HTTP/1.1" 304 0
INFO 2026-04-21 15:24:22,547 basehttp "GET /static/assets/libertinus-serif-700-8bd2d42a.woff2 HTTP/1.1" 304 0
INFO 2026-04-21 15:24:22,808 basehttp "GET /api/auth/me/ HTTP/1.1" 200 249
INFO 2026-04-21 15:24:22,855 basehttp "GET /favicon.ico HTTP/1.1" 200 420
INFO 2026-04-21 15:24:22,858 basehttp "GET /api/public/walkin/ HTTP/1.1" 200 657
INFO 2026-04-21 15:24:32,150 basehttp "GET /favicon.ico HTTP/1.1" 200 420
INFO 2026-04-21 15:24:32,175 basehttp "GET /api/branches/ HTTP/1.1" 200 955
INFO 2026-04-21 15:24:32,183 basehttp "GET /api/courses/ HTTP/1.1" 200 675
INFO 2026-04-21 15:24:32,192 basehttp "GET /api/enrollments/ HTTP/1.1" 200 803
INFO 2026-04-21 15:24:47,858 basehttp "GET /favicon.ico HTTP/1.1" 200 420
INFO 2026-04-21 15:24:47,880 basehttp "GET /api/enrollments/1/ HTTP/1.1" 200 1115
INFO 2026-04-21 15:24:55,388 basehttp "PATCH /api/enrollments/1/ HTTP/1.1" 200 1137
INFO 2026-04-21 15:25:19,709 basehttp "GET /favicon.ico HTTP/1.1" 200 420
INFO 2026-04-21 15:25:19,726 basehttp "GET /api/branches/ HTTP/1.1" 200 955
INFO 2026-04-21 15:25:19,734 basehttp "GET /api/courses/ HTTP/1.1" 200 675
INFO 2026-04-21 15:25:19,738 basehttp "GET /api/enrollments/ HTTP/1.1" 200 803
INFO 2026-04-21 15:25:30,893 basehttp "GET /favicon.ico HTTP/1.1" 200 420
INFO 2026-04-21 15:25:30,902 basehttp "GET /api/enrollments/1/ HTTP/1.1" 200 1137
INFO 2026-04-21 15:25:35,499 basehttp "GET /favicon.ico HTTP/1.1" 200 420
INFO 2026-04-21 15:25:35,551 basehttp "GET /api/payments/ HTTP/1.1" 200 3615
INFO 2026-04-21 15:25:37,862 basehttp "GET /favicon.ico HTTP/1.1" 200 420
INFO 2026-04-21 15:25:37,874 basehttp "GET /api/payments/3/ HTTP/1.1" 200 1079
INFO 2026-04-21 15:25:41,468 basehttp "GET /api/installments/8/view-bill/ HTTP/1.1" 200 766781
INFO 2026-04-21 15:26:07,073 basehttp "GET /favicon.ico HTTP/1.1" 200 420
INFO 2026-04-21 15:26:07,091 basehttp "GET /api/payments/ HTTP/1.1" 200 3615
INFO 2026-04-21 15:26:08,510 basehttp "GET /favicon.ico HTTP/1.1" 200 420
INFO 2026-04-21 15:26:08,527 basehttp "GET /api/payments/3/ HTTP/1.1" 200 1079
INFO 2026-04-21 15:26:28,101 basehttp "POST /api/auth/logout/ HTTP/1.1" 200 37
INFO 2026-04-21 15:26:28,102 basehttp "GET /favicon.ico HTTP/1.1" 200 420
INFO 2026-04-21 15:26:38,247 basehttp "POST /api/auth/login/ HTTP/1.1" 200 858
INFO 2026-04-21 15:26:38,276 basehttp "GET /favicon.ico HTTP/1.1" 200 420
INFO 2026-04-21 15:26:38,295 basehttp "GET /api/dashboard/summary/ HTTP/1.1" 200 219
INFO 2026-04-21 15:26:42,680 basehttp "GET /favicon.ico HTTP/1.1" 200 420
INFO 2026-04-21 15:26:42,695 basehttp "GET /api/payments/ HTTP/1.1" 200 1131
INFO 2026-04-21 15:26:43,825 basehttp "GET /favicon.ico HTTP/1.1" 200 420
INFO 2026-04-21 15:26:43,853 basehttp "GET /api/payments/3/ HTTP/1.1" 200 1079
INFO 2026-04-21 15:27:03,213 basehttp "POST /api/installments/ HTTP/1.1" 201 330
INFO 2026-04-21 15:27:03,242 basehttp "GET /api/payments/3/ HTTP/1.1" 200 1410
INFO 2026-04-21 15:27:58,827 basehttp "GET /favicon.ico HTTP/1.1" 200 420
INFO 2026-04-21 15:27:58,882 basehttp "POST /api/auth/logout/ HTTP/1.1" 200 37
INFO 2026-04-21 15:28:05,835 basehttp "POST /api/auth/login/ HTTP/1.1" 200 866
INFO 2026-04-21 15:28:05,854 basehttp "GET /favicon.ico HTTP/1.1" 200 420
INFO 2026-04-21 15:28:05,870 basehttp "GET /api/dashboard/summary/ HTTP/1.1" 200 225
INFO 2026-04-21 15:28:07,836 basehttp "GET /favicon.ico HTTP/1.1" 200 420
INFO 2026-04-21 15:28:07,869 basehttp "GET /api/payments/ HTTP/1.1" 200 3946
INFO 2026-04-21 15:28:10,281 basehttp "GET /favicon.ico HTTP/1.1" 200 420
INFO 2026-04-21 15:28:10,298 basehttp "GET /api/payments/3/ HTTP/1.1" 200 1410
INFO 2026-04-21 15:28:15,617 basehttp "GET /favicon.ico HTTP/1.1" 200 420
INFO 2026-04-21 15:28:15,656 basehttp "GET /api/payments/ HTTP/1.1" 200 3946
INFO 2026-04-21 15:28:30,955 basehttp "GET /favicon.ico HTTP/1.1" 200 420
INFO 2026-04-21 15:28:30,975 basehttp "GET /api/payments/3/ HTTP/1.1" 200 1410
INFO 2026-04-21 15:28:32,681 basehttp "POST /api/installments/9/generate-bill/ HTTP/1.1" 200 413
INFO 2026-04-21 15:28:32,704 basehttp "GET /api/payments/3/ HTTP/1.1" 200 1493
INFO 2026-04-21 15:28:41,763 basehttp "GET /api/installments/9/download-bill/ HTTP/1.1" 200 766780
INFO 2026-04-21 15:29:09,483 basehttp "GET /favicon.ico HTTP/1.1" 200 420
INFO 2026-04-21 15:29:09,502 basehttp "GET /api/branches/ HTTP/1.1" 200 955
INFO 2026-04-21 15:29:09,505 basehttp "GET /api/users/ HTTP/1.1" 200 573
INFO 2026-04-21 15:29:09,512 basehttp "GET /api/enrollments/ HTTP/1.1" 200 803
INFO 2026-04-21 15:29:10,460 basehttp "GET /favicon.ico HTTP/1.1" 200 420
INFO 2026-04-21 15:29:10,467 basehttp "GET /api/users/ HTTP/1.1" 200 573
INFO 2026-04-21 15:29:10,486 basehttp "GET /api/user-targets/ HTTP/1.1" 200 290
INFO 2026-04-21 15:29:11,764 basehttp "GET /favicon.ico HTTP/1.1" 200 420
INFO 2026-04-21 15:29:11,770 basehttp "GET /api/branches/ HTTP/1.1" 200 955
INFO 2026-04-21 15:29:12,954 basehttp "GET /favicon.ico HTTP/1.1" 200 420
INFO 2026-04-21 15:29:12,965 basehttp "GET /api/courses/ HTTP/1.1" 200 675
INFO 2026-04-21 15:29:40,076 basehttp "GET /favicon.ico HTTP/1.1" 200 420
INFO 2026-04-21 15:29:40,083 basehttp "POST /api/auth/logout/ HTTP/1.1" 200 37
INFO 2026-04-21 15:29:48,849 basehttp "POST /api/auth/login/ HTTP/1.1" 200 858
INFO 2026-04-21 15:29:48,864 basehttp "GET /favicon.ico HTTP/1.1" 200 420
INFO 2026-04-21 15:29:48,880 basehttp "GET /api/dashboard/summary/ HTTP/1.1" 200 223
INFO 2026-04-21 15:29:50,832 basehttp "GET /favicon.ico HTTP/1.1" 200 420
INFO 2026-04-21 15:29:50,842 basehttp "GET /api/payments/ HTTP/1.1" 200 1545
INFO 2026-04-21 15:29:53,269 basehttp "GET /favicon.ico HTTP/1.1" 200 420
INFO 2026-04-21 15:29:53,277 basehttp "GET /api/courses/ HTTP/1.1" 200 675
INFO 2026-04-21 15:30:21,982 basehttp "GET /favicon.ico HTTP/1.1" 200 420
INFO 2026-04-21 15:30:21,998 basehttp "GET /api/dashboard/summary/ HTTP/1.1" 200 223
INFO 2026-04-21 15:30:26,590 basehttp "GET /favicon.ico HTTP/1.1" 200 420
INFO 2026-04-21 15:30:26,603 basehttp "GET /api/leads/ HTTP/1.1" 200 593
INFO 2026-04-21 15:30:28,627 basehttp "GET /favicon.ico HTTP/1.1" 200 420
INFO 2026-04-21 15:30:28,637 basehttp "GET /api/walkins/ HTTP/1.1" 200 1074
INFO 2026-04-21 15:30:30,767 basehttp "GET /favicon.ico HTTP/1.1" 200 420
INFO 2026-04-21 15:30:30,775 basehttp "GET /api/branches/ HTTP/1.1" 200 955
INFO 2026-04-21 15:30:30,785 basehttp "GET /api/courses/ HTTP/1.1" 200 675
INFO 2026-04-21 15:30:33,137 basehttp "GET /favicon.ico HTTP/1.1" 200 420
INFO 2026-04-21 15:30:33,152 basehttp "GET /api/walkins/ HTTP/1.1" 200 1074
INFO 2026-04-21 15:30:34,532 basehttp "GET /favicon.ico HTTP/1.1" 200 420
INFO 2026-04-21 15:30:34,536 basehttp "GET /api/branches/ HTTP/1.1" 200 955
INFO 2026-04-21 15:30:34,553 basehttp "GET /api/courses/ HTTP/1.1" 200 675
INFO 2026-04-21 15:30:40,590 basehttp "GET /favicon.ico HTTP/1.1" 200 420
INFO 2026-04-21 15:30:40,600 basehttp "GET /api/walkins/ HTTP/1.1" 200 1074
INFO 2026-04-21 15:30:42,335 basehttp "GET /api/walkins/6/ HTTP/1.1" 200 705
INFO 2026-04-21 15:30:42,335 basehttp "GET /api/courses/ HTTP/1.1" 200 675
INFO 2026-04-21 15:30:42,382 basehttp "GET /favicon.ico HTTP/1.1" 200 420
INFO 2026-04-21 15:30:46,208 basehttp "GET /favicon.ico HTTP/1.1" 200 420
INFO 2026-04-21 15:30:46,221 basehttp "GET /api/branches/ HTTP/1.1" 200 955
INFO 2026-04-21 15:30:46,230 basehttp "GET /api/courses/ HTTP/1.1" 200 675
INFO 2026-04-21 15:30:46,232 basehttp "GET /api/enrollments/ HTTP/1.1" 200 305
INFO 2026-04-21 15:30:51,407 basehttp "GET /favicon.ico HTTP/1.1" 200 420
INFO 2026-04-21 15:30:51,410 basehttp "GET /api/leads/ HTTP/1.1" 200 593
INFO 2026-04-21 15:31:02,021 basehttp "GET /favicon.ico HTTP/1.1" 200 420
INFO 2026-04-21 15:31:02,039 basehttp "GET /api/branches/ HTTP/1.1" 200 955
INFO 2026-04-21 15:31:02,044 basehttp "GET /api/enrollments/ HTTP/1.1" 200 305
INFO 2026-04-21 15:31:02,051 basehttp "GET /api/courses/ HTTP/1.1" 200 675
INFO 2026-04-21 15:31:40,631 basehttp "GET /favicon.ico HTTP/1.1" 200 420
INFO 2026-04-21 15:31:40,644 basehttp "GET /api/leads/ HTTP/1.1" 200 593
INFO 2026-04-21 15:31:42,338 basehttp "GET /favicon.ico HTTP/1.1" 200 420
INFO 2026-04-21 15:31:42,340 basehttp "GET /api/leads/3/ HTTP/1.1" 200 384
INFO 2026-04-21 15:31:57,376 basehttp "GET /favicon.ico HTTP/1.1" 200 420
INFO 2026-04-21 15:31:57,384 basehttp "GET /api/leads/ HTTP/1.1" 200 593
INFO 2026-04-21 15:31:58,435 basehttp "GET /favicon.ico HTTP/1.1" 200 420
INFO 2026-04-21 15:31:58,445 basehttp "GET /api/courses/ HTTP/1.1" 200 675
INFO 2026-04-21 15:31:58,448 basehttp "GET /api/branches/ HTTP/1.1" 200 955
INFO 2026-04-21 15:31:58,459 basehttp "GET /api/enrollments/ HTTP/1.1" 200 305
INFO 2026-04-21 15:32:00,866 basehttp "GET /favicon.ico HTTP/1.1" 200 420
INFO 2026-04-21 15:32:00,878 basehttp "GET /api/walkins/ HTTP/1.1" 200 1074
INFO 2026-04-21 15:32:01,766 basehttp "GET /favicon.ico HTTP/1.1" 200 420
INFO 2026-04-21 15:32:01,781 basehttp "GET /api/leads/ HTTP/1.1" 200 593
INFO 2026-04-21 15:32:03,261 basehttp "GET /favicon.ico HTTP/1.1" 200 420
INFO 2026-04-21 15:32:03,271 basehttp "GET /api/courses/ HTTP/1.1" 200 675
INFO 2026-04-21 15:39:48,331 basehttp "GET /leads/new HTTP/1.1" 200 420
INFO 2026-04-21 15:39:48,350 basehttp "GET /static/assets/index-16be8d13.css HTTP/1.1" 304 0
INFO 2026-04-21 15:39:48,350 basehttp "GET /static/assets/index-bd2b43eb.js HTTP/1.1" 304 0
INFO 2026-04-21 15:39:48,378 basehttp "GET /api/auth/me/ HTTP/1.1" 200 271
INFO 2026-04-21 15:39:48,585 basehttp "GET /static/assets/libertinus-serif-600-9f6e3162.woff2 HTTP/1.1" 304 0
INFO 2026-04-21 15:39:48,633 basehttp "GET /api/courses/ HTTP/1.1" 200 675
INFO 2026-04-21 15:39:48,633 basehttp "GET /static/assets/libertinus-serif-400-c73c9f3b.woff2 HTTP/1.1" 304 0
INFO 2026-04-21 15:39:48,633 basehttp "GET /static/assets/libertinus-serif-700-8bd2d42a.woff2 HTTP/1.1" 304 0
INFO 2026-04-21 15:39:48,637 basehttp "GET /static/assets/brand-logo-05bda913.png HTTP/1.1" 200 572462
INFO 2026-04-21 15:39:48,648 basehttp "GET /favicon.ico HTTP/1.1" 200 420
INFO 2026-04-21 15:40:38,847 autoreload C:\Users\Welcome\Desktop\CRM\March 24\files\crm\models.py changed, reloading.
INFO 2026-04-21 15:40:40,202 autoreload Watching for file changes with StatReloader
INFO 2026-04-21 15:40:44,230 basehttp "GET / HTTP/1.1" 200 420
INFO 2026-04-21 15:40:44,659 basehttp "GET /favicon.ico HTTP/1.1" 200 420
INFO 2026-04-21 15:40:44,664 basehttp "GET /api/auth/me/ HTTP/1.1" 200 271
INFO 2026-04-21 15:40:44,705 basehttp "GET /favicon.ico HTTP/1.1" 200 420
WARNING 2026-04-21 15:41:44,929 log Unauthorized: /api/auth/login/
WARNING 2026-04-21 15:41:44,931 basehttp "POST /api/auth/login/ HTTP/1.1" 401 63
INFO 2026-04-21 15:41:45,006 basehttp "POST /api/auth/token/refresh/ HTTP/1.1" 200 705
WARNING 2026-04-21 15:41:45,276 log Unauthorized: /api/auth/login/
WARNING 2026-04-21 15:41:45,278 basehttp "POST /api/auth/login/ HTTP/1.1" 401 63
INFO 2026-04-21 15:41:55,837 basehttp "POST /api/auth/login/ HTTP/1.1" 200 858
INFO 2026-04-21 15:41:55,867 basehttp "GET /favicon.ico HTTP/1.1" 200 420
INFO 2026-04-21 15:41:55,885 basehttp "GET /api/dashboard/summary/ HTTP/1.1" 200 223
INFO 2026-04-21 15:42:00,184 basehttp "GET /favicon.ico HTTP/1.1" 200 420
INFO 2026-04-21 15:42:00,200 basehttp "GET /api/leads/ HTTP/1.1" 200 593
INFO 2026-04-21 15:42:02,377 basehttp "GET /favicon.ico HTTP/1.1" 200 420
INFO 2026-04-21 15:42:02,377 basehttp "GET /api/courses/ HTTP/1.1" 200 675
INFO 2026-04-21 15:42:05,543 basehttp "GET /leads/new HTTP/1.1" 200 420
INFO 2026-04-21 15:42:05,561 basehttp "GET /static/assets/index-16be8d13.css HTTP/1.1" 304 0
INFO 2026-04-21 15:42:05,561 basehttp "GET /static/assets/index-bd2b43eb.js HTTP/1.1" 304 0
INFO 2026-04-21 15:42:05,588 basehttp "GET /api/auth/me/ HTTP/1.1" 200 271
INFO 2026-04-21 15:42:05,821 basehttp "GET /static/assets/brand-logo-05bda913.png HTTP/1.1" 304 0
INFO 2026-04-21 15:42:05,832 basehttp "GET /api/courses/ HTTP/1.1" 200 675
INFO 2026-04-21 15:42:05,847 basehttp "GET /favicon.ico HTTP/1.1" 200 420
INFO 2026-04-21 15:42:27,033 basehttp "GET /favicon.ico HTTP/1.1" 200 420
INFO 2026-04-21 15:42:27,036 basehttp "POST /api/auth/logout/ HTTP/1.1" 200 37
INFO 2026-04-21 15:42:32,951 basehttp "POST /api/auth/login/ HTTP/1.1" 200 866
INFO 2026-04-21 15:42:32,976 basehttp "GET /favicon.ico HTTP/1.1" 200 420
INFO 2026-04-21 15:42:32,988 basehttp "GET /api/dashboard/summary/ HTTP/1.1" 200 225
INFO 2026-04-21 15:42:36,419 basehttp "GET /favicon.ico HTTP/1.1" 200 420
INFO 2026-04-21 15:42:36,430 basehttp "GET /api/leads/ HTTP/1.1" 200 1144
INFO 2026-04-21 15:42:38,717 basehttp "GET /favicon.ico HTTP/1.1" 200 420
INFO 2026-04-21 15:42:38,721 basehttp "GET /api/courses/ HTTP/1.1" 200 675
INFO 2026-04-21 15:44:19,290 autoreload Watching for file changes with StatReloader
INFO 2026-04-21 15:44:24,350 basehttp "GET / HTTP/1.1" 200 420
INFO 2026-04-21 15:44:24,378 basehttp "GET /static/assets/index-bd2b43eb.js HTTP/1.1" 304 0
INFO 2026-04-21 15:44:24,378 basehttp "GET /static/assets/index-16be8d13.css HTTP/1.1" 304 0
INFO 2026-04-21 15:44:24,687 basehttp "GET /favicon.ico HTTP/1.1" 200 420
INFO 2026-04-21 15:44:24,700 basehttp "GET /api/auth/me/ HTTP/1.1" 200 249
INFO 2026-04-21 15:44:24,788 basehttp "GET /favicon.ico HTTP/1.1" 200 420
INFO 2026-04-21 15:44:24,788 basehttp "GET /static/assets/brand-logo-05bda913.png HTTP/1.1" 304 0
INFO 2026-04-21 15:44:24,799 basehttp "GET /static/assets/libertinus-serif-700-8bd2d42a.woff2 HTTP/1.1" 304 0
INFO 2026-04-21 15:44:24,801 basehttp "GET /static/assets/libertinus-serif-600-9f6e3162.woff2 HTTP/1.1" 304 0
INFO 2026-04-21 15:44:24,801 basehttp "GET /static/assets/libertinus-serif-400-c73c9f3b.woff2 HTTP/1.1" 304 0
INFO 2026-04-21 15:44:31,812 basehttp "POST /api/auth/login/ HTTP/1.1" 200 866
INFO 2026-04-21 15:44:31,849 basehttp "GET /favicon.ico HTTP/1.1" 200 420
INFO 2026-04-21 15:44:31,860 basehttp "GET /api/dashboard/summary/ HTTP/1.1" 200 225
INFO 2026-04-21 15:44:34,723 basehttp "GET /favicon.ico HTTP/1.1" 200 420
INFO 2026-04-21 15:44:34,736 basehttp "GET /api/leads/ HTTP/1.1" 200 1144
INFO 2026-04-21 15:44:37,317 basehttp "GET /favicon.ico HTTP/1.1" 200 420
INFO 2026-04-21 15:44:37,317 basehttp "GET /api/courses/ HTTP/1.1" 200 675
INFO 2026-04-21 15:45:59,607 autoreload C:\Users\Welcome\Desktop\CRM\March 24\files\serializers.py changed, reloading.
INFO 2026-04-21 15:46:01,880 autoreload Watching for file changes with StatReloader
INFO 2026-04-21 15:46:14,875 basehttp "GET /leads/new HTTP/1.1" 200 420
INFO 2026-04-21 15:46:14,943 basehttp "GET /api/auth/me/ HTTP/1.1" 200 249
INFO 2026-04-21 15:46:14,968 basehttp "GET /api/courses/ HTTP/1.1" 200 675
INFO 2026-04-21 15:46:14,971 basehttp "GET /favicon.ico HTTP/1.1" 200 420
INFO 2026-04-21 15:46:16,503 basehttp "GET /leads/new HTTP/1.1" 200 420
INFO 2026-04-21 15:46:16,544 basehttp "GET /api/auth/me/ HTTP/1.1" 200 249
INFO 2026-04-21 15:46:16,577 basehttp "GET /api/courses/ HTTP/1.1" 200 675
INFO 2026-04-21 15:46:16,584 basehttp "GET /favicon.ico HTTP/1.1" 200 420
INFO 2026-04-21 15:46:16,918 basehttp "GET /leads/new HTTP/1.1" 200 420
INFO 2026-04-21 15:46:16,960 basehttp "GET /api/auth/me/ HTTP/1.1" 200 249
INFO 2026-04-21 15:46:16,986 basehttp "GET /api/courses/ HTTP/1.1" 200 675
INFO 2026-04-21 15:46:16,994 basehttp "GET /favicon.ico HTTP/1.1" 200 420
INFO 2026-04-21 15:46:17,073 basehttp "GET /leads/new HTTP/1.1" 200 420
INFO 2026-04-21 15:46:17,108 basehttp "GET /api/auth/me/ HTTP/1.1" 200 249
INFO 2026-04-21 15:46:17,138 basehttp "GET /favicon.ico HTTP/1.1" 200 420
INFO 2026-04-21 15:46:17,139 basehttp "GET /api/courses/ HTTP/1.1" 200 675
INFO 2026-04-21 15:46:17,235 basehttp "GET /leads/new HTTP/1.1" 200 420
INFO 2026-04-21 15:46:17,275 basehttp "GET /api/auth/me/ HTTP/1.1" 200 249
INFO 2026-04-21 15:46:17,303 basehttp "GET /api/courses/ HTTP/1.1" 200 675
INFO 2026-04-21 15:46:17,310 basehttp "GET /favicon.ico HTTP/1.1" 200 420
INFO 2026-04-21 15:46:17,400 basehttp "GET /leads/new HTTP/1.1" 200 420
INFO 2026-04-21 15:46:17,442 basehttp "GET /api/auth/me/ HTTP/1.1" 200 249
INFO 2026-04-21 15:46:17,469 basehttp "GET /api/courses/ HTTP/1.1" 200 675
INFO 2026-04-21 15:46:17,475 basehttp "GET /favicon.ico HTTP/1.1" 200 420
INFO 2026-04-21 15:46:17,557 basehttp "GET /leads/new HTTP/1.1" 200 420
INFO 2026-04-21 15:46:17,603 basehttp "GET /api/auth/me/ HTTP/1.1" 200 249
INFO 2026-04-21 15:46:17,634 basehttp "GET /api/courses/ HTTP/1.1" 200 675
INFO 2026-04-21 15:46:17,637 basehttp "GET /favicon.ico HTTP/1.1" 200 420
INFO 2026-04-21 15:46:17,721 basehttp "GET /leads/new HTTP/1.1" 200 420
INFO 2026-04-21 15:46:17,775 basehttp "GET /api/auth/me/ HTTP/1.1" 200 249
INFO 2026-04-21 15:46:17,810 basehttp "GET /api/courses/ HTTP/1.1" 200 675
INFO 2026-04-21 15:46:17,815 basehttp "GET /favicon.ico HTTP/1.1" 200 420
INFO 2026-04-21 15:46:17,902 basehttp "GET /leads/new HTTP/1.1" 200 420
INFO 2026-04-21 15:46:17,993 basehttp "GET /api/auth/me/ HTTP/1.1" 200 249
INFO 2026-04-21 15:46:18,037 basehttp "GET /api/courses/ HTTP/1.1" 200 675
INFO 2026-04-21 15:46:18,050 basehttp "GET /favicon.ico HTTP/1.1" 200 420
INFO 2026-04-21 15:46:18,125 basehttp "GET /leads/new HTTP/1.1" 200 420
INFO 2026-04-21 15:46:18,195 basehttp "GET /api/auth/me/ HTTP/1.1" 200 249
INFO 2026-04-21 15:46:18,238 basehttp "GET /api/courses/ HTTP/1.1" 200 675
INFO 2026-04-21 15:46:18,246 basehttp "GET /favicon.ico HTTP/1.1" 200 420
INFO 2026-04-21 15:48:49,196 autoreload C:\Users\Welcome\Desktop\CRM\March 24\files\crm\models.py changed, reloading.
INFO 2026-04-21 15:48:50,158 autoreload Watching for file changes with StatReloader
INFO 2026-04-21 15:48:55,622 basehttp "GET / HTTP/1.1" 200 420
INFO 2026-04-21 15:48:55,720 basehttp "GET /static/assets/index-16be8d13.css HTTP/1.1" 200 49912
INFO 2026-04-21 15:48:55,912 basehttp "GET /static/assets/index-cde4504b.js HTTP/1.1" 200 373614
INFO 2026-04-21 15:48:56,224 basehttp "GET /favicon.ico HTTP/1.1" 200 420
INFO 2026-04-21 15:48:56,231 basehttp "GET /api/auth/me/ HTTP/1.1" 200 249
INFO 2026-04-21 15:48:56,259 basehttp "GET /static/assets/brand-logo-05bda913.png HTTP/1.1" 200 572462
INFO 2026-04-21 15:48:56,296 basehttp "GET /favicon.ico HTTP/1.1" 200 420
INFO 2026-04-21 15:48:56,304 basehttp "GET /static/assets/libertinus-serif-700-8bd2d42a.woff2 HTTP/1.1" 200 23400
INFO 2026-04-21 15:48:56,310 basehttp "GET /static/assets/libertinus-serif-400-c73c9f3b.woff2 HTTP/1.1" 200 23400
INFO 2026-04-21 15:48:56,311 basehttp "GET /static/assets/libertinus-serif-600-9f6e3162.woff2 HTTP/1.1" 200 22872
INFO 2026-04-21 15:49:06,115 basehttp "POST /api/auth/login/ HTTP/1.1" 200 866
INFO 2026-04-21 15:49:06,152 basehttp "GET /favicon.ico HTTP/1.1" 200 420
INFO 2026-04-21 15:49:06,161 basehttp "GET /api/dashboard/summary/ HTTP/1.1" 200 225
INFO 2026-04-21 15:49:08,844 basehttp "GET /favicon.ico HTTP/1.1" 200 420
INFO 2026-04-21 15:49:08,868 basehttp "GET /api/leads/ HTTP/1.1" 200 1250
INFO 2026-04-21 15:49:10,961 basehttp "GET /favicon.ico HTTP/1.1" 200 420
INFO 2026-04-21 15:49:10,969 basehttp "GET /api/courses/ HTTP/1.1" 200 675
INFO 2026-04-21 15:49:17,932 basehttp "GET /leads/new HTTP/1.1" 200 420
INFO 2026-04-21 15:49:17,949 basehttp "GET /static/assets/index-cde4504b.js HTTP/1.1" 304 0
INFO 2026-04-21 15:49:17,951 basehttp "GET /static/assets/index-16be8d13.css HTTP/1.1" 304 0
INFO 2026-04-21 15:49:17,974 basehttp "GET /api/auth/me/ HTTP/1.1" 200 249
INFO 2026-04-21 15:49:18,002 basehttp "GET /static/assets/brand-logo-05bda913.png HTTP/1.1" 304 0
INFO 2026-04-21 15:49:18,014 basehttp "GET /api/courses/ HTTP/1.1" 200 675
INFO 2026-04-21 15:49:18,023 basehttp "GET /favicon.ico HTTP/1.1" 200 420
INFO 2026-04-21 15:49:21,371 basehttp "GET /leads/new HTTP/1.1" 200 420
INFO 2026-04-21 15:49:21,411 basehttp "GET /api/auth/me/ HTTP/1.1" 200 249
INFO 2026-04-21 15:49:21,445 basehttp "GET /api/courses/ HTTP/1.1" 200 675
INFO 2026-04-21 15:49:21,450 basehttp "GET /favicon.ico HTTP/1.1" 200 420
INFO 2026-04-21 15:49:21,811 basehttp "GET /leads/new HTTP/1.1" 200 420
INFO 2026-04-21 15:49:21,852 basehttp "GET /api/auth/me/ HTTP/1.1" 200 249
INFO 2026-04-21 15:49:21,880 basehttp "GET /api/courses/ HTTP/1.1" 200 675
INFO 2026-04-21 15:49:21,884 basehttp "GET /favicon.ico HTTP/1.1" 200 420
INFO 2026-04-21 15:49:22,026 basehttp "GET /leads/new HTTP/1.1" 200 420
INFO 2026-04-21 15:49:22,065 basehttp "GET /api/auth/me/ HTTP/1.1" 200 249
INFO 2026-04-21 15:49:22,094 basehttp "GET /api/courses/ HTTP/1.1" 200 675
INFO 2026-04-21 15:49:22,097 basehttp "GET /favicon.ico HTTP/1.1" 200 420
INFO 2026-04-21 16:13:46,097 basehttp "GET /leads/new HTTP/1.1" 200 420
INFO 2026-04-21 16:13:46,111 basehttp "GET /static/assets/index-cde4504b.js HTTP/1.1" 304 0
INFO 2026-04-21 16:13:46,113 basehttp "GET /static/assets/index-16be8d13.css HTTP/1.1" 304 0
INFO 2026-04-21 16:13:46,146 basehttp "GET /api/auth/me/ HTTP/1.1" 200 249
INFO 2026-04-21 16:13:46,389 basehttp "GET /static/assets/brand-logo-05bda913.png HTTP/1.1" 304 0
INFO 2026-04-21 16:13:46,401 basehttp "GET /api/courses/ HTTP/1.1" 200 675
INFO 2026-04-21 16:13:46,419 basehttp "GET /favicon.ico HTTP/1.1" 200 420
INFO 2026-04-21 16:18:49,047 autoreload Watching for file changes with StatReloader
INFO 2026-04-21 16:18:52,160 basehttp "GET / HTTP/1.1" 200 420
INFO 2026-04-21 16:18:52,188 basehttp "GET /static/assets/index-cde4504b.js HTTP/1.1" 304 0
INFO 2026-04-21 16:18:52,189 basehttp "GET /static/assets/index-16be8d13.css HTTP/1.1" 304 0
INFO 2026-04-21 16:18:52,508 basehttp "GET /api/auth/me/ HTTP/1.1" 200 249
INFO 2026-04-21 16:18:52,512 basehttp "GET /favicon.ico HTTP/1.1" 200 420
INFO 2026-04-21 16:18:52,521 basehttp "GET /static/assets/brand-logo-05bda913.png HTTP/1.1" 304 0
INFO 2026-04-21 16:18:52,521 basehttp "GET /favicon.ico HTTP/1.1" 200 420
INFO 2026-04-21 16:18:52,570 basehttp "GET /static/assets/libertinus-serif-400-c73c9f3b.woff2 HTTP/1.1" 304 0
INFO 2026-04-21 16:18:52,570 basehttp "GET /static/assets/libertinus-serif-700-8bd2d42a.woff2 HTTP/1.1" 304 0
INFO 2026-04-21 16:18:52,572 basehttp "GET /static/assets/libertinus-serif-600-9f6e3162.woff2 HTTP/1.1" 304 0
WARNING 2026-04-21 16:19:05,282 log Unauthorized: /api/auth/login/
WARNING 2026-04-21 16:19:05,283 basehttp "POST /api/auth/login/ HTTP/1.1" 401 63
INFO 2026-04-21 16:19:05,348 basehttp "POST /api/auth/token/refresh/ HTTP/1.1" 200 715
WARNING 2026-04-21 16:19:05,734 log Unauthorized: /api/auth/login/
WARNING 2026-04-21 16:19:05,735 basehttp "POST /api/auth/login/ HTTP/1.1" 401 63
INFO 2026-04-21 16:19:10,166 basehttp "POST /api/auth/login/ HTTP/1.1" 200 866
INFO 2026-04-21 16:19:10,199 basehttp "GET /favicon.ico HTTP/1.1" 200 420
INFO 2026-04-21 16:19:10,210 basehttp "GET /api/dashboard/summary/ HTTP/1.1" 200 225
INFO 2026-04-21 16:19:13,778 basehttp "GET /favicon.ico HTTP/1.1" 200 420
INFO 2026-04-21 16:19:13,797 basehttp "GET /api/leads/ HTTP/1.1" 200 1250
INFO 2026-04-21 16:19:17,039 basehttp "GET /favicon.ico HTTP/1.1" 200 420
INFO 2026-04-21 16:19:17,039 basehttp "GET /api/courses/ HTTP/1.1" 200 675
INFO 2026-04-21 16:19:49,355 basehttp "GET /leads/new HTTP/1.1" 200 420
INFO 2026-04-21 16:19:49,397 basehttp "GET /api/auth/me/ HTTP/1.1" 200 249
INFO 2026-04-21 16:19:49,442 basehttp "GET /api/courses/ HTTP/1.1" 200 675
INFO 2026-04-21 16:19:49,448 basehttp "GET /favicon.ico HTTP/1.1" 200 420
INFO 2026-04-21 16:19:50,047 basehttp "GET /leads/new HTTP/1.1" 200 420
INFO 2026-04-21 16:19:50,089 basehttp "GET /api/auth/me/ HTTP/1.1" 200 249
INFO 2026-04-21 16:19:50,121 basehttp "GET /api/courses/ HTTP/1.1" 200 675
INFO 2026-04-21 16:19:50,129 basehttp "GET /favicon.ico HTTP/1.1" 200 420
INFO 2026-04-21 16:19:50,198 basehttp "GET /leads/new HTTP/1.1" 200 420
INFO 2026-04-21 16:19:50,230 basehttp "GET /api/auth/me/ HTTP/1.1" 200 249
INFO 2026-04-21 16:19:50,260 basehttp "GET /api/courses/ HTTP/1.1" 200 675
INFO 2026-04-21 16:19:50,260 basehttp "GET /favicon.ico HTTP/1.1" 200 420
INFO 2026-04-21 16:19:50,364 basehttp "GET /leads/new HTTP/1.1" 200 420
INFO 2026-04-21 16:19:50,416 basehttp "GET /api/auth/me/ HTTP/1.1" 200 249
INFO 2026-04-21 16:19:50,442 basehttp "GET /api/courses/ HTTP/1.1" 200 675
INFO 2026-04-21 16:19:50,448 basehttp "GET /favicon.ico HTTP/1.1" 200 420
INFO 2026-04-21 16:19:50,526 basehttp "GET /leads/new HTTP/1.1" 200 420
INFO 2026-04-21 16:19:50,559 basehttp "GET /api/auth/me/ HTTP/1.1" 200 249
INFO 2026-04-21 16:19:50,586 basehttp "GET /favicon.ico HTTP/1.1" 200 420
INFO 2026-04-21 16:19:50,589 basehttp "GET /api/courses/ HTTP/1.1" 200 675
INFO 2026-04-21 16:19:50,681 basehttp "GET /leads/new HTTP/1.1" 200 420
INFO 2026-04-21 16:19:50,716 basehttp "GET /api/auth/me/ HTTP/1.1" 200 249
INFO 2026-04-21 16:19:50,742 basehttp "GET /api/courses/ HTTP/1.1" 200 675
INFO 2026-04-21 16:19:50,745 basehttp "GET /favicon.ico HTTP/1.1" 200 420
INFO 2026-04-21 16:19:50,838 basehttp "GET /leads/new HTTP/1.1" 200 420
INFO 2026-04-21 16:19:50,880 basehttp "GET /api/auth/me/ HTTP/1.1" 200 249
INFO 2026-04-21 16:19:50,910 basehttp "GET /api/courses/ HTTP/1.1" 200 675
INFO 2026-04-21 16:19:50,913 basehttp "GET /favicon.ico HTTP/1.1" 200 420
INFO 2026-04-21 16:19:51,011 basehttp "GET /leads/new HTTP/1.1" 200 420
INFO 2026-04-21 16:19:51,056 basehttp "GET /api/auth/me/ HTTP/1.1" 200 249
INFO 2026-04-21 16:19:51,083 basehttp "GET /api/courses/ HTTP/1.1" 200 675
INFO 2026-04-21 16:19:51,087 basehttp "GET /favicon.ico HTTP/1.1" 200 420
INFO 2026-04-21 16:33:25,711 basehttp "GET /leads/new HTTP/1.1" 200 420
INFO 2026-04-21 16:33:25,727 basehttp "GET /static/assets/index-cde4504b.js HTTP/1.1" 304 0
INFO 2026-04-21 16:33:25,728 basehttp "GET /static/assets/index-16be8d13.css HTTP/1.1" 304 0
INFO 2026-04-21 16:33:26,000 basehttp "GET /api/auth/me/ HTTP/1.1" 200 249
INFO 2026-04-21 16:33:26,014 basehttp "GET /static/assets/brand-logo-05bda913.png HTTP/1.1" 304 0
INFO 2026-04-21 16:33:26,026 basehttp "GET /favicon.ico HTTP/1.1" 200 420
INFO 2026-04-21 16:33:26,027 basehttp "GET /api/courses/ HTTP/1.1" 200 675
INFO 2026-04-21 16:33:26,929 basehttp "GET /leads/new HTTP/1.1" 200 420
INFO 2026-04-21 16:33:26,975 basehttp "GET /api/auth/me/ HTTP/1.1" 200 249
INFO 2026-04-21 16:33:27,005 basehttp "GET /api/courses/ HTTP/1.1" 200 675
INFO 2026-04-21 16:33:27,016 basehttp "GET /favicon.ico HTTP/1.1" 200 420
INFO 2026-04-21 16:33:27,101 basehttp "GET /leads/new HTTP/1.1" 200 420
INFO 2026-04-21 16:33:27,135 basehttp "GET /api/auth/me/ HTTP/1.1" 200 249
INFO 2026-04-21 16:33:27,167 basehttp "GET /api/courses/ HTTP/1.1" 200 675
INFO 2026-04-21 16:33:27,173 basehttp "GET /favicon.ico HTTP/1.1" 200 420
INFO 2026-04-21 16:33:27,277 basehttp "GET /leads/new HTTP/1.1" 200 420
INFO 2026-04-21 16:33:27,322 basehttp "GET /api/auth/me/ HTTP/1.1" 200 249
INFO 2026-04-21 16:33:27,351 basehttp "GET /favicon.ico HTTP/1.1" 200 420
INFO 2026-04-21 16:33:27,352 basehttp "GET /api/courses/ HTTP/1.1" 200 675
INFO 2026-04-21 16:33:27,494 basehttp "GET /leads/new HTTP/1.1" 200 420
INFO 2026-04-21 16:33:27,538 basehttp "GET /api/auth/me/ HTTP/1.1" 200 249
INFO 2026-04-21 16:33:27,569 basehttp "GET /api/courses/ HTTP/1.1" 200 675
INFO 2026-04-21 16:33:27,569 basehttp "GET /favicon.ico HTTP/1.1" 200 420
INFO 2026-04-21 16:33:47,517 basehttp "GET /leads/new HTTP/1.1" 200 420
INFO 2026-04-21 16:33:47,743 basehttp "GET /static/assets/index-6497915d.js HTTP/1.1" 200 373735
INFO 2026-04-21 16:33:47,772 basehttp "GET /api/auth/me/ HTTP/1.1" 200 249
INFO 2026-04-21 16:33:47,803 basehttp "GET /api/courses/ HTTP/1.1" 200 675
INFO 2026-04-21 16:33:47,810 basehttp "GET /favicon.ico HTTP/1.1" 200 420
INFO 2026-04-21 16:33:48,293 basehttp "GET /leads/new HTTP/1.1" 200 420
INFO 2026-04-21 16:33:48,309 basehttp "GET /static/assets/index-6497915d.js HTTP/1.1" 304 0
INFO 2026-04-21 16:33:48,337 basehttp "GET /api/auth/me/ HTTP/1.1" 200 249
INFO 2026-04-21 16:33:48,368 basehttp "GET /api/courses/ HTTP/1.1" 200 675
INFO 2026-04-21 16:33:48,378 basehttp "GET /favicon.ico HTTP/1.1" 200 420
INFO 2026-04-21 16:37:41,871 basehttp "GET /leads/new HTTP/1.1" 200 420
INFO 2026-04-21 16:37:41,891 basehttp "GET /static/assets/index-6497915d.js HTTP/1.1" 304 0
INFO 2026-04-21 16:37:42,178 basehttp "GET /api/auth/me/ HTTP/1.1" 200 249
INFO 2026-04-21 16:37:42,210 basehttp "GET /api/courses/ HTTP/1.1" 200 675
INFO 2026-04-21 16:37:42,215 basehttp "GET /favicon.ico HTTP/1.1" 200 420
INFO 2026-04-21 16:37:43,006 basehttp "GET /leads/new HTTP/1.1" 200 420
INFO 2026-04-21 16:37:43,059 basehttp "GET /api/auth/me/ HTTP/1.1" 200 249
INFO 2026-04-21 16:37:43,093 basehttp "GET /api/courses/ HTTP/1.1" 200 675
INFO 2026-04-21 16:37:43,105 basehttp "GET /favicon.ico HTTP/1.1" 200 420
INFO 2026-04-21 16:37:43,161 basehttp "GET /leads/new HTTP/1.1" 200 420
INFO 2026-04-21 16:37:43,219 basehttp "GET /api/auth/me/ HTTP/1.1" 200 249
INFO 2026-04-21 16:37:43,250 basehttp "GET /api/courses/ HTTP/1.1" 200 675
INFO 2026-04-21 16:37:43,260 basehttp "GET /favicon.ico HTTP/1.1" 200 420
INFO 2026-04-21 16:37:43,349 basehttp "GET /leads/new HTTP/1.1" 200 420
INFO 2026-04-21 16:37:43,390 basehttp "GET /api/auth/me/ HTTP/1.1" 200 249
INFO 2026-04-21 16:37:43,425 basehttp "GET /api/courses/ HTTP/1.1" 200 675
INFO 2026-04-21 16:37:43,428 basehttp "GET /favicon.ico HTTP/1.1" 200 420
INFO 2026-04-21 16:37:43,513 basehttp "GET /leads/new HTTP/1.1" 200 420
INFO 2026-04-21 16:37:43,559 basehttp "GET /api/auth/me/ HTTP/1.1" 200 249
INFO 2026-04-21 16:37:43,589 basehttp "GET /api/courses/ HTTP/1.1" 200 675
INFO 2026-04-21 16:37:43,605 basehttp "GET /favicon.ico HTTP/1.1" 200 420
INFO 2026-04-21 16:37:43,736 basehttp "GET /leads/new HTTP/1.1" 200 420
INFO 2026-04-21 16:37:43,783 basehttp "GET /api/auth/me/ HTTP/1.1" 200 249
INFO 2026-04-21 16:37:43,813 basehttp "GET /api/courses/ HTTP/1.1" 200 675
INFO 2026-04-21 16:37:43,820 basehttp "GET /favicon.ico HTTP/1.1" 200 420
INFO 2026-04-21 16:38:11,660 basehttp "GET /leads/new HTTP/1.1" 200 420
INFO 2026-04-21 16:38:11,684 basehttp "GET /static/assets/index-6497915d.js HTTP/1.1" 304 0
INFO 2026-04-21 16:38:11,694 basehttp "GET /static/assets/index-16be8d13.css HTTP/1.1" 200 49912
INFO 2026-04-21 16:38:11,712 basehttp "GET /api/auth/me/ HTTP/1.1" 200 249
INFO 2026-04-21 16:38:11,741 basehttp "GET /api/courses/ HTTP/1.1" 200 675
INFO 2026-04-21 16:38:11,745 basehttp "GET /static/assets/libertinus-serif-400-c73c9f3b.woff2 HTTP/1.1" 200 23400
INFO 2026-04-21 16:38:11,745 basehttp "GET /static/assets/brand-logo-05bda913.png HTTP/1.1" 200 572462
INFO 2026-04-21 16:38:11,748 basehttp "GET /static/assets/libertinus-serif-700-8bd2d42a.woff2 HTTP/1.1" 200 23400
INFO 2026-04-21 16:38:11,754 basehttp "GET /static/assets/libertinus-serif-600-9f6e3162.woff2 HTTP/1.1" 200 22872
INFO 2026-04-21 16:38:11,784 basehttp "GET /favicon.ico HTTP/1.1" 200 420
INFO 2026-04-21 16:38:11,808 basehttp "GET /leads/new HTTP/1.1" 200 420
INFO 2026-04-21 16:38:11,884 basehttp "GET /api/auth/me/ HTTP/1.1" 200 249
INFO 2026-04-21 16:38:11,915 basehttp "GET /api/courses/ HTTP/1.1" 200 675
INFO 2026-04-21 16:38:11,921 basehttp "GET /favicon.ico HTTP/1.1" 200 420
INFO 2026-04-21 16:38:11,962 basehttp "GET /leads/new HTTP/1.1" 200 420
INFO 2026-04-21 16:38:12,051 basehttp "GET /api/auth/me/ HTTP/1.1" 200 249
INFO 2026-04-21 16:38:12,083 basehttp "GET /api/courses/ HTTP/1.1" 200 675
INFO 2026-04-21 16:38:12,097 basehttp "GET /favicon.ico HTTP/1.1" 200 420
INFO 2026-04-21 16:38:12,128 basehttp "GET /leads/new HTTP/1.1" 200 420
INFO 2026-04-21 16:38:12,191 basehttp "GET /api/auth/me/ HTTP/1.1" 200 249
INFO 2026-04-21 16:38:12,225 basehttp "GET /api/courses/ HTTP/1.1" 200 675
INFO 2026-04-21 16:38:12,238 basehttp "GET /favicon.ico HTTP/1.1" 200 420
INFO 2026-04-21 16:38:12,275 basehttp "GET /leads/new HTTP/1.1" 200 420
INFO 2026-04-21 16:38:12,341 basehttp "GET /api/auth/me/ HTTP/1.1" 200 249
INFO 2026-04-21 16:38:12,370 basehttp "GET /api/courses/ HTTP/1.1" 200 675
INFO 2026-04-21 16:38:12,382 basehttp "GET /favicon.ico HTTP/1.1" 200 420
INFO 2026-04-21 16:38:12,432 basehttp "GET /leads/new HTTP/1.1" 200 420
INFO 2026-04-21 16:38:12,479 basehttp "GET /api/auth/me/ HTTP/1.1" 200 249
INFO 2026-04-21 16:38:12,508 basehttp "GET /api/courses/ HTTP/1.1" 200 675
INFO 2026-04-21 16:38:12,511 basehttp "GET /favicon.ico HTTP/1.1" 200 420
INFO 2026-04-21 16:38:12,583 basehttp "GET /leads/new HTTP/1.1" 200 420
INFO 2026-04-21 16:38:12,625 basehttp "GET /api/auth/me/ HTTP/1.1" 200 249
INFO 2026-04-21 16:38:12,655 basehttp "GET /api/courses/ HTTP/1.1" 200 675
INFO 2026-04-21 16:38:12,658 basehttp "GET /favicon.ico HTTP/1.1" 200 420
INFO 2026-04-21 16:38:12,759 basehttp "GET /leads/new HTTP/1.1" 200 420
INFO 2026-04-21 16:38:12,797 basehttp "GET /api/auth/me/ HTTP/1.1" 200 249
INFO 2026-04-21 16:38:12,826 basehttp "GET /api/courses/ HTTP/1.1" 200 675
INFO 2026-04-21 16:38:12,831 basehttp "GET /favicon.ico HTTP/1.1" 200 420
INFO 2026-04-21 16:38:12,942 basehttp "GET /leads/new HTTP/1.1" 200 420
INFO 2026-04-21 16:38:12,984 basehttp "GET /api/auth/me/ HTTP/1.1" 200 249
INFO 2026-04-21 16:38:13,012 basehttp "GET /api/courses/ HTTP/1.1" 200 675
INFO 2026-04-21 16:38:13,017 basehttp "GET /favicon.ico HTTP/1.1" 200 420
INFO 2026-04-21 16:38:13,144 basehttp "GET /leads/new HTTP/1.1" 200 420
INFO 2026-04-21 16:38:13,195 basehttp "GET /api/auth/me/ HTTP/1.1" 200 249
INFO 2026-04-21 16:38:13,226 basehttp "GET /api/courses/ HTTP/1.1" 200 675
INFO 2026-04-21 16:38:13,243 basehttp "GET /favicon.ico HTTP/1.1" 200 420
INFO 2026-04-21 16:38:20,710 autoreload Watching for file changes with StatReloader
INFO 2026-04-21 16:38:23,739 basehttp "GET / HTTP/1.1" 200 420
INFO 2026-04-21 16:38:24,130 basehttp "GET /api/auth/me/ HTTP/1.1" 200 249
INFO 2026-04-21 16:38:24,134 basehttp "GET /favicon.ico HTTP/1.1" 200 420
INFO 2026-04-21 16:38:24,146 basehttp "GET /favicon.ico HTTP/1.1" 200 420
INFO 2026-04-21 16:38:32,046 basehttp "POST /api/auth/login/ HTTP/1.1" 200 866
INFO 2026-04-21 16:38:32,096 basehttp "GET /favicon.ico HTTP/1.1" 200 420
INFO 2026-04-21 16:38:32,119 basehttp "GET /api/dashboard/summary/ HTTP/1.1" 200 225
INFO 2026-04-21 16:38:35,658 basehttp "GET /favicon.ico HTTP/1.1" 200 420
INFO 2026-04-21 16:38:35,675 basehttp "GET /api/leads/ HTTP/1.1" 200 1250
INFO 2026-04-21 16:38:37,784 basehttp "GET /api/courses/ HTTP/1.1" 200 675
INFO 2026-04-21 16:38:37,787 basehttp "GET /favicon.ico HTTP/1.1" 200 420
INFO 2026-04-21 16:45:41,024 basehttp "GET /leads/new HTTP/1.1" 200 420
INFO 2026-04-21 16:45:41,173 basehttp "GET /static/assets/index-16be8d13.css HTTP/1.1" 200 49912
INFO 2026-04-21 16:45:41,392 basehttp "GET /static/assets/index-960c0f4e.js HTTP/1.1" 200 374086
INFO 2026-04-21 16:45:41,647 basehttp "GET /static/assets/libertinus-serif-600-9f6e3162.woff2 HTTP/1.1" 200 22872
INFO 2026-04-21 16:45:41,685 basehttp "GET /api/auth/me/ HTTP/1.1" 200 249
INFO 2026-04-21 16:45:41,725 basehttp "GET /api/courses/ HTTP/1.1" 200 675
INFO 2026-04-21 16:45:41,732 basehttp "GET /favicon.ico HTTP/1.1" 200 420
INFO 2026-04-21 16:45:41,734 basehttp "GET /static/assets/libertinus-serif-400-c73c9f3b.woff2 HTTP/1.1" 200 23400
INFO 2026-04-21 16:45:41,736 basehttp "GET /static/assets/libertinus-serif-700-8bd2d42a.woff2 HTTP/1.1" 200 23400
INFO 2026-04-21 16:45:41,741 basehttp "GET /static/assets/brand-logo-05bda913.png HTTP/1.1" 200 572462
INFO 2026-04-21 16:47:58,868 basehttp "GET /leads/new HTTP/1.1" 200 420
INFO 2026-04-21 16:47:58,888 basehttp "GET /static/assets/index-960c0f4e.js HTTP/1.1" 304 0
INFO 2026-04-21 16:47:58,896 basehttp "GET /static/assets/index-16be8d13.css HTTP/1.1" 304 0
INFO 2026-04-21 16:47:58,946 basehttp "GET /api/auth/me/ HTTP/1.1" 200 249
INFO 2026-04-21 16:47:58,990 basehttp "GET /static/assets/libertinus-serif-600-9f6e3162.woff2 HTTP/1.1" 304 0
INFO 2026-04-21 16:47:58,993 basehttp "GET /static/assets/brand-logo-05bda913.png HTTP/1.1" 304 0
INFO 2026-04-21 16:47:59,006 basehttp "GET /api/courses/ HTTP/1.1" 200 675
INFO 2026-04-21 16:47:59,008 basehttp "GET /static/assets/libertinus-serif-400-c73c9f3b.woff2 HTTP/1.1" 304 0
INFO 2026-04-21 16:47:59,010 basehttp "GET /static/assets/libertinus-serif-700-8bd2d42a.woff2 HTTP/1.1" 304 0
INFO 2026-04-21 16:47:59,035 basehttp "GET /favicon.ico HTTP/1.1" 200 420
INFO 2026-04-21 16:50:56,790 basehttp "GET /leads/new HTTP/1.1" 200 420
INFO 2026-04-21 16:50:56,809 basehttp "GET /static/assets/index-960c0f4e.js HTTP/1.1" 304 0
INFO 2026-04-21 16:50:56,814 basehttp "GET /static/assets/index-16be8d13.css HTTP/1.1" 304 0
INFO 2026-04-21 16:50:56,849 basehttp "GET /api/auth/me/ HTTP/1.1" 200 249
INFO 2026-04-21 16:50:56,882 basehttp "GET /static/assets/libertinus-serif-600-9f6e3162.woff2 HTTP/1.1" 304 0
INFO 2026-04-21 16:50:56,885 basehttp "GET /static/assets/brand-logo-05bda913.png HTTP/1.1" 304 0
INFO 2026-04-21 16:50:56,897 basehttp "GET /api/courses/ HTTP/1.1" 200 675
INFO 2026-04-21 16:50:56,901 basehttp "GET /static/assets/libertinus-serif-400-c73c9f3b.woff2 HTTP/1.1" 304 0
INFO 2026-04-21 16:50:56,902 basehttp "GET /static/assets/libertinus-serif-700-8bd2d42a.woff2 HTTP/1.1" 304 0
INFO 2026-04-21 16:50:56,928 basehttp "GET /favicon.ico HTTP/1.1" 200 420
INFO 2026-04-21 16:50:58,091 basehttp "GET /leads/new HTTP/1.1" 200 420
INFO 2026-04-21 16:50:58,145 basehttp "GET /api/auth/me/ HTTP/1.1" 200 249
INFO 2026-04-21 16:50:58,179 basehttp "GET /api/courses/ HTTP/1.1" 200 675
INFO 2026-04-21 16:50:58,196 basehttp "GET /favicon.ico HTTP/1.1" 200 420
INFO 2026-04-21 16:50:58,259 basehttp "GET /leads/new HTTP/1.1" 200 420
INFO 2026-04-21 16:50:58,303 basehttp "GET /api/auth/me/ HTTP/1.1" 200 249
INFO 2026-04-21 16:50:58,340 basehttp "GET /api/courses/ HTTP/1.1" 200 675
INFO 2026-04-21 16:50:58,350 basehttp "GET /favicon.ico HTTP/1.1" 200 420
INFO 2026-04-21 16:50:58,427 basehttp "GET /leads/new HTTP/1.1" 200 420
INFO 2026-04-21 16:50:58,470 basehttp "GET /api/auth/me/ HTTP/1.1" 200 249
INFO 2026-04-21 16:50:58,503 basehttp "GET /api/courses/ HTTP/1.1" 200 675
INFO 2026-04-21 16:50:58,513 basehttp "GET /favicon.ico HTTP/1.1" 200 420
INFO 2026-04-21 16:50:58,612 basehttp "GET /leads/new HTTP/1.1" 200 420
INFO 2026-04-21 16:50:58,658 basehttp "GET /api/auth/me/ HTTP/1.1" 200 249
INFO 2026-04-21 16:50:58,693 basehttp "GET /api/courses/ HTTP/1.1" 200 675
INFO 2026-04-21 16:50:58,704 basehttp "GET /favicon.ico HTTP/1.1" 200 420
INFO 2026-04-21 16:50:58,779 basehttp "GET /leads/new HTTP/1.1" 200 420
INFO 2026-04-21 16:50:58,857 basehttp "GET /api/auth/me/ HTTP/1.1" 200 249
INFO 2026-04-21 16:50:58,904 basehttp "GET /api/courses/ HTTP/1.1" 200 675
INFO 2026-04-21 16:50:58,919 basehttp "GET /favicon.ico HTTP/1.1" 200 420
INFO 2026-04-21 16:50:58,953 basehttp "GET /leads/new HTTP/1.1" 200 420
INFO 2026-04-21 16:50:59,037 basehttp "GET /api/auth/me/ HTTP/1.1" 200 249
INFO 2026-04-21 16:50:59,069 basehttp "GET /api/courses/ HTTP/1.1" 200 675
INFO 2026-04-21 16:50:59,076 basehttp "GET /favicon.ico HTTP/1.1" 200 420
INFO 2026-04-21 16:50:59,135 basehttp "GET /leads/new HTTP/1.1" 200 420
INFO 2026-04-21 16:50:59,199 basehttp "GET /api/auth/me/ HTTP/1.1" 200 249
INFO 2026-04-21 16:50:59,227 basehttp "GET /api/courses/ HTTP/1.1" 200 675
INFO 2026-04-21 16:50:59,233 basehttp "GET /favicon.ico HTTP/1.1" 200 420
INFO 2026-04-21 16:50:59,363 basehttp "GET /leads/new HTTP/1.1" 200 420
INFO 2026-04-21 16:50:59,419 basehttp "GET /api/auth/me/ HTTP/1.1" 200 249
INFO 2026-04-21 16:50:59,460 basehttp "GET /api/courses/ HTTP/1.1" 200 675
INFO 2026-04-21 16:50:59,467 basehttp "GET /favicon.ico HTTP/1.1" 200 420
INFO 2026-04-21 16:50:59,784 basehttp "GET /leads/new HTTP/1.1" 200 420
INFO 2026-04-21 16:50:59,840 basehttp "GET /api/auth/me/ HTTP/1.1" 200 249
INFO 2026-04-21 16:50:59,877 basehttp "GET /favicon.ico HTTP/1.1" 200 420
INFO 2026-04-21 16:50:59,878 basehttp "GET /api/courses/ HTTP/1.1" 200 675
INFO 2026-04-21 16:52:42,676 basehttp "GET /leads/new HTTP/1.1" 200 420
INFO 2026-04-21 16:52:42,700 basehttp "GET /static/assets/index-16be8d13.css HTTP/1.1" 304 0
INFO 2026-04-21 16:52:42,700 basehttp "GET /static/assets/index-960c0f4e.js HTTP/1.1" 304 0
INFO 2026-04-21 16:52:42,731 basehttp "GET /api/auth/me/ HTTP/1.1" 200 249
INFO 2026-04-21 16:52:42,771 basehttp "GET /static/assets/brand-logo-05bda913.png HTTP/1.1" 304 0
INFO 2026-04-21 16:52:42,781 basehttp "GET /api/courses/ HTTP/1.1" 200 675
INFO 2026-04-21 16:52:42,797 basehttp "GET /favicon.ico HTTP/1.1" 200 420
INFO 2026-04-21 16:52:43,557 basehttp "GET /leads/new HTTP/1.1" 200 420
INFO 2026-04-21 16:52:43,610 basehttp "GET /api/auth/me/ HTTP/1.1" 200 249
INFO 2026-04-21 16:52:43,643 basehttp "GET /api/courses/ HTTP/1.1" 200 675
INFO 2026-04-21 16:52:43,655 basehttp "GET /favicon.ico HTTP/1.1" 200 420
INFO 2026-04-21 16:52:43,707 basehttp "GET /leads/new HTTP/1.1" 200 420
INFO 2026-04-21 16:52:43,766 basehttp "GET /api/auth/me/ HTTP/1.1" 200 249
INFO 2026-04-21 16:52:43,804 basehttp "GET /api/courses/ HTTP/1.1" 200 675
INFO 2026-04-21 16:52:43,807 basehttp "GET /favicon.ico HTTP/1.1" 200 420
INFO 2026-04-21 16:52:43,869 basehttp "GET /leads/new HTTP/1.1" 200 420
INFO 2026-04-21 16:52:43,929 basehttp "GET /api/auth/me/ HTTP/1.1" 200 249
INFO 2026-04-21 16:52:43,958 basehttp "GET /api/courses/ HTTP/1.1" 200 675
INFO 2026-04-21 16:52:43,974 basehttp "GET /favicon.ico HTTP/1.1" 200 420
INFO 2026-04-21 16:52:44,026 basehttp "GET /leads/new HTTP/1.1" 200 420
INFO 2026-04-21 16:52:44,100 basehttp "GET /api/auth/me/ HTTP/1.1" 200 249
INFO 2026-04-21 16:52:44,138 basehttp "GET /api/courses/ HTTP/1.1" 200 675
INFO 2026-04-21 16:52:44,142 basehttp "GET /favicon.ico HTTP/1.1" 200 420
INFO 2026-04-21 16:52:44,178 basehttp "GET /leads/new HTTP/1.1" 200 420
INFO 2026-04-21 16:52:44,263 basehttp "GET /api/auth/me/ HTTP/1.1" 200 249
INFO 2026-04-21 16:52:44,297 basehttp "GET /api/courses/ HTTP/1.1" 200 675
INFO 2026-04-21 16:52:44,306 basehttp "GET /favicon.ico HTTP/1.1" 200 420
INFO 2026-04-21 16:52:44,330 basehttp "GET /leads/new HTTP/1.1" 200 420
INFO 2026-04-21 16:52:44,405 basehttp "GET /api/auth/me/ HTTP/1.1" 200 249
INFO 2026-04-21 16:52:44,438 basehttp "GET /api/courses/ HTTP/1.1" 200 675
INFO 2026-04-21 16:52:44,444 basehttp "GET /favicon.ico HTTP/1.1" 200 420
INFO 2026-04-21 16:52:44,485 basehttp "GET /leads/new HTTP/1.1" 200 420
INFO 2026-04-21 16:52:44,562 basehttp "GET /api/auth/me/ HTTP/1.1" 200 249
INFO 2026-04-21 16:52:44,595 basehttp "GET /api/courses/ HTTP/1.1" 200 675
INFO 2026-04-21 16:52:44,616 basehttp "GET /favicon.ico HTTP/1.1" 200 420
INFO 2026-04-21 16:52:44,629 basehttp "GET /leads/new HTTP/1.1" 200 420
INFO 2026-04-21 16:52:44,779 basehttp "GET /api/auth/me/ HTTP/1.1" 200 249
INFO 2026-04-21 16:52:44,809 basehttp "GET /api/courses/ HTTP/1.1" 200 675
INFO 2026-04-21 16:52:44,824 basehttp "GET /favicon.ico HTTP/1.1" 200 420
INFO 2026-04-21 16:52:44,974 basehttp "GET /leads/new HTTP/1.1" 200 420
INFO 2026-04-21 16:52:45,026 basehttp "GET /api/auth/me/ HTTP/1.1" 200 249
INFO 2026-04-21 16:52:45,063 basehttp "GET /api/courses/ HTTP/1.1" 200 675
INFO 2026-04-21 16:52:45,076 basehttp "GET /favicon.ico HTTP/1.1" 200 420
INFO 2026-04-21 16:52:45,140 basehttp "GET /leads/new HTTP/1.1" 200 420
INFO 2026-04-21 16:52:45,184 basehttp "GET /api/auth/me/ HTTP/1.1" 200 249
INFO 2026-04-21 16:52:45,215 basehttp "GET /api/courses/ HTTP/1.1" 200 675
INFO 2026-04-21 16:52:45,224 basehttp "GET /favicon.ico HTTP/1.1" 200 420
INFO 2026-04-21 16:52:45,369 basehttp "GET /leads/new HTTP/1.1" 200 420
INFO 2026-04-21 16:52:45,422 basehttp "GET /api/auth/me/ HTTP/1.1" 200 249
INFO 2026-04-21 16:52:45,455 basehttp "GET /api/courses/ HTTP/1.1" 200 675
INFO 2026-04-21 16:52:45,478 basehttp "GET /favicon.ico HTTP/1.1" 200 420
INFO 2026-04-21 16:52:45,685 basehttp "GET /leads/new HTTP/1.1" 200 420
INFO 2026-04-21 16:52:45,733 basehttp "GET /api/auth/me/ HTTP/1.1" 200 249
INFO 2026-04-21 16:52:45,770 basehttp "GET /api/courses/ HTTP/1.1" 200 675
INFO 2026-04-21 16:52:45,771 basehttp "GET /favicon.ico HTTP/1.1" 200 420
INFO 2026-04-21 16:52:45,860 basehttp "GET /leads/new HTTP/1.1" 200 420
INFO 2026-04-21 16:52:45,904 basehttp "GET /api/auth/me/ HTTP/1.1" 200 249
INFO 2026-04-21 16:52:45,940 basehttp "GET /api/courses/ HTTP/1.1" 200 675
INFO 2026-04-21 16:52:45,940 basehttp "GET /favicon.ico HTTP/1.1" 200 420
INFO 2026-04-21 16:52:46,018 basehttp "GET /leads/new HTTP/1.1" 200 420
INFO 2026-04-21 16:52:46,062 basehttp "GET /api/auth/me/ HTTP/1.1" 200 249
INFO 2026-04-21 16:52:46,096 basehttp "GET /api/courses/ HTTP/1.1" 200 675
INFO 2026-04-21 16:52:46,104 basehttp "GET /favicon.ico HTTP/1.1" 200 420
INFO 2026-04-21 16:52:46,236 basehttp "GET /leads/new HTTP/1.1" 200 420
INFO 2026-04-21 16:52:46,293 basehttp "GET /api/auth/me/ HTTP/1.1" 200 249
INFO 2026-04-21 16:52:46,328 basehttp "GET /api/courses/ HTTP/1.1" 200 675
INFO 2026-04-21 16:52:46,338 basehttp "GET /favicon.ico HTTP/1.1" 200 420
INFO 2026-04-21 16:54:27,824 basehttp "GET /leads/new HTTP/1.1" 200 420
INFO 2026-04-21 16:54:27,848 basehttp "GET /static/assets/index-16be8d13.css HTTP/1.1" 304 0
INFO 2026-04-21 16:54:27,849 basehttp "GET /static/assets/index-960c0f4e.js HTTP/1.1" 304 0
INFO 2026-04-21 16:54:27,889 basehttp "GET /api/auth/me/ HTTP/1.1" 200 249
INFO 2026-04-21 16:54:27,967 basehttp "GET /static/assets/brand-logo-05bda913.png HTTP/1.1" 304 0
INFO 2026-04-21 16:54:27,987 basehttp "GET /api/courses/ HTTP/1.1" 200 675
INFO 2026-04-21 16:54:28,021 basehttp "GET /favicon.ico HTTP/1.1" 200 420
INFO 2026-04-21 16:54:43,687 autoreload Watching for file changes with StatReloader
INFO 2026-04-21 16:54:47,370 basehttp "GET / HTTP/1.1" 200 420
INFO 2026-04-21 16:54:47,808 basehttp "GET /favicon.ico HTTP/1.1" 200 420
INFO 2026-04-21 16:54:47,832 basehttp "GET /api/auth/me/ HTTP/1.1" 200 249
INFO 2026-04-21 16:54:47,972 basehttp "GET /static/assets/libertinus-serif-400-c73c9f3b.woff2 HTTP/1.1" 304 0
INFO 2026-04-21 16:54:47,974 basehttp "GET /static/assets/libertinus-serif-700-8bd2d42a.woff2 HTTP/1.1" 304 0
INFO 2026-04-21 16:54:47,977 basehttp "GET /static/assets/libertinus-serif-600-9f6e3162.woff2 HTTP/1.1" 304 0
INFO 2026-04-21 16:54:47,978 basehttp "GET /favicon.ico HTTP/1.1" 200 420
INFO 2026-04-21 16:54:54,927 basehttp "POST /api/auth/login/ HTTP/1.1" 200 866
INFO 2026-04-21 16:54:54,974 basehttp "GET /favicon.ico HTTP/1.1" 200 420
INFO 2026-04-21 16:54:54,991 basehttp "GET /api/dashboard/summary/ HTTP/1.1" 200 225
INFO 2026-04-21 16:55:50,882 basehttp "GET /favicon.ico HTTP/1.1" 200 420
INFO 2026-04-21 16:55:50,910 basehttp "GET /api/leads/ HTTP/1.1" 200 1250
INFO 2026-04-21 16:55:53,159 basehttp "GET /favicon.ico HTTP/1.1" 200 420
INFO 2026-04-21 16:55:53,159 basehttp "GET /api/courses/ HTTP/1.1" 200 675
INFO 2026-04-21 16:55:55,016 basehttp "GET /leads/new HTTP/1.1" 200 420
INFO 2026-04-21 16:55:55,041 basehttp "GET /static/assets/index-960c0f4e.js HTTP/1.1" 304 0
INFO 2026-04-21 16:55:55,045 basehttp "GET /static/assets/index-16be8d13.css HTTP/1.1" 304 0
INFO 2026-04-21 16:55:55,070 basehttp "GET /api/auth/me/ HTTP/1.1" 200 249
INFO 2026-04-21 16:55:55,103 basehttp "GET /static/assets/brand-logo-05bda913.png HTTP/1.1" 304 0
INFO 2026-04-21 16:55:55,117 basehttp "GET /api/courses/ HTTP/1.1" 200 675
INFO 2026-04-21 16:55:55,127 basehttp "GET /favicon.ico HTTP/1.1" 200 420
INFO 2026-04-21 16:56:42,978 basehttp "POST /api/leads/ HTTP/1.1" 201 447
INFO 2026-04-21 16:56:42,997 basehttp "GET /favicon.ico HTTP/1.1" 200 420
INFO 2026-04-21 16:56:43,012 basehttp "GET /api/leads/5/ HTTP/1.1" 200 447
INFO 2026-04-21 17:01:30,507 basehttp "GET /leads/5 HTTP/1.1" 200 420
INFO 2026-04-21 17:01:30,602 basehttp "GET /static/assets/index-16be8d13.css HTTP/1.1" 200 49912
INFO 2026-04-21 17:01:30,821 basehttp "GET /static/assets/index-b980899e.js HTTP/1.1" 200 374640
INFO 2026-04-21 17:01:31,112 basehttp "GET /static/assets/libertinus-serif-600-9f6e3162.woff2 HTTP/1.1" 200 22872
INFO 2026-04-21 17:01:31,158 basehttp "GET /api/auth/me/ HTTP/1.1" 200 249
INFO 2026-04-21 17:01:31,194 basehttp "GET /api/leads/5/ HTTP/1.1" 200 447
INFO 2026-04-21 17:01:31,197 basehttp "GET /static/assets/brand-logo-05bda913.png HTTP/1.1" 200 572462
INFO 2026-04-21 17:01:31,201 basehttp "GET /static/assets/libertinus-serif-700-8bd2d42a.woff2 HTTP/1.1" 200 23400
INFO 2026-04-21 17:01:31,203 basehttp "GET /static/assets/libertinus-serif-400-c73c9f3b.woff2 HTTP/1.1" 200 23400
INFO 2026-04-21 17:01:31,222 basehttp "GET /favicon.ico HTTP/1.1" 200 420
INFO 2026-04-21 17:01:34,245 basehttp "GET /favicon.ico HTTP/1.1" 200 420
INFO 2026-04-21 17:01:34,259 basehttp "GET /api/courses/ HTTP/1.1" 200 675
INFO 2026-04-21 17:01:36,804 basehttp "GET /favicon.ico HTTP/1.1" 200 420
INFO 2026-04-21 17:01:36,819 basehttp "GET /api/leads/ HTTP/1.1" 200 1514
INFO 2026-04-21 17:01:38,920 basehttp "GET /leads HTTP/1.1" 200 420
INFO 2026-04-21 17:01:38,945 basehttp "GET /static/assets/index-b980899e.js HTTP/1.1" 304 0
INFO 2026-04-21 17:01:38,946 basehttp "GET /static/assets/index-16be8d13.css HTTP/1.1" 304 0
INFO 2026-04-21 17:01:38,976 basehttp "GET /api/auth/me/ HTTP/1.1" 200 249
INFO 2026-04-21 17:01:39,001 basehttp "GET /static/assets/brand-logo-05bda913.png HTTP/1.1" 304 0
INFO 2026-04-21 17:01:39,022 basehttp "GET /api/leads/ HTTP/1.1" 200 1514
INFO 2026-04-21 17:01:39,034 basehttp "GET /favicon.ico HTTP/1.1" 200 420
INFO 2026-04-21 17:01:40,541 basehttp "GET /api/leads/5/ HTTP/1.1" 200 447
INFO 2026-04-21 17:01:40,553 basehttp "GET /favicon.ico HTTP/1.1" 200 420
INFO 2026-04-21 18:09:12,015 autoreload Watching for file changes with StatReloader
INFO 2026-04-21 18:09:14,193 basehttp "GET / HTTP/1.1" 200 420
INFO 2026-04-21 18:09:14,237 basehttp "GET /static/assets/index-16be8d13.css HTTP/1.1" 304 0
INFO 2026-04-21 18:09:14,238 basehttp "GET /static/assets/index-b980899e.js HTTP/1.1" 304 0
INFO 2026-04-21 18:09:14,674 basehttp "GET /api/auth/me/ HTTP/1.1" 200 249
INFO 2026-04-21 18:09:14,756 basehttp "GET /static/assets/brand-logo-05bda913.png HTTP/1.1" 304 0
INFO 2026-04-21 18:09:14,799 basehttp "GET /static/assets/libertinus-serif-700-8bd2d42a.woff2 HTTP/1.1" 304 0
INFO 2026-04-21 18:09:14,801 basehttp "GET /static/assets/libertinus-serif-600-9f6e3162.woff2 HTTP/1.1" 304 0
INFO 2026-04-21 18:09:14,803 basehttp "GET /static/assets/libertinus-serif-400-c73c9f3b.woff2 HTTP/1.1" 304 0
INFO 2026-04-21 18:09:27,919 basehttp "POST /api/auth/login/ HTTP/1.1" 200 858
INFO 2026-04-21 18:09:27,992 basehttp "GET /api/dashboard/summary/ HTTP/1.1" 200 223
INFO 2026-04-22 10:14:52,320 autoreload Watching for file changes with StatReloader
INFO 2026-04-22 10:14:59,325 basehttp "GET / HTTP/1.1" 200 420
INFO 2026-04-22 10:14:59,363 basehttp "GET /static/assets/index-b980899e.js HTTP/1.1" 304 0
INFO 2026-04-22 10:14:59,365 basehttp "GET /static/assets/index-16be8d13.css HTTP/1.1" 304 0
INFO 2026-04-22 10:15:00,000 basehttp "GET /favicon.ico HTTP/1.1" 200 420
WARNING 2026-04-22 10:15:00,012 log Unauthorized: /api/auth/me/
WARNING 2026-04-22 10:15:00,014 basehttp "GET /api/auth/me/ HTTP/1.1" 401 183
INFO 2026-04-22 10:15:00,041 basehttp "POST /api/auth/token/refresh/ HTTP/1.1" 200 705
INFO 2026-04-22 10:15:00,055 basehttp "GET /api/auth/me/ HTTP/1.1" 200 271
INFO 2026-04-22 10:15:00,073 basehttp "GET /static/assets/brand-logo-05bda913.png HTTP/1.1" 304 0
INFO 2026-04-22 10:15:00,167 basehttp "GET /static/assets/libertinus-serif-700-8bd2d42a.woff2 HTTP/1.1" 304 0
INFO 2026-04-22 10:15:00,168 basehttp "GET /static/assets/libertinus-serif-400-c73c9f3b.woff2 HTTP/1.1" 304 0
INFO 2026-04-22 10:15:00,172 basehttp "GET /favicon.ico HTTP/1.1" 200 420
INFO 2026-04-22 10:15:00,173 basehttp "GET /static/assets/libertinus-serif-600-9f6e3162.woff2 HTTP/1.1" 304 0
INFO 2026-04-22 10:30:50,753 basehttp "POST /api/auth/login/ HTTP/1.1" 200 866
INFO 2026-04-22 10:30:50,816 basehttp "GET /favicon.ico HTTP/1.1" 200 420
INFO 2026-04-22 10:30:50,846 basehttp "GET /api/dashboard/summary/ HTTP/1.1" 200 225
INFO 2026-04-22 10:30:53,603 basehttp "GET /favicon.ico HTTP/1.1" 200 420
INFO 2026-04-22 10:30:53,605 basehttp "GET /api/branches/ HTTP/1.1" 200 955
INFO 2026-04-22 10:30:53,613 basehttp "GET /api/users/ HTTP/1.1" 200 573
INFO 2026-04-22 10:30:53,643 basehttp "GET /api/enrollments/ HTTP/1.1" 200 803
INFO 2026-04-22 10:36:54,693 basehttp "GET /favicon.ico HTTP/1.1" 200 420
INFO 2026-04-22 10:36:54,705 basehttp "GET /api/dashboard/summary/ HTTP/1.1" 200 225
INFO 2026-04-22 10:40:15,611 autoreload C:\Users\Welcome\Desktop\CRM\March 24\files\serializers.py changed, reloading.
INFO 2026-04-22 10:40:19,606 autoreload Watching for file changes with StatReloader
INFO 2026-04-22 10:40:35,985 autoreload C:\Users\Welcome\Desktop\CRM\March 24\files\views.py changed, reloading.
INFO 2026-04-22 10:40:38,152 autoreload Watching for file changes with StatReloader
INFO 2026-04-22 10:48:59,823 basehttp "GET /dashboard HTTP/1.1" 200 420
INFO 2026-04-22 10:49:00,416 basehttp "GET /favicon.ico HTTP/1.1" 200 420
INFO 2026-04-22 10:49:00,443 basehttp "GET /api/auth/me/ HTTP/1.1" 200 249
INFO 2026-04-22 10:49:00,500 basehttp "GET /api/dashboard/summary/ HTTP/1.1" 200 225
INFO 2026-04-22 10:49:10,685 basehttp "GET /favicon.ico HTTP/1.1" 200 420
INFO 2026-04-22 10:49:10,692 basehttp "GET /api/users/ HTTP/1.1" 200 573
INFO 2026-04-22 10:49:10,697 basehttp "GET /api/user-targets/ HTTP/1.1" 200 290
INFO 2026-04-22 10:49:15,974 basehttp "GET /favicon.ico HTTP/1.1" 200 420
INFO 2026-04-22 10:49:15,987 basehttp "GET /api/dashboard/summary/ HTTP/1.1" 200 225
INFO 2026-04-22 10:49:19,603 basehttp "GET /favicon.ico HTTP/1.1" 200 420
INFO 2026-04-22 10:49:19,624 basehttp "GET /api/courses/ HTTP/1.1" 200 675
INFO 2026-04-22 10:49:19,629 basehttp "GET /api/enrollments/ HTTP/1.1" 200 803
INFO 2026-04-22 10:49:19,634 basehttp "GET /api/branches/ HTTP/1.1" 200 955
INFO 2026-04-22 10:49:23,867 basehttp "GET /favicon.ico HTTP/1.1" 200 420
INFO 2026-04-22 10:49:23,883 basehttp "GET /api/walkins/ HTTP/1.1" 200 2702
INFO 2026-04-22 10:49:26,485 basehttp "GET /favicon.ico HTTP/1.1" 200 420
INFO 2026-04-22 10:49:26,508 basehttp "GET /api/walkins/5/ HTTP/1.1" 200 661
INFO 2026-04-22 10:49:26,520 basehttp "GET /api/courses/ HTTP/1.1" 200 675
INFO 2026-04-22 10:49:29,043 basehttp "GET /favicon.ico HTTP/1.1" 200 420
INFO 2026-04-22 10:49:29,061 basehttp "GET /api/walkins/ HTTP/1.1" 200 2702
INFO 2026-04-22 10:49:31,114 basehttp "GET /favicon.ico HTTP/1.1" 200 420
INFO 2026-04-22 10:49:31,134 basehttp "GET /api/branches/ HTTP/1.1" 200 955
INFO 2026-04-22 10:49:31,144 basehttp "GET /api/enrollments/ HTTP/1.1" 200 803
INFO 2026-04-22 10:49:31,145 basehttp "GET /api/courses/ HTTP/1.1" 200 675
INFO 2026-04-22 10:49:33,601 basehttp "GET /favicon.ico HTTP/1.1" 200 420
INFO 2026-04-22 10:49:33,611 basehttp "GET /api/dashboard/summary/ HTTP/1.1" 200 225
INFO 2026-04-22 10:49:45,611 autoreload Watching for file changes with StatReloader
INFO 2026-04-22 10:49:47,722 basehttp "GET / HTTP/1.1" 200 420
INFO 2026-04-22 10:49:48,531 basehttp "GET /api/auth/me/ HTTP/1.1" 200 249
INFO 2026-04-22 10:49:48,534 basehttp "GET /favicon.ico HTTP/1.1" 200 420
INFO 2026-04-22 10:49:48,660 basehttp "GET /favicon.ico HTTP/1.1" 200 420
INFO 2026-04-22 10:50:01,497 basehttp "POST /api/auth/login/ HTTP/1.1" 200 866
INFO 2026-04-22 10:50:01,535 basehttp "GET /favicon.ico HTTP/1.1" 200 420
INFO 2026-04-22 10:50:01,550 basehttp "GET /api/dashboard/summary/ HTTP/1.1" 200 225
INFO 2026-04-22 10:50:04,366 basehttp "GET /dashboard HTTP/1.1" 200 420
INFO 2026-04-22 10:50:04,407 basehttp "GET /api/auth/me/ HTTP/1.1" 200 249
INFO 2026-04-22 10:50:04,451 basehttp "GET /api/dashboard/summary/ HTTP/1.1" 200 225
INFO 2026-04-22 10:50:04,457 basehttp "GET /favicon.ico HTTP/1.1" 200 420
INFO 2026-04-22 10:53:30,910 basehttp "GET /favicon.ico HTTP/1.1" 200 420
INFO 2026-04-22 10:53:30,924 basehttp "GET /api/leads/ HTTP/1.1" 200 1514
INFO 2026-04-22 10:53:38,772 basehttp "GET /favicon.ico HTTP/1.1" 200 420
INFO 2026-04-22 10:53:38,787 basehttp "GET /api/leads/5/ HTTP/1.1" 200 447
INFO 2026-04-22 10:53:43,775 basehttp "GET /favicon.ico HTTP/1.1" 200 420
INFO 2026-04-22 10:53:43,787 basehttp "GET /api/leads/ HTTP/1.1" 200 1514
INFO 2026-04-22 10:53:44,787 basehttp "GET /api/leads/4/ HTTP/1.1" 200 408
INFO 2026-04-22 10:53:44,828 basehttp "GET /favicon.ico HTTP/1.1" 200 420
INFO 2026-04-22 10:53:55,008 basehttp "GET /favicon.ico HTTP/1.1" 200 420
INFO 2026-04-22 10:53:55,022 basehttp "GET /api/leads/ HTTP/1.1" 200 1514
INFO 2026-04-22 10:57:02,975 autoreload C:\Users\Welcome\Desktop\CRM\March 24\files\views.py changed, reloading.
INFO 2026-04-22 10:57:04,803 autoreload Watching for file changes with StatReloader
INFO 2026-04-24 11:02:19,129 autoreload Watching for file changes with StatReloader
INFO 2026-04-24 11:02:24,755 basehttp "GET / HTTP/1.1" 200 420
INFO 2026-04-24 11:02:24,795 basehttp "GET /static/assets/index-b980899e.js HTTP/1.1" 304 0
INFO 2026-04-24 11:02:24,796 basehttp "GET /static/assets/index-16be8d13.css HTTP/1.1" 304 0
INFO 2026-04-24 11:02:25,564 basehttp "GET /favicon.ico HTTP/1.1" 200 420
WARNING 2026-04-24 11:02:25,583 log Unauthorized: /api/auth/me/
WARNING 2026-04-24 11:02:25,585 basehttp "GET /api/auth/me/ HTTP/1.1" 401 183
INFO 2026-04-24 11:02:25,631 basehttp "POST /api/auth/token/refresh/ HTTP/1.1" 200 715
INFO 2026-04-24 11:02:25,646 basehttp "GET /api/auth/me/ HTTP/1.1" 200 249
INFO 2026-04-24 11:02:25,666 basehttp "GET /static/assets/brand-logo-05bda913.png HTTP/1.1" 304 0
INFO 2026-04-24 11:02:25,764 basehttp "GET /static/assets/libertinus-serif-400-c73c9f3b.woff2 HTTP/1.1" 304 0
INFO 2026-04-24 11:02:25,767 basehttp "GET /static/assets/libertinus-serif-700-8bd2d42a.woff2 HTTP/1.1" 304 0
INFO 2026-04-24 11:02:25,768 basehttp "GET /favicon.ico HTTP/1.1" 200 420
INFO 2026-04-24 11:02:25,773 basehttp "GET /static/assets/libertinus-serif-600-9f6e3162.woff2 HTTP/1.1" 304 0
INFO 2026-04-24 11:02:36,285 basehttp "POST /api/auth/login/ HTTP/1.1" 200 866
INFO 2026-04-24 11:02:36,320 basehttp "GET /favicon.ico HTTP/1.1" 200 420
INFO 2026-04-24 11:02:36,360 basehttp "GET /api/dashboard/summary/ HTTP/1.1" 200 277
INFO 2026-04-24 11:09:27,514 basehttp "GET /dashboard HTTP/1.1" 200 420
INFO 2026-04-24 11:09:27,844 basehttp "GET /api/auth/me/ HTTP/1.1" 200 249
INFO 2026-04-24 11:09:27,869 basehttp "GET /favicon.ico HTTP/1.1" 200 420
INFO 2026-04-24 11:09:27,877 basehttp "GET /api/dashboard/summary/ HTTP/1.1" 200 277
INFO 2026-04-24 11:10:29,544 autoreload Watching for file changes with StatReloader
INFO 2026-04-24 11:10:35,287 basehttp "GET / HTTP/1.1" 200 420
INFO 2026-04-24 11:10:36,159 basehttp "GET /favicon.ico HTTP/1.1" 200 420
INFO 2026-04-24 11:10:36,165 basehttp "GET /api/auth/me/ HTTP/1.1" 200 249
INFO 2026-04-24 11:10:36,297 basehttp "GET /favicon.ico HTTP/1.1" 200 420
INFO 2026-04-24 11:10:48,065 basehttp "POST /api/auth/login/ HTTP/1.1" 200 866
INFO 2026-04-24 11:10:48,129 basehttp "GET /favicon.ico HTTP/1.1" 200 420
INFO 2026-04-24 11:10:48,169 basehttp "GET /api/dashboard/summary/ HTTP/1.1" 200 277
INFO 2026-04-24 11:13:16,816 autoreload Watching for file changes with StatReloader
INFO 2026-04-24 11:13:21,012 basehttp "GET / HTTP/1.1" 200 420
INFO 2026-04-24 11:13:21,694 basehttp "GET /favicon.ico HTTP/1.1" 200 420
INFO 2026-04-24 11:13:21,694 basehttp "GET /api/auth/me/ HTTP/1.1" 200 249
INFO 2026-04-24 11:13:21,900 basehttp "GET /favicon.ico HTTP/1.1" 200 420
INFO 2026-04-24 11:13:32,012 basehttp "POST /api/auth/login/ HTTP/1.1" 200 866
INFO 2026-04-24 11:13:32,048 basehttp "GET /favicon.ico HTTP/1.1" 200 420
INFO 2026-04-24 11:13:32,063 basehttp "GET /api/dashboard/summary/ HTTP/1.1" 200 277
INFO 2026-04-24 11:13:38,343 basehttp "GET /dashboard HTTP/1.1" 200 420
INFO 2026-04-24 11:13:38,386 basehttp "GET /api/auth/me/ HTTP/1.1" 200 249
INFO 2026-04-24 11:13:38,428 basehttp "GET /favicon.ico HTTP/1.1" 200 420
INFO 2026-04-24 11:13:38,433 basehttp "GET /api/dashboard/summary/ HTTP/1.1" 200 277
INFO 2026-04-24 11:14:07,028 basehttp "GET /dashboard HTTP/1.1" 200 420
INFO 2026-04-24 11:14:07,082 basehttp "GET /api/auth/me/ HTTP/1.1" 200 249
INFO 2026-04-24 11:14:07,157 basehttp "GET /api/dashboard/summary/ HTTP/1.1" 200 277
INFO 2026-04-24 11:14:07,168 basehttp "GET /favicon.ico HTTP/1.1" 200 420
INFO 2026-04-24 11:14:31,532 basehttp "GET /dashboard HTTP/1.1" 200 420
INFO 2026-04-24 11:14:31,601 basehttp "GET /api/auth/me/ HTTP/1.1" 200 249
INFO 2026-04-24 11:14:31,660 basehttp "GET /favicon.ico HTTP/1.1" 200 420
INFO 2026-04-24 11:14:31,661 basehttp "GET /api/dashboard/summary/ HTTP/1.1" 200 277
INFO 2026-04-24 11:14:32,590 basehttp "GET /dashboard HTTP/1.1" 200 420
INFO 2026-04-24 11:14:32,642 basehttp "GET /api/auth/me/ HTTP/1.1" 200 249
INFO 2026-04-24 11:14:32,692 basehttp "GET /favicon.ico HTTP/1.1" 200 420
INFO 2026-04-24 11:14:32,695 basehttp "GET /api/dashboard/summary/ HTTP/1.1" 200 277
INFO 2026-04-24 11:14:32,763 basehttp "GET /dashboard HTTP/1.1" 200 420
INFO 2026-04-24 11:14:32,842 basehttp "GET /api/auth/me/ HTTP/1.1" 200 249
INFO 2026-04-24 11:14:32,890 basehttp "GET /api/dashboard/summary/ HTTP/1.1" 200 277
INFO 2026-04-24 11:14:32,892 basehttp "GET /favicon.ico HTTP/1.1" 200 420
INFO 2026-04-24 11:14:32,929 basehttp "GET /dashboard HTTP/1.1" 200 420
INFO 2026-04-24 11:14:33,050 basehttp "GET /api/auth/me/ HTTP/1.1" 200 249
INFO 2026-04-24 11:14:33,128 basehttp "GET /api/dashboard/summary/ HTTP/1.1" 200 277
INFO 2026-04-24 11:14:33,134 basehttp "GET /favicon.ico HTTP/1.1" 200 420
INFO 2026-04-24 11:14:33,325 basehttp "GET /dashboard HTTP/1.1" 200 420
INFO 2026-04-24 11:14:33,394 basehttp "GET /api/auth/me/ HTTP/1.1" 200 249
INFO 2026-04-24 11:14:33,448 basehttp "GET /api/dashboard/summary/ HTTP/1.1" 200 277
INFO 2026-04-24 11:14:33,448 basehttp "GET /favicon.ico HTTP/1.1" 200 420
INFO 2026-04-24 11:16:10,782 autoreload Watching for file changes with StatReloader
INFO 2026-04-24 11:16:17,702 basehttp "GET / HTTP/1.1" 200 420
INFO 2026-04-24 11:16:17,851 basehttp "GET /static/assets/index-860397df.js HTTP/1.1" 200 380270
INFO 2026-04-24 11:16:17,867 basehttp "GET /static/assets/index-4ac43350.css HTTP/1.1" 200 50746
INFO 2026-04-24 11:16:18,499 basehttp "GET /favicon.ico HTTP/1.1" 200 420
INFO 2026-04-24 11:16:18,503 basehttp "GET /api/auth/me/ HTTP/1.1" 200 249
INFO 2026-04-24 11:16:18,573 basehttp "GET /favicon.ico HTTP/1.1" 200 420
INFO 2026-04-24 11:16:27,139 basehttp "POST /api/auth/login/ HTTP/1.1" 200 866
INFO 2026-04-24 11:16:27,174 basehttp "GET /favicon.ico HTTP/1.1" 200 420
INFO 2026-04-24 11:16:27,190 basehttp "GET /api/dashboard/summary/ HTTP/1.1" 200 277
INFO 2026-04-24 11:16:29,482 basehttp "GET /favicon.ico HTTP/1.1" 200 420
INFO 2026-04-24 11:16:29,515 basehttp "GET /api/branches/ HTTP/1.1" 200 955
INFO 2026-04-24 11:16:29,529 basehttp "GET /api/courses/ HTTP/1.1" 200 675
INFO 2026-04-24 11:16:29,536 basehttp "GET /api/enrollments/ HTTP/1.1" 200 803
INFO 2026-04-24 11:16:34,218 basehttp "GET /favicon.ico HTTP/1.1" 200 420
INFO 2026-04-24 11:16:34,233 basehttp "GET /api/walkins/ HTTP/1.1" 200 2702
INFO 2026-04-24 11:16:36,490 basehttp "GET /favicon.ico HTTP/1.1" 200 420
INFO 2026-04-24 11:16:36,503 basehttp "GET /api/courses/ HTTP/1.1" 200 675
INFO 2026-04-24 11:16:36,503 basehttp "GET /api/branches/ HTTP/1.1" 200 955
INFO 2026-04-24 11:16:36,507 basehttp "GET /api/enrollments/ HTTP/1.1" 200 803
INFO 2026-04-24 11:19:31,304 autoreload C:\Users\Welcome\Desktop\CRM\March 24\files\crm\models.py changed, reloading.
INFO 2026-04-24 11:19:33,242 autoreload Watching for file changes with StatReloader
INFO 2026-04-24 11:19:49,272 autoreload C:\Users\Welcome\Desktop\CRM\March 24\files\serializers.py changed, reloading.
INFO 2026-04-24 11:19:51,343 autoreload Watching for file changes with StatReloader
INFO 2026-04-24 11:19:53,697 autoreload C:\Users\Welcome\Desktop\CRM\March 24\files\views.py changed, reloading.
INFO 2026-04-24 11:19:55,594 autoreload Watching for file changes with StatReloader
INFO 2026-04-24 11:19:57,901 basehttp "GET /students HTTP/1.1" 200 420
INFO 2026-04-24 11:19:57,925 basehttp "GET /static/assets/index-860397df.js HTTP/1.1" 304 0
INFO 2026-04-24 11:19:57,926 basehttp "GET /static/assets/index-4ac43350.css HTTP/1.1" 304 0
INFO 2026-04-24 11:19:58,541 basehttp "GET /api/auth/me/ HTTP/1.1" 200 249
INFO 2026-04-24 11:19:58,541 basehttp "GET /favicon.ico HTTP/1.1" 200 420
INFO 2026-04-24 11:19:58,639 basehttp "GET /api/branches/ HTTP/1.1" 200 955
INFO 2026-04-24 11:19:58,641 basehttp "GET /api/courses/ HTTP/1.1" 200 675
ERROR 2026-04-24 11:19:59,429 log Internal Server Error: /api/enrollments/
Traceback (most recent call last):
  File "C:\Users\Welcome\Desktop\CRM\March 24\files\.venv\lib\site-packages\django\db\backends\utils.py", line 89, in _execute
    return self.cursor.execute(sql, params)
  File "C:\Users\Welcome\Desktop\CRM\March 24\files\.venv\lib\site-packages\django\db\backends\sqlite3\base.py", line 328, in execute
    return super().execute(query, params)
sqlite3.OperationalError: no such column: enrollments.location

The above exception was the direct cause of the following exception:

Traceback (most recent call last):
  File "C:\Users\Welcome\Desktop\CRM\March 24\files\.venv\lib\site-packages\django\core\handlers\exception.py", line 55, in inner
    response = get_response(request)
  File "C:\Users\Welcome\Desktop\CRM\March 24\files\.venv\lib\site-packages\django\core\handlers\base.py", line 197, in _get_response
    response = wrapped_callback(request, *callback_args, **callback_kwargs)
  File "C:\Users\Welcome\Desktop\CRM\March 24\files\.venv\lib\site-packages\django\views\decorators\csrf.py", line 56, in wrapper_view
    return view_func(*args, **kwargs)
  File "C:\Users\Welcome\Desktop\CRM\March 24\files\.venv\lib\site-packages\rest_framework\viewsets.py", line 125, in view
    return self.dispatch(request, *args, **kwargs)
  File "C:\Users\Welcome\Desktop\CRM\March 24\files\.venv\lib\site-packages\rest_framework\views.py", line 509, in dispatch
    response = self.handle_exception(exc)
  File "C:\Users\Welcome\Desktop\CRM\March 24\files\.venv\lib\site-packages\rest_framework\views.py", line 469, in handle_exception
    self.raise_uncaught_exception(exc)
  File "C:\Users\Welcome\Desktop\CRM\March 24\files\.venv\lib\site-packages\rest_framework\views.py", line 480, in raise_uncaught_exception
    raise exc
  File "C:\Users\Welcome\Desktop\CRM\March 24\files\.venv\lib\site-packages\rest_framework\views.py", line 506, in dispatch
    response = handler(request, *args, **kwargs)
  File "C:\Users\Welcome\Desktop\CRM\March 24\files\.venv\lib\site-packages\rest_framework\mixins.py", line 40, in list
    page = self.paginate_queryset(queryset)
  File "C:\Users\Welcome\Desktop\CRM\March 24\files\.venv\lib\site-packages\rest_framework\generics.py", line 171, in paginate_queryset
    return self.paginator.paginate_queryset(queryset, self.request, view=self)
  File "C:\Users\Welcome\Desktop\CRM\March 24\files\.venv\lib\site-packages\rest_framework\pagination.py", line 216, in paginate_queryset
    return list(self.page)
  File "C:\Users\Welcome\Desktop\CRM\March 24\files\.venv\lib\site-packages\django\core\paginator.py", line 174, in __len__
    return len(self.object_list)
  File "C:\Users\Welcome\Desktop\CRM\March 24\files\.venv\lib\site-packages\django\db\models\query.py", line 380, in __len__
    self._fetch_all()
  File "C:\Users\Welcome\Desktop\CRM\March 24\files\.venv\lib\site-packages\django\db\models\query.py", line 1881, in _fetch_all
    self._result_cache = list(self._iterable_class(self))
  File "C:\Users\Welcome\Desktop\CRM\March 24\files\.venv\lib\site-packages\django\db\models\query.py", line 91, in __iter__
    results = compiler.execute_sql(
  File "C:\Users\Welcome\Desktop\CRM\March 24\files\.venv\lib\site-packages\django\db\models\sql\compiler.py", line 1562, in execute_sql
    cursor.execute(sql, params)
  File "C:\Users\Welcome\Desktop\CRM\March 24\files\.venv\lib\site-packages\django\db\backends\utils.py", line 102, in execute
    return super().execute(sql, params)
  File "C:\Users\Welcome\Desktop\CRM\March 24\files\.venv\lib\site-packages\django\db\backends\utils.py", line 67, in execute
    return self._execute_with_wrappers(
  File "C:\Users\Welcome\Desktop\CRM\March 24\files\.venv\lib\site-packages\django\db\backends\utils.py", line 80, in _execute_with_wrappers
    return executor(sql, params, many, context)
  File "C:\Users\Welcome\Desktop\CRM\March 24\files\.venv\lib\site-packages\django\db\backends\utils.py", line 84, in _execute
    with self.db.wrap_database_errors:
  File "C:\Users\Welcome\Desktop\CRM\March 24\files\.venv\lib\site-packages\django\db\utils.py", line 91, in __exit__
    raise dj_exc_value.with_traceback(traceback) from exc_value
  File "C:\Users\Welcome\Desktop\CRM\March 24\files\.venv\lib\site-packages\django\db\backends\utils.py", line 89, in _execute
    return self.cursor.execute(sql, params)
  File "C:\Users\Welcome\Desktop\CRM\March 24\files\.venv\lib\site-packages\django\db\backends\sqlite3\base.py", line 328, in execute
    return super().execute(query, params)
django.db.utils.OperationalError: no such column: enrollments.location
ERROR 2026-04-24 11:19:59,435 basehttp "GET /api/enrollments/ HTTP/1.1" 500 206672
INFO 2026-04-24 11:20:02,093 basehttp "GET /favicon.ico HTTP/1.1" 200 420
INFO 2026-04-24 11:20:02,107 basehttp "GET /api/dashboard/summary/ HTTP/1.1" 200 277
INFO 2026-04-24 11:20:04,353 basehttp "GET /dashboard HTTP/1.1" 200 420
INFO 2026-04-24 11:20:04,406 basehttp "GET /api/auth/me/ HTTP/1.1" 200 249
INFO 2026-04-24 11:20:04,442 basehttp "GET /favicon.ico HTTP/1.1" 200 420
INFO 2026-04-24 11:20:04,443 basehttp "GET /api/dashboard/summary/ HTTP/1.1" 200 277
INFO 2026-04-24 11:21:48,006 autoreload C:\Users\Welcome\Desktop\CRM\March 24\files\crm\migrations\0004_enrollment_student_profile_fields.py changed, reloading.
INFO 2026-04-24 11:21:49,336 autoreload Watching for file changes with StatReloader
INFO 2026-04-24 12:26:23,726 basehttp "GET / HTTP/1.1" 200 420
INFO 2026-04-24 12:26:23,872 basehttp "GET /static/assets/index-95233319.js HTTP/1.1" 200 389781
INFO 2026-04-24 12:26:23,882 basehttp "GET /static/assets/index-428a8e23.css HTTP/1.1" 200 51061
INFO 2026-04-24 12:26:24,203 basehttp "GET /favicon.ico HTTP/1.1" 200 420
INFO 2026-04-24 12:26:24,221 basehttp "GET /api/auth/me/ HTTP/1.1" 200 249
INFO 2026-04-24 12:26:24,303 basehttp "GET /favicon.ico HTTP/1.1" 200 420
INFO 2026-04-24 12:26:42,516 basehttp "POST /api/auth/login/ HTTP/1.1" 200 866
INFO 2026-04-24 12:26:42,558 basehttp "GET /favicon.ico HTTP/1.1" 200 420
INFO 2026-04-24 12:26:42,574 basehttp "GET /api/dashboard/summary/ HTTP/1.1" 200 277
INFO 2026-04-24 12:26:49,790 basehttp "GET /api/courses/ HTTP/1.1" 200 675
INFO 2026-04-24 12:26:49,800 basehttp "GET /api/branches/ HTTP/1.1" 200 955
INFO 2026-04-24 12:26:49,835 basehttp "GET /favicon.ico HTTP/1.1" 200 420
INFO 2026-04-24 12:26:49,836 basehttp "GET /api/enrollments/ HTTP/1.1" 200 1408
INFO 2026-04-24 12:26:54,661 basehttp "GET /favicon.ico HTTP/1.1" 200 420
INFO 2026-04-24 12:26:54,689 basehttp "GET /api/enrollments/1/ HTTP/1.1" 200 1325
INFO 2026-04-24 12:27:03,418 basehttp "GET /favicon.ico HTTP/1.1" 200 420
INFO 2026-04-24 12:27:03,432 basehttp "GET /api/leads/ HTTP/1.1" 200 1514
INFO 2026-04-24 12:27:07,943 basehttp "GET /favicon.ico HTTP/1.1" 200 420
INFO 2026-04-24 12:27:07,944 basehttp "GET /api/courses/ HTTP/1.1" 200 675
INFO 2026-04-24 12:27:14,631 basehttp "GET /favicon.ico HTTP/1.1" 200 420
INFO 2026-04-24 12:27:14,645 basehttp "GET /api/walkins/ HTTP/1.1" 200 2702
INFO 2026-04-24 12:27:18,020 basehttp "GET /favicon.ico HTTP/1.1" 200 420
INFO 2026-04-24 12:27:18,030 basehttp "GET /api/courses/ HTTP/1.1" 200 675
INFO 2026-04-24 12:27:18,053 basehttp "GET /api/walkins/6/ HTTP/1.1" 200 705
INFO 2026-04-24 12:27:25,252 basehttp "GET /favicon.ico HTTP/1.1" 200 420
INFO 2026-04-24 12:27:25,275 basehttp "GET /api/walkins/ HTTP/1.1" 200 2702
INFO 2026-04-24 12:27:27,445 basehttp "GET /public/walk-in HTTP/1.1" 200 420
INFO 2026-04-24 12:27:27,488 basehttp "GET /static/assets/index-95233319.js HTTP/1.1" 304 0
INFO 2026-04-24 12:27:27,489 basehttp "GET /static/assets/index-428a8e23.css HTTP/1.1" 304 0
INFO 2026-04-24 12:27:27,857 basehttp "GET /api/auth/me/ HTTP/1.1" 200 249
INFO 2026-04-24 12:27:27,897 basehttp "GET /favicon.ico HTTP/1.1" 200 420
INFO 2026-04-24 12:27:27,902 basehttp "GET /api/public/walkin/ HTTP/1.1" 200 657
INFO 2026-04-24 12:27:32,548 basehttp "GET /favicon.ico HTTP/1.1" 200 420
INFO 2026-04-24 12:27:32,563 basehttp "GET /api/walkins/6/ HTTP/1.1" 200 705
INFO 2026-04-24 12:27:32,571 basehttp "GET /api/courses/ HTTP/1.1" 200 675
INFO 2026-04-24 12:27:35,136 basehttp "GET /favicon.ico HTTP/1.1" 200 420
INFO 2026-04-24 12:27:35,147 basehttp "GET /api/branches/ HTTP/1.1" 200 955
INFO 2026-04-24 12:27:35,159 basehttp "GET /api/enrollments/ HTTP/1.1" 200 1408
INFO 2026-04-24 12:27:35,175 basehttp "GET /api/courses/ HTTP/1.1" 200 675
INFO 2026-04-24 12:27:56,236 basehttp "GET /favicon.ico HTTP/1.1" 200 420
INFO 2026-04-24 12:27:56,289 basehttp "POST /api/auth/logout/ HTTP/1.1" 200 37
WARNING 2026-04-24 12:28:06,518 log Unauthorized: /api/auth/login/
WARNING 2026-04-24 12:28:06,519 basehttp "POST /api/auth/login/ HTTP/1.1" 401 63
INFO 2026-04-24 12:28:06,531 basehttp "GET /login HTTP/1.1" 200 420
INFO 2026-04-24 12:28:06,566 basehttp "GET /static/assets/index-95233319.js HTTP/1.1" 304 0
INFO 2026-04-24 12:28:06,566 basehttp "GET /static/assets/index-428a8e23.css HTTP/1.1" 304 0
INFO 2026-04-24 12:28:06,926 basehttp "GET /favicon.ico HTTP/1.1" 200 420
INFO 2026-04-24 12:28:18,345 basehttp "POST /api/auth/login/ HTTP/1.1" 200 858
INFO 2026-04-24 12:28:18,364 basehttp "GET /favicon.ico HTTP/1.1" 200 420
INFO 2026-04-24 12:28:18,392 basehttp "GET /api/dashboard/summary/ HTTP/1.1" 200 275
INFO 2026-04-24 12:28:20,749 basehttp "GET /favicon.ico HTTP/1.1" 200 420
INFO 2026-04-24 12:28:20,759 basehttp "GET /api/branches/ HTTP/1.1" 200 955
INFO 2026-04-24 12:28:20,785 basehttp "GET /api/enrollments/ HTTP/1.1" 200 512
INFO 2026-04-24 12:28:20,785 basehttp "GET /api/courses/ HTTP/1.1" 200 675
INFO 2026-04-24 12:32:20,194 basehttp "GET /students HTTP/1.1" 200 420
INFO 2026-04-24 12:32:20,212 basehttp "GET /static/assets/index-95233319.js HTTP/1.1" 304 0
INFO 2026-04-24 12:32:20,215 basehttp "GET /static/assets/index-428a8e23.css HTTP/1.1" 304 0
INFO 2026-04-24 12:32:20,239 basehttp "GET /api/auth/me/ HTTP/1.1" 200 271
INFO 2026-04-24 12:32:20,293 basehttp "GET /favicon.ico HTTP/1.1" 200 420
INFO 2026-04-24 12:32:20,302 basehttp "GET /api/branches/ HTTP/1.1" 200 955
INFO 2026-04-24 12:32:20,309 basehttp "GET /api/courses/ HTTP/1.1" 200 675
INFO 2026-04-24 12:32:20,315 basehttp "GET /api/enrollments/ HTTP/1.1" 200 512
INFO 2026-04-24 13:12:10,806 basehttp "GET /students HTTP/1.1" 200 420
INFO 2026-04-24 13:12:10,877 basehttp "GET /static/assets/index-8ec3fd5b.css HTTP/1.1" 200 51057
INFO 2026-04-24 13:12:10,980 basehttp "GET /static/assets/index-3f7ad3f9.js HTTP/1.1" 200 390301
INFO 2026-04-24 13:12:11,361 basehttp "GET /favicon.ico HTTP/1.1" 200 420
INFO 2026-04-24 13:12:11,369 basehttp "GET /api/auth/me/ HTTP/1.1" 200 271
INFO 2026-04-24 13:12:11,472 basehttp "GET /api/branches/ HTTP/1.1" 200 955
INFO 2026-04-24 13:12:11,483 basehttp "GET /api/courses/ HTTP/1.1" 200 675
INFO 2026-04-24 13:12:11,547 basehttp "GET /api/enrollments/ HTTP/1.1" 200 512
INFO 2026-04-24 13:51:32,335 basehttp "GET /students HTTP/1.1" 200 420
INFO 2026-04-24 13:51:32,383 basehttp "GET /static/assets/index-8ec3fd5b.css HTTP/1.1" 304 0
INFO 2026-04-24 13:51:32,384 basehttp "GET /static/assets/index-3f7ad3f9.js HTTP/1.1" 304 0
INFO 2026-04-24 13:51:32,706 basehttp "GET /api/auth/me/ HTTP/1.1" 200 271
INFO 2026-04-24 13:51:32,746 basehttp "GET /favicon.ico HTTP/1.1" 200 420
INFO 2026-04-24 13:51:32,756 basehttp "GET /api/branches/ HTTP/1.1" 200 955
INFO 2026-04-24 13:51:32,776 basehttp "GET /api/courses/ HTTP/1.1" 200 675
INFO 2026-04-24 13:51:32,787 basehttp "GET /api/enrollments/ HTTP/1.1" 200 512
INFO 2026-04-24 13:55:24,744 basehttp "GET /students HTTP/1.1" 200 420
INFO 2026-04-24 13:55:24,783 basehttp "GET /static/assets/index-2e7137a8.css HTTP/1.1" 200 51077
INFO 2026-04-24 13:55:24,866 basehttp "GET /static/assets/index-e708a5b0.js HTTP/1.1" 200 390529
INFO 2026-04-24 13:55:25,604 basehttp "GET /api/auth/me/ HTTP/1.1" 200 271
INFO 2026-04-24 13:55:25,699 basehttp "GET /api/branches/ HTTP/1.1" 200 955
INFO 2026-04-24 13:55:25,705 basehttp "GET /favicon.ico HTTP/1.1" 200 420
INFO 2026-04-24 13:55:25,708 basehttp "GET /api/courses/ HTTP/1.1" 200 675
INFO 2026-04-24 13:55:25,714 basehttp "GET /api/enrollments/ HTTP/1.1" 200 512
INFO 2026-04-24 13:57:01,508 basehttp "GET /students HTTP/1.1" 200 420
INFO 2026-04-24 13:57:01,551 basehttp "GET /static/assets/index-e708a5b0.js HTTP/1.1" 304 0
INFO 2026-04-24 13:57:01,559 basehttp "GET /static/assets/index-2e7137a8.css HTTP/1.1" 304 0
INFO 2026-04-24 13:57:01,635 basehttp "GET /api/auth/me/ HTTP/1.1" 200 271
INFO 2026-04-24 13:57:01,814 basehttp "GET /api/branches/ HTTP/1.1" 200 955
INFO 2026-04-24 13:57:01,818 basehttp "GET /api/courses/ HTTP/1.1" 200 675
INFO 2026-04-24 13:57:01,838 basehttp "GET /api/enrollments/ HTTP/1.1" 200 512
INFO 2026-04-24 13:57:01,843 basehttp "GET /favicon.ico HTTP/1.1" 200 420
INFO 2026-04-24 13:57:07,644 basehttp "GET /favicon.ico HTTP/1.1" 200 420
INFO 2026-04-24 13:57:07,671 basehttp "GET /api/branches/ HTTP/1.1" 200 955
INFO 2026-04-24 13:57:07,692 basehttp "GET /api/courses/ HTTP/1.1" 200 675
INFO 2026-04-24 13:57:07,707 basehttp "GET /api/enrollments/ HTTP/1.1" 200 512
INFO 2026-04-24 13:57:12,626 basehttp "GET /favicon.ico HTTP/1.1" 200 420
INFO 2026-04-24 13:57:12,665 basehttp "GET /api/dashboard/summary/ HTTP/1.1" 200 275
INFO 2026-04-24 13:57:18,062 basehttp "GET /favicon.ico HTTP/1.1" 200 420
INFO 2026-04-24 13:57:18,172 basehttp "GET /api/leads/?status=follow_up&walkin_date_from=2026-04-24&walkin_date_to=2026-04-24 HTTP/1.1" 200 52
INFO 2026-04-24 13:57:19,464 basehttp "GET /favicon.ico HTTP/1.1" 200 420
INFO 2026-04-24 13:57:19,496 basehttp "GET /api/dashboard/summary/ HTTP/1.1" 200 275
INFO 2026-04-24 14:07:42,289 basehttp "GET /dashboard HTTP/1.1" 200 420
INFO 2026-04-24 14:07:42,401 basehttp "GET /static/assets/index-b0010e8a.css HTTP/1.1" 200 49558
INFO 2026-04-24 14:07:42,506 basehttp "GET /static/assets/index-195c8ae1.js HTTP/1.1" 200 388879
INFO 2026-04-24 14:07:42,840 basehttp "GET /api/auth/me/ HTTP/1.1" 200 271
INFO 2026-04-24 14:07:42,872 basehttp "GET /favicon.ico HTTP/1.1" 200 420
INFO 2026-04-24 14:07:42,897 basehttp "GET /api/dashboard/summary/ HTTP/1.1" 200 275
INFO 2026-04-24 14:08:22,916 basehttp "GET /favicon.ico HTTP/1.1" 200 420
INFO 2026-04-24 14:08:22,981 basehttp "GET /api/leads/ HTTP/1.1" 200 646
INFO 2026-04-24 14:08:24,344 basehttp "GET /favicon.ico HTTP/1.1" 200 420
INFO 2026-04-24 14:08:24,361 basehttp "GET /api/leads/3/ HTTP/1.1" 200 411
INFO 2026-04-24 14:09:25,557 basehttp "GET /favicon.ico HTTP/1.1" 200 420
INFO 2026-04-24 14:09:25,561 basehttp "GET /api/leads/ HTTP/1.1" 200 646
INFO 2026-04-24 14:09:30,736 basehttp "GET /favicon.ico HTTP/1.1" 200 420
INFO 2026-04-24 14:09:30,744 basehttp "GET /api/courses/ HTTP/1.1" 200 675
INFO 2026-04-24 14:10:09,189 basehttp "POST /api/leads/ HTTP/1.1" 201 470
INFO 2026-04-24 14:10:09,205 basehttp "GET /favicon.ico HTTP/1.1" 200 420
INFO 2026-04-24 14:10:09,215 basehttp "GET /api/leads/6/ HTTP/1.1" 200 470
INFO 2026-04-24 15:27:59,534 basehttp "GET /leads/6 HTTP/1.1" 200 420
INFO 2026-04-24 15:27:59,563 basehttp "GET /static/assets/index-18d3c4c8.css HTTP/1.1" 200 50678
INFO 2026-04-24 15:27:59,636 basehttp "GET /static/assets/index-caeb3051.js HTTP/1.1" 200 390126
INFO 2026-04-24 15:27:59,957 basehttp "GET /api/auth/me/ HTTP/1.1" 200 271
INFO 2026-04-24 15:27:59,962 basehttp "GET /favicon.ico HTTP/1.1" 200 420
INFO 2026-04-24 15:27:59,987 basehttp "GET /api/leads/6/ HTTP/1.1" 200 470
INFO 2026-04-24 15:40:19,548 basehttp "PATCH /api/leads/6/ HTTP/1.1" 200 98
INFO 2026-04-24 15:40:21,633 basehttp "PATCH /api/leads/6/ HTTP/1.1" 200 98
INFO 2026-04-24 15:40:23,550 basehttp "GET /favicon.ico HTTP/1.1" 200 420
INFO 2026-04-24 15:40:23,580 basehttp "GET /api/dashboard/summary/ HTTP/1.1" 200 275
INFO 2026-04-24 15:40:27,438 basehttp "GET /dashboard HTTP/1.1" 200 420
INFO 2026-04-24 15:40:27,461 basehttp "GET /static/assets/index-caeb3051.js HTTP/1.1" 304 0
INFO 2026-04-24 15:40:27,463 basehttp "GET /static/assets/index-18d3c4c8.css HTTP/1.1" 304 0
INFO 2026-04-24 15:40:27,822 basehttp "GET /api/auth/me/ HTTP/1.1" 200 271
INFO 2026-04-24 15:40:27,852 basehttp "GET /favicon.ico HTTP/1.1" 200 420
INFO 2026-04-24 15:40:27,871 basehttp "GET /api/dashboard/summary/ HTTP/1.1" 200 275
INFO 2026-04-24 15:40:39,881 basehttp "GET /dashboard HTTP/1.1" 200 420
INFO 2026-04-24 15:40:39,940 basehttp "GET /api/auth/me/ HTTP/1.1" 200 271
INFO 2026-04-24 15:40:39,999 basehttp "GET /api/dashboard/summary/ HTTP/1.1" 200 275
INFO 2026-04-24 15:40:40,008 basehttp "GET /favicon.ico HTTP/1.1" 200 420
INFO 2026-04-24 15:40:43,013 basehttp "GET /favicon.ico HTTP/1.1" 200 420
INFO 2026-04-24 15:40:43,028 basehttp "GET /api/leads/?status=follow_up&walkin_date_from=2026-04-24&walkin_date_to=2026-04-24 HTTP/1.1" 200 52
INFO 2026-04-24 15:40:47,458 basehttp "GET /favicon.ico HTTP/1.1" 200 420
INFO 2026-04-24 15:40:47,483 basehttp "GET /api/dashboard/summary/ HTTP/1.1" 200 275
INFO 2026-04-24 15:40:50,440 basehttp "GET /favicon.ico HTTP/1.1" 200 420
INFO 2026-04-24 15:40:50,466 basehttp "GET /api/walkins/ HTTP/1.1" 200 1074
INFO 2026-04-24 15:40:51,710 basehttp "GET /favicon.ico HTTP/1.1" 200 420
INFO 2026-04-24 15:40:51,724 basehttp "GET /api/leads/ HTTP/1.1" 200 935
INFO 2026-04-24 15:40:53,180 basehttp "GET /api/leads/6/ HTTP/1.1" 200 481
INFO 2026-04-24 15:40:53,181 basehttp "GET /favicon.ico HTTP/1.1" 200 420
INFO 2026-04-24 15:40:59,539 basehttp "PATCH /api/leads/6/ HTTP/1.1" 200 98
INFO 2026-04-24 15:41:02,017 basehttp "GET /favicon.ico HTTP/1.1" 200 420
INFO 2026-04-24 15:41:02,039 basehttp "GET /api/leads/ HTTP/1.1" 200 935
INFO 2026-04-24 15:41:04,007 basehttp "GET /favicon.ico HTTP/1.1" 200 420
INFO 2026-04-24 15:41:04,033 basehttp "GET /api/dashboard/summary/ HTTP/1.1" 200 275
INFO 2026-04-24 15:41:05,167 basehttp "GET /dashboard HTTP/1.1" 200 420
INFO 2026-04-24 15:41:05,239 basehttp "GET /api/auth/me/ HTTP/1.1" 200 271
INFO 2026-04-24 15:41:05,317 basehttp "GET /favicon.ico HTTP/1.1" 200 420
INFO 2026-04-24 15:41:05,318 basehttp "GET /api/dashboard/summary/ HTTP/1.1" 200 275
INFO 2026-04-24 15:41:06,101 basehttp "GET /dashboard HTTP/1.1" 200 420
INFO 2026-04-24 15:41:06,162 basehttp "GET /api/auth/me/ HTTP/1.1" 200 271
INFO 2026-04-24 15:41:06,210 basehttp "GET /favicon.ico HTTP/1.1" 200 420
INFO 2026-04-24 15:41:06,217 basehttp "GET /api/dashboard/summary/ HTTP/1.1" 200 275
INFO 2026-04-24 15:41:06,272 basehttp "GET /dashboard HTTP/1.1" 200 420
INFO 2026-04-24 15:41:06,332 basehttp "GET /api/auth/me/ HTTP/1.1" 200 271
INFO 2026-04-24 15:41:06,369 basehttp "GET /favicon.ico HTTP/1.1" 200 420
INFO 2026-04-24 15:41:06,390 basehttp "GET /api/dashboard/summary/ HTTP/1.1" 200 275
INFO 2026-04-24 15:41:06,430 basehttp "GET /dashboard HTTP/1.1" 200 420
INFO 2026-04-24 15:41:06,492 basehttp "GET /api/auth/me/ HTTP/1.1" 200 271
INFO 2026-04-24 15:41:06,531 basehttp "GET /favicon.ico HTTP/1.1" 200 420
INFO 2026-04-24 15:41:06,548 basehttp "GET /api/dashboard/summary/ HTTP/1.1" 200 275
INFO 2026-04-24 15:41:06,588 basehttp "GET /dashboard HTTP/1.1" 200 420
INFO 2026-04-24 15:41:06,661 basehttp "GET /api/auth/me/ HTTP/1.1" 200 271
INFO 2026-04-24 15:41:06,696 basehttp "GET /favicon.ico HTTP/1.1" 200 420
INFO 2026-04-24 15:41:06,714 basehttp "GET /api/dashboard/summary/ HTTP/1.1" 200 275
INFO 2026-04-24 15:41:06,761 basehttp "GET /dashboard HTTP/1.1" 200 420
INFO 2026-04-24 15:41:06,839 basehttp "GET /api/auth/me/ HTTP/1.1" 200 271
INFO 2026-04-24 15:41:06,878 basehttp "GET /favicon.ico HTTP/1.1" 200 420
INFO 2026-04-24 15:41:06,913 basehttp "GET /api/dashboard/summary/ HTTP/1.1" 200 275
INFO 2026-04-24 15:41:06,990 basehttp "GET /dashboard HTTP/1.1" 200 420
INFO 2026-04-24 15:41:07,043 basehttp "GET /api/auth/me/ HTTP/1.1" 200 271
INFO 2026-04-24 15:41:07,078 basehttp "GET /favicon.ico HTTP/1.1" 200 420
INFO 2026-04-24 15:41:07,096 basehttp "GET /api/dashboard/summary/ HTTP/1.1" 200 275
INFO 2026-04-24 15:41:09,680 basehttp "GET /favicon.ico HTTP/1.1" 200 420
INFO 2026-04-24 15:41:09,694 basehttp "GET /api/walkins/ HTTP/1.1" 200 1074
INFO 2026-04-24 15:41:12,730 basehttp "GET /favicon.ico HTTP/1.1" 200 420
INFO 2026-04-24 15:41:12,752 basehttp "GET /api/leads/ HTTP/1.1" 200 935
INFO 2026-04-24 15:41:14,269 basehttp "GET /favicon.ico HTTP/1.1" 200 420
INFO 2026-04-24 15:41:14,285 basehttp "GET /api/leads/6/ HTTP/1.1" 200 481
INFO 2026-04-24 15:41:30,312 basehttp "GET /favicon.ico HTTP/1.1" 200 420
INFO 2026-04-24 15:41:30,332 basehttp "GET /api/dashboard/summary/ HTTP/1.1" 200 275
INFO 2026-04-24 15:44:41,319 autoreload C:\Users\Welcome\Desktop\CRM\March 24\files\crm\models.py changed, reloading.
INFO 2026-04-24 15:44:48,314 autoreload Watching for file changes with StatReloader
INFO 2026-04-24 15:45:01,772 autoreload C:\Users\Welcome\Desktop\CRM\March 24\files\crm\migrations\0007_lead_next_follow_up_date.py changed, reloading.
INFO 2026-04-24 15:45:03,538 autoreload Watching for file changes with StatReloader
INFO 2026-04-24 15:45:06,436 autoreload C:\Users\Welcome\Desktop\CRM\March 24\files\serializers.py changed, reloading.
INFO 2026-04-24 15:45:08,095 autoreload Watching for file changes with StatReloader
INFO 2026-04-24 15:45:19,812 autoreload C:\Users\Welcome\Desktop\CRM\March 24\files\views.py changed, reloading.
INFO 2026-04-24 15:45:21,556 autoreload Watching for file changes with StatReloader
INFO 2026-04-24 15:46:58,408 basehttp "GET / HTTP/1.1" 200 420
INFO 2026-04-24 15:46:58,860 basehttp "GET /static/assets/index-1ea90106.js HTTP/1.1" 200 389969
INFO 2026-04-24 15:46:59,533 basehttp "GET /favicon.ico HTTP/1.1" 200 420
INFO 2026-04-24 15:46:59,545 basehttp "GET /api/auth/me/ HTTP/1.1" 200 271
INFO 2026-04-24 15:46:59,713 basehttp "GET /favicon.ico HTTP/1.1" 200 420
INFO 2026-04-24 15:47:09,866 basehttp "POST /api/auth/login/ HTTP/1.1" 200 858
INFO 2026-04-24 15:47:14,655 basehttp "POST /api/auth/login/ HTTP/1.1" 200 858
INFO 2026-04-24 15:47:14,711 basehttp "GET /favicon.ico HTTP/1.1" 200 420
INFO 2026-04-24 15:47:14,749 basehttp "GET /api/dashboard/summary/ HTTP/1.1" 200 275
INFO 2026-04-24 15:47:27,199 basehttp "GET /favicon.ico HTTP/1.1" 200 420
INFO 2026-04-24 15:47:27,250 basehttp "GET /api/walkins/?status=follow_up&visit_date_from=2026-04-24&visit_date_to=2026-04-24 HTTP/1.1" 200 52
INFO 2026-04-24 15:47:31,133 basehttp "GET /favicon.ico HTTP/1.1" 200 420
INFO 2026-04-24 15:47:31,170 basehttp "GET /api/leads/ HTTP/1.1" 200 1024
INFO 2026-04-24 15:47:32,390 basehttp "GET /favicon.ico HTTP/1.1" 200 420
INFO 2026-04-24 15:47:32,407 basehttp "GET /api/walkins/ HTTP/1.1" 200 1074
INFO 2026-04-24 15:47:35,129 basehttp "GET /api/walkins/6/ HTTP/1.1" 200 705
INFO 2026-04-24 15:47:35,132 basehttp "GET /api/courses/ HTTP/1.1" 200 675
INFO 2026-04-24 15:47:35,140 basehttp "GET /favicon.ico HTTP/1.1" 200 420
INFO 2026-04-24 15:48:31,869 basehttp "GET /favicon.ico HTTP/1.1" 200 420
INFO 2026-04-24 15:48:31,894 basehttp "GET /api/walkins/ HTTP/1.1" 200 1074
INFO 2026-04-24 15:48:35,401 basehttp "GET /public/walk-in HTTP/1.1" 200 420
INFO 2026-04-24 15:48:35,467 basehttp "GET /static/assets/index-1ea90106.js HTTP/1.1" 304 0
INFO 2026-04-24 15:48:35,924 basehttp "GET /api/auth/me/ HTTP/1.1" 200 271
INFO 2026-04-24 15:48:35,963 basehttp "GET /favicon.ico HTTP/1.1" 200 420
INFO 2026-04-24 15:48:35,968 basehttp "GET /api/public/walkin/ HTTP/1.1" 200 657
INFO 2026-04-24 15:48:42,874 basehttp "GET /api/branches/ HTTP/1.1" 200 955
INFO 2026-04-24 15:48:42,875 basehttp "GET /favicon.ico HTTP/1.1" 200 420
INFO 2026-04-24 15:48:42,875 basehttp "GET /api/courses/ HTTP/1.1" 200 675
INFO 2026-04-24 15:48:55,223 basehttp "GET /favicon.ico HTTP/1.1" 200 420
INFO 2026-04-24 15:48:55,248 basehttp "GET /api/walkins/ HTTP/1.1" 200 1074
INFO 2026-04-24 15:49:08,787 basehttp "GET /public/walk-in HTTP/1.1" 200 420
INFO 2026-04-24 15:49:08,855 basehttp "GET /static/assets/index-1ea90106.js HTTP/1.1" 304 0
INFO 2026-04-24 15:49:09,302 basehttp "GET /api/auth/me/ HTTP/1.1" 200 271
INFO 2026-04-24 15:49:09,306 basehttp "GET /api/public/walkin/ HTTP/1.1" 200 657
INFO 2026-04-24 15:49:09,329 basehttp "GET /favicon.ico HTTP/1.1" 200 420
INFO 2026-04-24 16:34:30,515 autoreload C:\Users\Welcome\Desktop\CRM\March 24\files\crm\models.py changed, reloading.
INFO 2026-04-24 16:34:32,510 autoreload Watching for file changes with StatReloader
INFO 2026-04-24 16:34:49,332 autoreload C:\Users\Welcome\Desktop\CRM\March 24\files\serializers.py changed, reloading.
INFO 2026-04-24 16:34:50,885 autoreload Watching for file changes with StatReloader
INFO 2026-04-24 16:34:54,271 autoreload C:\Users\Welcome\Desktop\CRM\March 24\files\views.py changed, reloading.
INFO 2026-04-24 16:34:56,394 autoreload Watching for file changes with StatReloader
INFO 2026-04-24 16:35:51,136 basehttp "GET / HTTP/1.1" 200 420
INFO 2026-04-24 16:35:51,328 basehttp "GET /static/assets/index-18d3c4c8.css HTTP/1.1" 200 50678
INFO 2026-04-24 16:35:51,547 basehttp "GET /static/assets/index-5d8b6261.js HTTP/1.1" 200 391025
INFO 2026-04-24 16:35:52,216 basehttp "GET /favicon.ico HTTP/1.1" 200 420
INFO 2026-04-24 16:35:52,242 basehttp "GET /api/auth/me/ HTTP/1.1" 200 271
INFO 2026-04-24 16:35:52,502 basehttp "GET /favicon.ico HTTP/1.1" 200 420
WARNING 2026-04-24 16:36:05,702 log Unauthorized: /api/auth/login/
WARNING 2026-04-24 16:36:05,703 basehttp "POST /api/auth/login/ HTTP/1.1" 401 63
INFO 2026-04-24 16:36:05,720 basehttp "POST /api/auth/token/refresh/ HTTP/1.1" 200 705
WARNING 2026-04-24 16:36:06,027 log Unauthorized: /api/auth/login/
WARNING 2026-04-24 16:36:06,029 basehttp "POST /api/auth/login/ HTTP/1.1" 401 63
INFO 2026-04-24 16:36:09,623 basehttp "POST /api/auth/login/ HTTP/1.1" 200 858
INFO 2026-04-24 16:36:09,663 basehttp "GET /favicon.ico HTTP/1.1" 200 420
INFO 2026-04-24 16:36:09,685 basehttp "GET /api/dashboard/summary/ HTTP/1.1" 200 275
INFO 2026-04-24 16:36:18,762 basehttp "GET /public/walk-in HTTP/1.1" 200 420
INFO 2026-04-24 16:36:18,803 basehttp "GET /static/assets/index-5d8b6261.js HTTP/1.1" 304 0
INFO 2026-04-24 16:36:18,804 basehttp "GET /static/assets/index-18d3c4c8.css HTTP/1.1" 304 0
INFO 2026-04-24 16:36:19,153 basehttp "GET /api/public/walkin/ HTTP/1.1" 200 887
INFO 2026-04-24 16:36:19,153 basehttp "GET /api/auth/me/ HTTP/1.1" 200 271
INFO 2026-04-24 16:36:19,171 basehttp "GET /favicon.ico HTTP/1.1" 200 420
INFO 2026-04-24 16:39:22,808 basehttp "POST /api/public/walkin/ HTTP/1.1" 201 87
INFO 2026-04-24 16:39:36,907 basehttp "GET /dashboard HTTP/1.1" 200 420
INFO 2026-04-24 16:39:36,927 basehttp "GET /static/assets/index-5d8b6261.js HTTP/1.1" 304 0
INFO 2026-04-24 16:39:36,928 basehttp "GET /static/assets/index-18d3c4c8.css HTTP/1.1" 304 0
INFO 2026-04-24 16:39:37,207 basehttp "GET /api/auth/me/ HTTP/1.1" 200 271
INFO 2026-04-24 16:39:37,229 basehttp "GET /favicon.ico HTTP/1.1" 200 420
INFO 2026-04-24 16:39:37,250 basehttp "GET /api/dashboard/summary/ HTTP/1.1" 200 275
INFO 2026-04-24 16:39:44,895 basehttp "GET /favicon.ico HTTP/1.1" 200 420
INFO 2026-04-24 16:39:44,904 basehttp "GET /api/walkins/ HTTP/1.1" 200 1649
INFO 2026-04-24 16:39:46,532 basehttp "GET /favicon.ico HTTP/1.1" 200 420
INFO 2026-04-24 16:39:46,549 basehttp "GET /api/walkins/9/ HTTP/1.1" 200 803
INFO 2026-04-24 16:39:46,549 basehttp "GET /api/courses/ HTTP/1.1" 200 675
INFO 2026-04-24 16:51:41,676 autoreload C:\Users\Welcome\Desktop\CRM\March 24\files\crm\models.py changed, reloading.
INFO 2026-04-24 16:51:43,584 autoreload Watching for file changes with StatReloader
INFO 2026-04-24 16:51:51,154 basehttp "GET /walkins/9 HTTP/1.1" 200 420
INFO 2026-04-24 16:51:51,176 basehttp "GET /static/assets/index-5d8b6261.js HTTP/1.1" 304 0
INFO 2026-04-24 16:51:51,180 basehttp "GET /static/assets/index-18d3c4c8.css HTTP/1.1" 304 0
INFO 2026-04-24 16:51:51,691 basehttp "GET /favicon.ico HTTP/1.1" 200 420
INFO 2026-04-24 16:51:51,704 basehttp "GET /api/auth/me/ HTTP/1.1" 200 271
INFO 2026-04-24 16:51:51,803 basehttp "GET /api/courses/ HTTP/1.1" 200 675
ERROR 2026-04-24 16:51:52,515 log Internal Server Error: /api/walkins/9/
Traceback (most recent call last):
  File "C:\Users\Welcome\Desktop\CRM\March 24\files\.venv\lib\site-packages\django\db\backends\utils.py", line 89, in _execute
    return self.cursor.execute(sql, params)
  File "C:\Users\Welcome\Desktop\CRM\March 24\files\.venv\lib\site-packages\django\db\backends\sqlite3\base.py", line 328, in execute
    return super().execute(query, params)
sqlite3.OperationalError: no such column: walkins.follow_up_date

The above exception was the direct cause of the following exception:

Traceback (most recent call last):
  File "C:\Users\Welcome\Desktop\CRM\March 24\files\.venv\lib\site-packages\django\core\handlers\exception.py", line 55, in inner
    response = get_response(request)
  File "C:\Users\Welcome\Desktop\CRM\March 24\files\.venv\lib\site-packages\django\core\handlers\base.py", line 197, in _get_response
    response = wrapped_callback(request, *callback_args, **callback_kwargs)
  File "C:\Users\Welcome\Desktop\CRM\March 24\files\.venv\lib\site-packages\django\views\decorators\csrf.py", line 56, in wrapper_view
    return view_func(*args, **kwargs)
  File "C:\Users\Welcome\Desktop\CRM\March 24\files\.venv\lib\site-packages\rest_framework\viewsets.py", line 125, in view
    return self.dispatch(request, *args, **kwargs)
  File "C:\Users\Welcome\Desktop\CRM\March 24\files\.venv\lib\site-packages\rest_framework\views.py", line 509, in dispatch
    response = self.handle_exception(exc)
  File "C:\Users\Welcome\Desktop\CRM\March 24\files\.venv\lib\site-packages\rest_framework\views.py", line 469, in handle_exception
    self.raise_uncaught_exception(exc)
  File "C:\Users\Welcome\Desktop\CRM\March 24\files\.venv\lib\site-packages\rest_framework\views.py", line 480, in raise_uncaught_exception
    raise exc
  File "C:\Users\Welcome\Desktop\CRM\March 24\files\.venv\lib\site-packages\rest_framework\views.py", line 506, in dispatch
    response = handler(request, *args, **kwargs)
  File "C:\Users\Welcome\Desktop\CRM\March 24\files\.venv\lib\site-packages\rest_framework\mixins.py", line 54, in retrieve
    instance = self.get_object()
  File "C:\Users\Welcome\Desktop\CRM\March 24\files\.venv\lib\site-packages\rest_framework\generics.py", line 96, in get_object
    obj = get_object_or_404(queryset, **filter_kwargs)
  File "C:\Users\Welcome\Desktop\CRM\March 24\files\.venv\lib\site-packages\rest_framework\generics.py", line 19, in get_object_or_404
    return _get_object_or_404(queryset, *filter_args, **filter_kwargs)
  File "C:\Users\Welcome\Desktop\CRM\March 24\files\.venv\lib\site-packages\django\shortcuts.py", line 85, in get_object_or_404
    return queryset.get(*args, **kwargs)
  File "C:\Users\Welcome\Desktop\CRM\March 24\files\.venv\lib\site-packages\django\db\models\query.py", line 633, in get
    num = len(clone)
  File "C:\Users\Welcome\Desktop\CRM\March 24\files\.venv\lib\site-packages\django\db\models\query.py", line 380, in __len__
    self._fetch_all()
  File "C:\Users\Welcome\Desktop\CRM\March 24\files\.venv\lib\site-packages\django\db\models\query.py", line 1881, in _fetch_all
    self._result_cache = list(self._iterable_class(self))
  File "C:\Users\Welcome\Desktop\CRM\March 24\files\.venv\lib\site-packages\django\db\models\query.py", line 91, in __iter__
    results = compiler.execute_sql(
  File "C:\Users\Welcome\Desktop\CRM\March 24\files\.venv\lib\site-packages\django\db\models\sql\compiler.py", line 1562, in execute_sql
    cursor.execute(sql, params)
  File "C:\Users\Welcome\Desktop\CRM\March 24\files\.venv\lib\site-packages\django\db\backends\utils.py", line 102, in execute
    return super().execute(sql, params)
  File "C:\Users\Welcome\Desktop\CRM\March 24\files\.venv\lib\site-packages\django\db\backends\utils.py", line 67, in execute
    return self._execute_with_wrappers(
  File "C:\Users\Welcome\Desktop\CRM\March 24\files\.venv\lib\site-packages\django\db\backends\utils.py", line 80, in _execute_with_wrappers
    return executor(sql, params, many, context)
  File "C:\Users\Welcome\Desktop\CRM\March 24\files\.venv\lib\site-packages\django\db\backends\utils.py", line 84, in _execute
    with self.db.wrap_database_errors:
  File "C:\Users\Welcome\Desktop\CRM\March 24\files\.venv\lib\site-packages\django\db\utils.py", line 91, in __exit__
    raise dj_exc_value.with_traceback(traceback) from exc_value
  File "C:\Users\Welcome\Desktop\CRM\March 24\files\.venv\lib\site-packages\django\db\backends\utils.py", line 89, in _execute
    return self.cursor.execute(sql, params)
  File "C:\Users\Welcome\Desktop\CRM\March 24\files\.venv\lib\site-packages\django\db\backends\sqlite3\base.py", line 328, in execute
    return super().execute(query, params)
django.db.utils.OperationalError: no such column: walkins.follow_up_date
ERROR 2026-04-24 16:51:52,524 basehttp "GET /api/walkins/9/ HTTP/1.1" 500 218084
INFO 2026-04-24 16:51:56,461 basehttp "GET /favicon.ico HTTP/1.1" 200 420
ERROR 2026-04-24 16:51:56,555 log Internal Server Error: /api/walkins/
Traceback (most recent call last):
  File "C:\Users\Welcome\Desktop\CRM\March 24\files\.venv\lib\site-packages\django\db\backends\utils.py", line 89, in _execute
    return self.cursor.execute(sql, params)
  File "C:\Users\Welcome\Desktop\CRM\March 24\files\.venv\lib\site-packages\django\db\backends\sqlite3\base.py", line 328, in execute
    return super().execute(query, params)
sqlite3.OperationalError: no such column: walkins.follow_up_date

The above exception was the direct cause of the following exception:

Traceback (most recent call last):
  File "C:\Users\Welcome\Desktop\CRM\March 24\files\.venv\lib\site-packages\django\core\handlers\exception.py", line 55, in inner
    response = get_response(request)
  File "C:\Users\Welcome\Desktop\CRM\March 24\files\.venv\lib\site-packages\django\core\handlers\base.py", line 197, in _get_response
    response = wrapped_callback(request, *callback_args, **callback_kwargs)
  File "C:\Users\Welcome\Desktop\CRM\March 24\files\.venv\lib\site-packages\django\views\decorators\csrf.py", line 56, in wrapper_view
    return view_func(*args, **kwargs)
  File "C:\Users\Welcome\Desktop\CRM\March 24\files\.venv\lib\site-packages\rest_framework\viewsets.py", line 125, in view
    return self.dispatch(request, *args, **kwargs)
  File "C:\Users\Welcome\Desktop\CRM\March 24\files\.venv\lib\site-packages\rest_framework\views.py", line 509, in dispatch
    response = self.handle_exception(exc)
  File "C:\Users\Welcome\Desktop\CRM\March 24\files\.venv\lib\site-packages\rest_framework\views.py", line 469, in handle_exception
    self.raise_uncaught_exception(exc)
  File "C:\Users\Welcome\Desktop\CRM\March 24\files\.venv\lib\site-packages\rest_framework\views.py", line 480, in raise_uncaught_exception
    raise exc
  File "C:\Users\Welcome\Desktop\CRM\March 24\files\.venv\lib\site-packages\rest_framework\views.py", line 506, in dispatch
    response = handler(request, *args, **kwargs)
  File "C:\Users\Welcome\Desktop\CRM\March 24\files\.venv\lib\site-packages\rest_framework\mixins.py", line 40, in list
    page = self.paginate_queryset(queryset)
  File "C:\Users\Welcome\Desktop\CRM\March 24\files\.venv\lib\site-packages\rest_framework\generics.py", line 171, in paginate_queryset
    return self.paginator.paginate_queryset(queryset, self.request, view=self)
  File "C:\Users\Welcome\Desktop\CRM\March 24\files\.venv\lib\site-packages\rest_framework\pagination.py", line 216, in paginate_queryset
    return list(self.page)
  File "C:\Users\Welcome\Desktop\CRM\March 24\files\.venv\lib\site-packages\django\core\paginator.py", line 174, in __len__
    return len(self.object_list)
  File "C:\Users\Welcome\Desktop\CRM\March 24\files\.venv\lib\site-packages\django\db\models\query.py", line 380, in __len__
    self._fetch_all()
  File "C:\Users\Welcome\Desktop\CRM\March 24\files\.venv\lib\site-packages\django\db\models\query.py", line 1881, in _fetch_all
    self._result_cache = list(self._iterable_class(self))
  File "C:\Users\Welcome\Desktop\CRM\March 24\files\.venv\lib\site-packages\django\db\models\query.py", line 91, in __iter__
    results = compiler.execute_sql(
  File "C:\Users\Welcome\Desktop\CRM\March 24\files\.venv\lib\site-packages\django\db\models\sql\compiler.py", line 1562, in execute_sql
    cursor.execute(sql, params)
  File "C:\Users\Welcome\Desktop\CRM\March 24\files\.venv\lib\site-packages\django\db\backends\utils.py", line 102, in execute
    return super().execute(sql, params)
  File "C:\Users\Welcome\Desktop\CRM\March 24\files\.venv\lib\site-packages\django\db\backends\utils.py", line 67, in execute
    return self._execute_with_wrappers(
  File "C:\Users\Welcome\Desktop\CRM\March 24\files\.venv\lib\site-packages\django\db\backends\utils.py", line 80, in _execute_with_wrappers
    return executor(sql, params, many, context)
  File "C:\Users\Welcome\Desktop\CRM\March 24\files\.venv\lib\site-packages\django\db\backends\utils.py", line 84, in _execute
    with self.db.wrap_database_errors:
  File "C:\Users\Welcome\Desktop\CRM\March 24\files\.venv\lib\site-packages\django\db\utils.py", line 91, in __exit__
    raise dj_exc_value.with_traceback(traceback) from exc_value
  File "C:\Users\Welcome\Desktop\CRM\March 24\files\.venv\lib\site-packages\django\db\backends\utils.py", line 89, in _execute
    return self.cursor.execute(sql, params)
  File "C:\Users\Welcome\Desktop\CRM\March 24\files\.venv\lib\site-packages\django\db\backends\sqlite3\base.py", line 328, in execute
    return super().execute(query, params)
django.db.utils.OperationalError: no such column: walkins.follow_up_date
ERROR 2026-04-24 16:51:56,558 basehttp "GET /api/walkins/ HTTP/1.1" 500 213698
INFO 2026-04-24 16:52:49,697 basehttp "GET /walkins HTTP/1.1" 200 420
INFO 2026-04-24 16:52:49,990 basehttp "GET /static/assets/index-18c58a9d.js HTTP/1.1" 200 391529
INFO 2026-04-24 16:52:50,095 basehttp "GET /api/auth/me/ HTTP/1.1" 200 271
INFO 2026-04-24 16:52:50,131 basehttp "GET /favicon.ico HTTP/1.1" 200 420
INFO 2026-04-24 16:52:50,137 basehttp "GET /api/walkins/ HTTP/1.1" 200 1649
INFO 2026-04-24 16:52:51,844 basehttp "GET /favicon.ico HTTP/1.1" 200 420
INFO 2026-04-24 16:52:51,863 basehttp "GET /api/courses/ HTTP/1.1" 200 675
INFO 2026-04-24 16:52:51,863 basehttp "GET /api/walkins/9/ HTTP/1.1" 200 825
INFO 2026-04-24 16:56:23,608 autoreload C:\Users\Welcome\Desktop\CRM\March 24\files\views.py changed, reloading.
INFO 2026-04-24 16:56:25,437 autoreload Watching for file changes with StatReloader
INFO 2026-04-24 17:58:02,314 basehttp "GET /walkins/9 HTTP/1.1" 200 420
INFO 2026-04-24 17:58:02,447 basehttp "GET /static/assets/index-85bbf038.css HTTP/1.1" 200 51563
INFO 2026-04-24 17:58:02,747 basehttp "GET /static/assets/index-9b071054.js HTTP/1.1" 200 392910
INFO 2026-04-24 17:58:03,026 basehttp "GET /static/assets/libertinus-serif-600-9f6e3162.woff2 HTTP/1.1" 200 22872
INFO 2026-04-24 17:58:03,137 basehttp "GET /favicon.ico HTTP/1.1" 200 420
INFO 2026-04-24 17:58:03,176 basehttp "GET /api/auth/me/ HTTP/1.1" 200 271
INFO 2026-04-24 17:58:03,293 basehttp "GET /api/walkins/9/ HTTP/1.1" 200 825
INFO 2026-04-24 17:58:03,296 basehttp "GET /static/assets/libertinus-serif-700-8bd2d42a.woff2 HTTP/1.1" 200 23400
INFO 2026-04-24 17:58:03,301 basehttp "GET /api/courses/ HTTP/1.1" 200 675
INFO 2026-04-24 17:58:03,302 basehttp "GET /static/assets/libertinus-serif-400-c73c9f3b.woff2 HTTP/1.1" 200 23400
INFO 2026-04-24 17:58:03,320 basehttp "GET /static/assets/brand-logo-05bda913.png HTTP/1.1" 200 572462
INFO 2026-04-24 17:58:09,583 basehttp "PATCH /api/walkins/9/ HTTP/1.1" 200 825
INFO 2026-04-24 17:58:20,191 basehttp "PATCH /api/walkins/9/ HTTP/1.1" 200 842
INFO 2026-04-24 17:58:24,508 basehttp "GET /favicon.ico HTTP/1.1" 200 420
INFO 2026-04-24 17:58:24,543 basehttp "GET /api/dashboard/summary/ HTTP/1.1" 200 275
INFO 2026-04-24 17:58:27,541 basehttp "GET /favicon.ico HTTP/1.1" 200 420
INFO 2026-04-24 17:58:27,585 basehttp "GET /api/walkins/?follow_up_date_from=2026-04-24&follow_up_date_to=2026-04-24 HTTP/1.1" 200 492
INFO 2026-04-24 17:58:30,773 basehttp "GET /favicon.ico HTTP/1.1" 200 420
INFO 2026-04-24 17:58:30,826 basehttp "GET /api/dashboard/summary/ HTTP/1.1" 200 275
INFO 2026-04-27 15:14:07,798 autoreload Watching for file changes with StatReloader
INFO 2026-04-27 15:14:15,035 basehttp "GET / HTTP/1.1" 200 420
INFO 2026-04-27 15:14:15,245 basehttp "GET /static/assets/index-85bbf038.css HTTP/1.1" 200 51563
INFO 2026-04-27 15:14:15,564 basehttp "GET /static/assets/index-9b071054.js HTTP/1.1" 200 392910
INFO 2026-04-27 15:14:16,169 basehttp "GET /favicon.ico HTTP/1.1" 200 420
WARNING 2026-04-27 15:14:16,202 log Unauthorized: /api/auth/me/
WARNING 2026-04-27 15:14:16,203 basehttp "GET /api/auth/me/ HTTP/1.1" 401 183
INFO 2026-04-27 15:14:16,443 basehttp "POST /api/auth/token/refresh/ HTTP/1.1" 200 705
INFO 2026-04-27 15:14:17,245 basehttp "GET /api/auth/me/ HTTP/1.1" 200 271
INFO 2026-04-27 15:14:17,316 basehttp "GET /favicon.ico HTTP/1.1" 200 420
INFO 2026-04-27 15:14:17,324 basehttp "GET /static/assets/brand-logo-05bda913.png HTTP/1.1" 200 572462
INFO 2026-04-27 15:14:17,595 basehttp "GET /static/assets/libertinus-serif-700-8bd2d42a.woff2 HTTP/1.1" 200 23400
INFO 2026-04-27 15:14:17,598 basehttp "GET /static/assets/libertinus-serif-400-c73c9f3b.woff2 HTTP/1.1" 200 23400
INFO 2026-04-27 15:14:17,600 basehttp "GET /static/assets/libertinus-serif-600-9f6e3162.woff2 HTTP/1.1" 200 22872
INFO 2026-04-27 15:17:46,609 basehttp "POST /api/auth/login/ HTTP/1.1" 200 866
INFO 2026-04-27 15:17:46,696 basehttp "GET /favicon.ico HTTP/1.1" 200 420
INFO 2026-04-27 15:17:46,731 basehttp "GET /api/dashboard/summary/ HTTP/1.1" 200 277
INFO 2026-04-27 15:17:50,917 basehttp "GET /favicon.ico HTTP/1.1" 200 420
INFO 2026-04-27 15:17:50,927 basehttp "GET /api/branches/ HTTP/1.1" 200 955
INFO 2026-04-27 15:17:50,948 basehttp "GET /api/courses/ HTTP/1.1" 200 675
INFO 2026-04-27 15:17:50,963 basehttp "GET /api/enrollments/ HTTP/1.1" 200 1408
INFO 2026-04-27 15:17:56,003 basehttp "GET /api/walkins/ HTTP/1.1" 200 3469
INFO 2026-04-27 15:17:56,018 basehttp "GET /favicon.ico HTTP/1.1" 200 420
INFO 2026-04-27 15:18:02,544 basehttp "GET /favicon.ico HTTP/1.1" 200 420
INFO 2026-04-27 15:18:02,585 basehttp "GET /api/courses/ HTTP/1.1" 200 675
INFO 2026-04-27 15:18:02,586 basehttp "GET /api/walkins/9/ HTTP/1.1" 200 842
INFO 2026-04-27 15:18:11,952 basehttp "GET /favicon.ico HTTP/1.1" 200 420
INFO 2026-04-27 15:18:11,976 basehttp "GET /api/leads/ HTTP/1.1" 200 1981
INFO 2026-04-27 15:18:31,028 basehttp "GET /favicon.ico HTTP/1.1" 200 420
INFO 2026-04-27 15:18:31,058 basehttp "GET /api/walkins/ HTTP/1.1" 200 3469
INFO 2026-04-27 15:18:37,971 basehttp "GET /favicon.ico HTTP/1.1" 200 420
INFO 2026-04-27 15:18:38,019 basehttp "GET /api/courses/ HTTP/1.1" 200 675
INFO 2026-04-27 15:18:38,020 basehttp "GET /api/branches/ HTTP/1.1" 200 955
INFO 2026-04-27 15:18:38,042 basehttp "GET /api/enrollments/ HTTP/1.1" 200 1408
INFO 2026-04-27 15:18:40,682 basehttp "GET /favicon.ico HTTP/1.1" 200 420
INFO 2026-04-27 15:18:40,735 basehttp "GET /api/branches/ HTTP/1.1" 200 955
INFO 2026-04-27 15:18:40,736 basehttp "GET /api/courses/ HTTP/1.1" 200 675
INFO 2026-04-27 15:18:40,750 basehttp "GET /api/enrollments/ HTTP/1.1" 200 1408
INFO 2026-04-27 15:18:51,782 basehttp "GET /api/leads/ HTTP/1.1" 200 1981
INFO 2026-04-27 15:18:51,802 basehttp "GET /favicon.ico HTTP/1.1" 200 420
INFO 2026-04-27 15:18:53,975 basehttp "GET /favicon.ico HTTP/1.1" 200 420
INFO 2026-04-27 15:18:54,008 basehttp "GET /api/branches/ HTTP/1.1" 200 955
INFO 2026-04-27 15:18:54,031 basehttp "GET /api/courses/ HTTP/1.1" 200 675
INFO 2026-04-27 15:18:54,032 basehttp "GET /api/enrollments/ HTTP/1.1" 200 1408
INFO 2026-04-27 15:18:54,990 basehttp "GET /api/courses/ HTTP/1.1" 200 675
INFO 2026-04-27 15:18:54,991 basehttp "GET /favicon.ico HTTP/1.1" 200 420
INFO 2026-04-27 15:18:54,991 basehttp "GET /api/branches/ HTTP/1.1" 200 955
INFO 2026-04-27 15:18:55,016 basehttp "GET /api/enrollments/ HTTP/1.1" 200 1408
INFO 2026-04-27 15:19:03,747 basehttp "GET /favicon.ico HTTP/1.1" 200 420
INFO 2026-04-27 15:19:03,838 basehttp "GET /api/payments/ HTTP/1.1" 200 4029
INFO 2026-04-27 15:19:07,163 basehttp "GET /favicon.ico HTTP/1.1" 200 420
INFO 2026-04-27 15:19:07,189 basehttp "GET /api/leads/ HTTP/1.1" 200 1981
INFO 2026-04-27 15:19:25,591 basehttp "GET /favicon.ico HTTP/1.1" 200 420
INFO 2026-04-27 15:19:25,611 basehttp "GET /api/walkins/ HTTP/1.1" 200 3469
INFO 2026-04-27 15:19:29,846 basehttp "GET /favicon.ico HTTP/1.1" 200 420
INFO 2026-04-27 15:19:29,901 basehttp "GET /api/courses/ HTTP/1.1" 200 675
INFO 2026-04-27 15:19:29,905 basehttp "GET /api/branches/ HTTP/1.1" 200 955
INFO 2026-04-27 15:19:29,921 basehttp "GET /api/enrollments/ HTTP/1.1" 200 1408
INFO 2026-04-27 15:19:31,216 basehttp "GET /favicon.ico HTTP/1.1" 200 420
INFO 2026-04-27 15:19:31,238 basehttp "GET /api/branches/ HTTP/1.1" 200 955
INFO 2026-04-27 15:19:31,256 basehttp "GET /api/courses/ HTTP/1.1" 200 675
INFO 2026-04-27 15:19:31,274 basehttp "GET /api/enrollments/ HTTP/1.1" 200 1408
INFO 2026-04-27 15:19:32,583 basehttp "GET /favicon.ico HTTP/1.1" 200 420
INFO 2026-04-27 15:19:32,606 basehttp "GET /api/walkins/ HTTP/1.1" 200 3469
INFO 2026-04-27 15:25:00,091 autoreload C:\Users\Welcome\Desktop\CRM\March 24\files\views.py changed, reloading.
INFO 2026-04-27 15:25:02,534 autoreload Watching for file changes with StatReloader
INFO 2026-04-27 15:27:21,986 basehttp "GET / HTTP/1.1" 200 420
INFO 2026-04-27 15:27:22,199 basehttp "GET /static/assets/index-d53eeb28.css HTTP/1.1" 200 52093
INFO 2026-04-27 15:27:22,405 basehttp "GET /static/assets/index-b0dab4b3.js HTTP/1.1" 200 397775
INFO 2026-04-27 15:27:22,988 basehttp "GET /favicon.ico HTTP/1.1" 200 420
INFO 2026-04-27 15:27:22,997 basehttp "GET /api/auth/me/ HTTP/1.1" 200 249
INFO 2026-04-27 15:27:23,142 basehttp "GET /favicon.ico HTTP/1.1" 200 420
INFO 2026-04-27 15:27:30,432 basehttp "POST /api/auth/login/ HTTP/1.1" 200 866
INFO 2026-04-27 15:27:30,482 basehttp "GET /favicon.ico HTTP/1.1" 200 420
INFO 2026-04-27 15:27:30,514 basehttp "GET /api/dashboard/summary/ HTTP/1.1" 200 277
INFO 2026-04-27 15:27:32,734 basehttp "GET /api/branches/ HTTP/1.1" 200 955
INFO 2026-04-27 15:27:32,746 basehttp "GET /favicon.ico HTTP/1.1" 200 420
INFO 2026-04-27 15:27:32,784 basehttp "GET /api/walkins/?sectioned=1 HTTP/1.1" 200 3511
INFO 2026-04-27 15:27:32,785 basehttp "GET /api/courses/ HTTP/1.1" 200 675
INFO 2026-04-27 15:32:29,252 basehttp "GET /walkins HTTP/1.1" 200 420
INFO 2026-04-27 15:32:29,278 basehttp "GET /static/assets/index-b0dab4b3.js HTTP/1.1" 304 0
INFO 2026-04-27 15:32:29,283 basehttp "GET /static/assets/index-d53eeb28.css HTTP/1.1" 304 0
INFO 2026-04-27 15:32:29,667 basehttp "GET /api/auth/me/ HTTP/1.1" 200 249
INFO 2026-04-27 15:32:29,704 basehttp "GET /api/branches/ HTTP/1.1" 200 955
INFO 2026-04-27 15:32:29,716 basehttp "GET /favicon.ico HTTP/1.1" 200 420
INFO 2026-04-27 15:32:29,727 basehttp "GET /api/courses/ HTTP/1.1" 200 675
INFO 2026-04-27 15:32:29,735 basehttp "GET /api/walkins/?sectioned=1 HTTP/1.1" 200 3511
INFO 2026-04-27 15:32:42,119 autoreload Watching for file changes with StatReloader
INFO 2026-04-27 15:32:44,249 basehttp "GET / HTTP/1.1" 200 420
INFO 2026-04-27 15:32:44,808 basehttp "GET /api/auth/me/ HTTP/1.1" 200 249
INFO 2026-04-27 15:32:44,826 basehttp "GET /favicon.ico HTTP/1.1" 200 420
INFO 2026-04-27 15:32:44,829 basehttp "GET /favicon.ico HTTP/1.1" 200 420
INFO 2026-04-27 15:32:52,383 basehttp "POST /api/auth/login/ HTTP/1.1" 200 866
INFO 2026-04-27 15:32:52,464 basehttp "GET /favicon.ico HTTP/1.1" 200 420
INFO 2026-04-27 15:32:52,491 basehttp "GET /api/dashboard/summary/ HTTP/1.1" 200 277
INFO 2026-04-27 15:32:55,494 basehttp "GET /favicon.ico HTTP/1.1" 200 420
INFO 2026-04-27 15:32:55,495 basehttp "GET /api/branches/ HTTP/1.1" 200 955
INFO 2026-04-27 15:32:55,563 basehttp "GET /api/courses/ HTTP/1.1" 200 675
INFO 2026-04-27 15:32:55,563 basehttp "GET /api/walkins/?sectioned=1 HTTP/1.1" 200 3511
INFO 2026-04-27 15:34:10,253 basehttp "GET /walkins HTTP/1.1" 200 420
INFO 2026-04-27 15:34:10,366 basehttp "GET /static/assets/index-c4380321.js HTTP/1.1" 200 397625
INFO 2026-04-27 15:34:10,387 basehttp "GET /static/assets/index-adb7707e.css HTTP/1.1" 200 52062
INFO 2026-04-27 15:34:10,538 basehttp "GET /api/auth/me/ HTTP/1.1" 200 249
INFO 2026-04-27 15:34:10,584 basehttp "GET /favicon.ico HTTP/1.1" 200 420
INFO 2026-04-27 15:34:10,586 basehttp "GET /api/branches/ HTTP/1.1" 200 955
INFO 2026-04-27 15:34:10,594 basehttp "GET /api/courses/ HTTP/1.1" 200 675
INFO 2026-04-27 15:34:10,609 basehttp "GET /api/walkins/?sectioned=1 HTTP/1.1" 200 3511
INFO 2026-04-27 15:36:01,731 basehttp "GET /walkins HTTP/1.1" 200 420
INFO 2026-04-27 15:36:01,762 basehttp "GET /static/assets/index-ed425791.css HTTP/1.1" 200 52104
INFO 2026-04-27 15:36:01,854 basehttp "GET /static/assets/index-1ce26d7b.js HTTP/1.1" 200 397286
INFO 2026-04-27 15:36:01,951 basehttp "GET /api/auth/me/ HTTP/1.1" 200 249
INFO 2026-04-27 15:36:01,995 basehttp "GET /favicon.ico HTTP/1.1" 200 420
INFO 2026-04-27 15:36:02,008 basehttp "GET /api/branches/ HTTP/1.1" 200 955
INFO 2026-04-27 15:36:02,012 basehttp "GET /api/courses/ HTTP/1.1" 200 675
INFO 2026-04-27 15:36:02,020 basehttp "GET /api/walkins/?sectioned=1 HTTP/1.1" 200 3511
INFO 2026-04-27 15:36:15,843 basehttp "GET /favicon.ico HTTP/1.1" 200 420
INFO 2026-04-27 15:36:15,845 basehttp "POST /api/auth/logout/ HTTP/1.1" 200 37
WARNING 2026-04-27 15:36:23,019 log Unauthorized: /api/auth/login/
WARNING 2026-04-27 15:36:23,024 basehttp "POST /api/auth/login/ HTTP/1.1" 401 63
INFO 2026-04-27 15:36:23,071 basehttp "GET /login HTTP/1.1" 200 420
INFO 2026-04-27 15:36:23,103 basehttp "GET /static/assets/index-1ce26d7b.js HTTP/1.1" 304 0
INFO 2026-04-27 15:36:23,107 basehttp "GET /static/assets/index-ed425791.css HTTP/1.1" 304 0
INFO 2026-04-27 15:36:23,203 basehttp "GET /favicon.ico HTTP/1.1" 200 420
INFO 2026-04-27 15:36:34,547 basehttp "POST /api/auth/login/ HTTP/1.1" 200 858
INFO 2026-04-27 15:36:34,601 basehttp "GET /favicon.ico HTTP/1.1" 200 420
INFO 2026-04-27 15:36:34,637 basehttp "GET /api/dashboard/summary/ HTTP/1.1" 200 275
INFO 2026-04-27 15:43:55,050 basehttp "GET /favicon.ico HTTP/1.1" 200 420
INFO 2026-04-27 15:43:55,067 basehttp "POST /api/auth/logout/ HTTP/1.1" 200 37
WARNING 2026-04-27 15:44:02,867 log Unauthorized: /api/auth/login/
WARNING 2026-04-27 15:44:02,870 basehttp "POST /api/auth/login/ HTTP/1.1" 401 63
INFO 2026-04-27 15:44:02,896 basehttp "GET /login HTTP/1.1" 200 420
INFO 2026-04-27 15:44:02,936 basehttp "GET /static/assets/index-1ce26d7b.js HTTP/1.1" 304 0
INFO 2026-04-27 15:44:02,942 basehttp "GET /static/assets/index-ed425791.css HTTP/1.1" 304 0
INFO 2026-04-27 15:44:03,304 basehttp "GET /favicon.ico HTTP/1.1" 200 420
INFO 2026-04-27 15:44:13,466 basehttp "POST /api/auth/login/ HTTP/1.1" 200 866
INFO 2026-04-27 15:44:13,551 basehttp "GET /favicon.ico HTTP/1.1" 200 420
INFO 2026-04-27 15:44:13,569 basehttp "GET /api/dashboard/summary/ HTTP/1.1" 200 277
INFO 2026-04-27 15:44:16,902 basehttp "GET /favicon.ico HTTP/1.1" 200 420
INFO 2026-04-27 15:44:16,916 basehttp "GET /api/users/ HTTP/1.1" 200 573
INFO 2026-04-27 15:44:16,918 basehttp "GET /api/user-targets/ HTTP/1.1" 200 290
INFO 2026-04-27 15:46:00,437 basehttp "POST /api/user-targets/ HTTP/1.1" 201 244
INFO 2026-04-27 15:46:00,478 basehttp "GET /api/user-targets/ HTTP/1.1" 200 535
INFO 2026-04-27 15:46:00,487 basehttp "GET /api/users/ HTTP/1.1" 200 573
INFO 2026-04-27 15:46:06,019 basehttp "GET /favicon.ico HTTP/1.1" 200 420
INFO 2026-04-27 15:46:06,097 basehttp "POST /api/auth/logout/ HTTP/1.1" 200 37
INFO 2026-04-27 15:46:15,724 basehttp "POST /api/auth/login/ HTTP/1.1" 200 858
INFO 2026-04-27 15:46:15,761 basehttp "GET /favicon.ico HTTP/1.1" 200 420
INFO 2026-04-27 15:46:15,797 basehttp "GET /api/dashboard/summary/ HTTP/1.1" 200 275
INFO 2026-04-27 15:46:18,506 basehttp "GET /dashboard HTTP/1.1" 200 420
INFO 2026-04-27 15:46:18,583 basehttp "GET /static/assets/index-1ce26d7b.js HTTP/1.1" 304 0
INFO 2026-04-27 15:46:18,591 basehttp "GET /static/assets/index-ed425791.css HTTP/1.1" 304 0
INFO 2026-04-27 15:46:18,639 basehttp "GET /api/auth/me/ HTTP/1.1" 200 271
INFO 2026-04-27 15:46:18,701 basehttp "GET /favicon.ico HTTP/1.1" 200 420
INFO 2026-04-27 15:46:18,714 basehttp "GET /api/dashboard/summary/ HTTP/1.1" 200 275
INFO 2026-04-27 16:12:27,977 autoreload C:\Users\Welcome\Desktop\CRM\March 24\files\crm\models.py changed, reloading.
INFO 2026-04-27 16:12:30,323 autoreload Watching for file changes with StatReloader
INFO 2026-04-27 16:12:39,963 autoreload C:\Users\Welcome\Desktop\CRM\March 24\files\crm\admin.py changed, reloading.
INFO 2026-04-27 16:12:42,153 autoreload Watching for file changes with StatReloader
INFO 2026-04-27 16:12:47,286 autoreload C:\Users\Welcome\Desktop\CRM\March 24\files\serializers.py changed, reloading.
INFO 2026-04-27 16:12:48,663 autoreload Watching for file changes with StatReloader
INFO 2026-04-27 16:12:54,831 autoreload C:\Users\Welcome\Desktop\CRM\March 24\files\views.py changed, reloading.
INFO 2026-04-27 16:12:56,361 autoreload Watching for file changes with StatReloader
INFO 2026-04-27 16:13:03,530 autoreload C:\Users\Welcome\Desktop\CRM\March 24\files\urls.py changed, reloading.
INFO 2026-04-27 16:13:05,287 autoreload Watching for file changes with StatReloader
INFO 2026-04-27 16:13:23,077 autoreload C:\Users\Welcome\Desktop\CRM\March 24\files\views.py changed, reloading.
INFO 2026-04-27 16:13:24,699 autoreload Watching for file changes with StatReloader
INFO 2026-04-27 16:13:42,156 autoreload C:\Users\Welcome\Desktop\CRM\March 24\files\views.py changed, reloading.
INFO 2026-04-27 16:13:43,747 autoreload Watching for file changes with StatReloader
INFO 2026-04-27 16:19:51,194 basehttp "GET /dashboard HTTP/1.1" 200 420
INFO 2026-04-27 16:19:51,430 basehttp "GET /static/assets/index-358994f7.css HTTP/1.1" 200 50906
INFO 2026-04-27 16:19:51,673 basehttp "GET /static/assets/index-342690b6.js HTTP/1.1" 200 396241
INFO 2026-04-27 16:19:51,996 basehttp "GET /favicon.ico HTTP/1.1" 200 420
INFO 2026-04-27 16:19:52,067 basehttp "GET /api/auth/me/ HTTP/1.1" 200 271
INFO 2026-04-27 16:19:52,146 basehttp "GET /api/dashboard/summary/ HTTP/1.1" 200 359
INFO 2026-04-27 16:20:02,908 basehttp "POST /api/auth/logout/ HTTP/1.1" 200 37
INFO 2026-04-27 16:20:02,909 basehttp "GET /favicon.ico HTTP/1.1" 200 420
WARNING 2026-04-27 16:20:09,207 log Unauthorized: /api/auth/login/
WARNING 2026-04-27 16:20:09,210 basehttp "POST /api/auth/login/ HTTP/1.1" 401 63
INFO 2026-04-27 16:20:09,229 basehttp "GET /login HTTP/1.1" 200 420
INFO 2026-04-27 16:20:09,378 basehttp "GET /favicon.ico HTTP/1.1" 200 420
INFO 2026-04-27 16:20:24,539 basehttp "POST /api/auth/login/ HTTP/1.1" 200 866
INFO 2026-04-27 16:20:24,565 basehttp "GET /favicon.ico HTTP/1.1" 200 420
INFO 2026-04-27 16:20:24,585 basehttp "GET /api/dashboard/summary/ HTTP/1.1" 200 361
INFO 2026-04-27 16:20:36,830 basehttp "GET /api/branch-targets/ HTTP/1.1" 200 52
INFO 2026-04-27 16:20:36,832 basehttp "GET /favicon.ico HTTP/1.1" 200 420
INFO 2026-04-27 16:20:36,836 basehttp "GET /api/branches/ HTTP/1.1" 200 955
INFO 2026-04-27 16:20:45,411 basehttp "GET /favicon.ico HTTP/1.1" 200 420
INFO 2026-04-27 16:20:45,434 basehttp "GET /api/branches/ HTTP/1.1" 200 955
INFO 2026-04-27 16:20:45,434 basehttp "GET /api/users/ HTTP/1.1" 200 573
INFO 2026-04-27 16:20:45,446 basehttp "GET /api/enrollments/ HTTP/1.1" 200 1408
INFO 2026-04-27 16:20:47,245 basehttp "GET /api/branches/ HTTP/1.1" 200 955
INFO 2026-04-27 16:20:47,291 basehttp "GET /favicon.ico HTTP/1.1" 200 420
INFO 2026-04-27 16:20:47,297 basehttp "GET /api/branch-targets/ HTTP/1.1" 200 52
INFO 2026-04-27 16:21:04,779 basehttp "POST /api/branch-targets/ HTTP/1.1" 201 248
INFO 2026-04-27 16:21:04,798 basehttp "GET /api/branch-targets/ HTTP/1.1" 200 300
INFO 2026-04-27 16:21:04,799 basehttp "GET /api/branches/ HTTP/1.1" 200 955
INFO 2026-04-27 16:21:07,225 basehttp "GET /favicon.ico HTTP/1.1" 200 420
INFO 2026-04-27 16:21:07,282 basehttp "POST /api/auth/logout/ HTTP/1.1" 200 37
INFO 2026-04-27 16:21:15,919 basehttp "POST /api/auth/login/ HTTP/1.1" 200 858
INFO 2026-04-27 16:21:15,940 basehttp "GET /favicon.ico HTTP/1.1" 200 420
INFO 2026-04-27 16:21:15,975 basehttp "GET /api/dashboard/summary/ HTTP/1.1" 200 358
INFO 2026-04-27 16:21:37,271 basehttp "GET /favicon.ico HTTP/1.1" 200 420
INFO 2026-04-27 16:21:37,330 basehttp "GET /api/payments/?status=pending HTTP/1.1" 200 1545
INFO 2026-04-27 16:21:38,833 basehttp "GET /favicon.ico HTTP/1.1" 200 420
INFO 2026-04-27 16:21:38,859 basehttp "GET /api/dashboard/summary/ HTTP/1.1" 200 358
INFO 2026-04-27 16:21:40,427 basehttp "GET /favicon.ico HTTP/1.1" 200 420
INFO 2026-04-27 16:21:40,445 basehttp "GET /api/branches/ HTTP/1.1" 200 955
INFO 2026-04-27 16:21:40,447 basehttp "GET /api/courses/ HTTP/1.1" 200 675
INFO 2026-04-27 16:21:40,512 basehttp "GET /api/walkins/?sectioned=1&follow_up_date_from=2026-04-27&follow_up_date_to=2026-04-27 HTTP/1.1" 200 95
INFO 2026-04-27 16:21:41,584 basehttp "GET /favicon.ico HTTP/1.1" 200 420
INFO 2026-04-27 16:21:41,610 basehttp "GET /api/dashboard/summary/ HTTP/1.1" 200 358
INFO 2026-04-27 16:21:42,601 basehttp "GET /favicon.ico HTTP/1.1" 200 420
INFO 2026-04-27 16:21:42,607 basehttp "GET /api/leads/?next_follow_up_date_from=2026-04-27&next_follow_up_date_to=2026-04-27 HTTP/1.1" 200 52
INFO 2026-04-27 16:21:43,868 basehttp "GET /favicon.ico HTTP/1.1" 200 420
INFO 2026-04-27 16:21:43,898 basehttp "GET /api/dashboard/summary/ HTTP/1.1" 200 358
INFO 2026-04-27 16:21:53,319 basehttp "GET /favicon.ico HTTP/1.1" 200 420
INFO 2026-04-27 16:21:53,325 basehttp "GET /api/branches/ HTTP/1.1" 200 955
INFO 2026-04-27 16:21:53,341 basehttp "GET /api/courses/ HTTP/1.1" 200 675
INFO 2026-04-27 16:21:53,366 basehttp "GET /api/walkins/?sectioned=1 HTTP/1.1" 200 1691
INFO 2026-04-27 16:21:58,367 basehttp "GET /favicon.ico HTTP/1.1" 200 420
INFO 2026-04-27 16:21:58,381 basehttp "GET /api/courses/ HTTP/1.1" 200 675
INFO 2026-04-27 16:21:58,392 basehttp "GET /api/branches/ HTTP/1.1" 200 955
INFO 2026-04-27 16:21:58,398 basehttp "GET /api/enrollments/ HTTP/1.1" 200 512
INFO 2026-04-27 16:22:01,500 basehttp "GET /favicon.ico HTTP/1.1" 200 420
INFO 2026-04-27 16:22:01,521 basehttp "GET /api/branches/ HTTP/1.1" 200 955
INFO 2026-04-27 16:22:01,524 basehttp "GET /api/courses/ HTTP/1.1" 200 675
INFO 2026-04-27 16:22:01,534 basehttp "GET /api/enrollments/ HTTP/1.1" 200 512
INFO 2026-04-27 16:22:03,478 basehttp "GET /favicon.ico HTTP/1.1" 200 420
INFO 2026-04-27 16:22:03,486 basehttp "GET /api/leads/ HTTP/1.1" 200 1024
INFO 2026-04-27 16:22:07,862 basehttp "GET /favicon.ico HTTP/1.1" 200 420
INFO 2026-04-27 16:22:07,883 basehttp "GET /api/dashboard/summary/ HTTP/1.1" 200 358
INFO 2026-04-27 16:23:54,196 basehttp "GET /favicon.ico HTTP/1.1" 200 420
INFO 2026-04-27 16:23:54,215 basehttp "GET /api/branches/ HTTP/1.1" 200 955
INFO 2026-04-27 16:23:54,232 basehttp "GET /api/courses/ HTTP/1.1" 200 675
INFO 2026-04-27 16:23:54,233 basehttp "GET /api/walkins/?sectioned=1 HTTP/1.1" 200 1691
INFO 2026-04-27 16:23:56,222 basehttp "GET /favicon.ico HTTP/1.1" 200 420
INFO 2026-04-27 16:23:56,232 basehttp "GET /api/walkins/9/ HTTP/1.1" 200 842
INFO 2026-04-27 16:23:56,233 basehttp "GET /api/courses/ HTTP/1.1" 200 675
INFO 2026-04-27 16:24:09,039 basehttp "PATCH /api/walkins/9/ HTTP/1.1" 200 842
INFO 2026-04-27 16:24:10,884 basehttp "GET /favicon.ico HTTP/1.1" 200 420
INFO 2026-04-27 16:24:10,910 basehttp "GET /api/dashboard/summary/ HTTP/1.1" 200 358
INFO 2026-04-27 16:26:24,979 basehttp "GET /favicon.ico HTTP/1.1" 200 420
INFO 2026-04-27 16:26:25,007 basehttp "GET /api/branches/ HTTP/1.1" 200 955
INFO 2026-04-27 16:26:25,017 basehttp "GET /api/walkins/?sectioned=1&follow_up_date_from=2026-04-27&follow_up_date_to=2026-04-27 HTTP/1.1" 200 535
INFO 2026-04-27 16:26:25,017 basehttp "GET /api/courses/ HTTP/1.1" 200 675
INFO 2026-04-27 16:26:33,342 basehttp "GET /favicon.ico HTTP/1.1" 200 420
INFO 2026-04-27 16:26:33,368 basehttp "GET /api/walkins/?sectioned=1 HTTP/1.1" 200 1691
INFO 2026-04-27 16:26:36,336 basehttp "GET /favicon.ico HTTP/1.1" 200 420
INFO 2026-04-27 16:26:36,358 basehttp "GET /api/walkins/?sectioned=1&follow_up_date_from=2026-04-27&follow_up_date_to=2026-04-27 HTTP/1.1" 200 535
INFO 2026-04-27 16:26:48,166 basehttp "GET /favicon.ico HTTP/1.1" 200 420
INFO 2026-04-27 16:26:48,181 basehttp "GET /api/walkins/?sectioned=1 HTTP/1.1" 200 1691
INFO 2026-04-27 16:26:57,180 basehttp "GET /favicon.ico HTTP/1.1" 200 420
INFO 2026-04-27 16:26:57,208 basehttp "GET /api/dashboard/summary/ HTTP/1.1" 200 358
INFO 2026-04-27 16:48:04,457 basehttp "GET /dashboard HTTP/1.1" 200 420
INFO 2026-04-27 16:48:04,840 basehttp "GET /static/assets/index-694f549c.css HTTP/1.1" 200 51181
INFO 2026-04-27 16:48:05,989 basehttp "GET /static/assets/index-caee2e05.js HTTP/1.1" 200 397322
INFO 2026-04-27 16:48:09,482 basehttp "GET /api/auth/me/ HTTP/1.1" 200 271
INFO 2026-04-27 16:48:09,666 basehttp "GET /favicon.ico HTTP/1.1" 200 420
INFO 2026-04-27 16:48:09,829 basehttp "GET /api/dashboard/summary/ HTTP/1.1" 200 358
INFO 2026-04-27 16:52:30,904 basehttp "GET /dashboard HTTP/1.1" 200 420
INFO 2026-04-27 16:52:31,095 basehttp "GET /static/assets/index-71f7201b.css HTTP/1.1" 200 51094
INFO 2026-04-27 16:52:31,750 basehttp "GET /static/assets/index-b096182a.js HTTP/1.1" 200 397094
INFO 2026-04-27 16:52:34,551 basehttp "GET /api/auth/me/ HTTP/1.1" 200 271
INFO 2026-04-27 16:52:34,775 basehttp "GET /favicon.ico HTTP/1.1" 200 420
INFO 2026-04-27 16:52:34,891 basehttp "GET /api/dashboard/summary/ HTTP/1.1" 200 358
INFO 2026-04-27 16:52:43,472 basehttp "GET /dashboard HTTP/1.1" 200 420
INFO 2026-04-27 16:52:43,576 basehttp "GET /static/assets/index-b096182a.js HTTP/1.1" 304 0
INFO 2026-04-27 16:52:43,594 basehttp "GET /static/assets/index-71f7201b.css HTTP/1.1" 304 0
INFO 2026-04-27 16:52:44,096 basehttp "GET /api/auth/me/ HTTP/1.1" 200 271
INFO 2026-04-27 16:52:44,124 basehttp "GET /favicon.ico HTTP/1.1" 200 420
INFO 2026-04-27 16:52:44,302 basehttp "GET /api/dashboard/summary/ HTTP/1.1" 200 358
INFO 2026-04-27 16:54:38,271 basehttp "GET /dashboard HTTP/1.1" 200 420
INFO 2026-04-27 16:54:38,387 basehttp "GET /static/assets/index-b096182a.js HTTP/1.1" 304 0
INFO 2026-04-27 16:54:38,401 basehttp "GET /static/assets/index-71f7201b.css HTTP/1.1" 304 0
INFO 2026-04-27 16:54:38,927 basehttp "GET /api/auth/me/ HTTP/1.1" 200 271
INFO 2026-04-27 16:54:39,034 basehttp "GET /favicon.ico HTTP/1.1" 200 420
INFO 2026-04-27 16:54:39,163 basehttp "GET /api/dashboard/summary/ HTTP/1.1" 200 358
INFO 2026-04-27 16:55:35,802 autoreload Watching for file changes with StatReloader
INFO 2026-04-27 16:55:42,648 basehttp "GET / HTTP/1.1" 200 420
INFO 2026-04-27 16:55:42,939 basehttp "GET /static/assets/index-b096182a.js HTTP/1.1" 304 0
INFO 2026-04-27 16:55:42,947 basehttp "GET /static/assets/index-71f7201b.css HTTP/1.1" 304 0
INFO 2026-04-27 16:55:46,947 basehttp "GET /favicon.ico HTTP/1.1" 200 420
INFO 2026-04-27 16:55:46,958 basehttp "GET /api/auth/me/ HTTP/1.1" 200 271
INFO 2026-04-27 16:55:47,491 basehttp "GET /favicon.ico HTTP/1.1" 200 420
INFO 2026-04-27 16:56:03,111 basehttp "POST /api/auth/login/ HTTP/1.1" 200 866
INFO 2026-04-27 16:56:03,387 basehttp "GET /favicon.ico HTTP/1.1" 200 420
INFO 2026-04-27 16:56:03,494 basehttp "GET /api/dashboard/summary/ HTTP/1.1" 200 360
INFO 2026-04-27 17:00:47,906 basehttp "GET /dashboard HTTP/1.1" 200 420
INFO 2026-04-27 17:00:48,725 basehttp "GET /static/assets/index-71f7201b.css HTTP/1.1" 200 51094
INFO 2026-04-27 17:00:48,762 basehttp "GET /static/assets/index-9a8d7578.js HTTP/1.1" 200 397066
INFO 2026-04-27 17:00:51,610 basehttp "GET /api/auth/me/ HTTP/1.1" 200 249
INFO 2026-04-27 17:00:51,823 basehttp "GET /favicon.ico HTTP/1.1" 200 420
INFO 2026-04-27 17:00:51,891 basehttp "GET /api/dashboard/summary/ HTTP/1.1" 200 360
INFO 2026-04-27 17:01:06,631 basehttp "GET /dashboard HTTP/1.1" 200 420
INFO 2026-04-27 17:01:06,730 basehttp "GET /static/assets/index-9a8d7578.js HTTP/1.1" 304 0
INFO 2026-04-27 17:01:06,756 basehttp "GET /static/assets/index-71f7201b.css HTTP/1.1" 304 0
INFO 2026-04-27 17:01:07,260 basehttp "GET /api/auth/me/ HTTP/1.1" 200 249
INFO 2026-04-27 17:01:07,384 basehttp "GET /favicon.ico HTTP/1.1" 200 420
INFO 2026-04-27 17:01:07,474 basehttp "GET /api/dashboard/summary/ HTTP/1.1" 200 360
INFO 2026-04-27 17:11:34,385 autoreload C:\Users\Welcome\Desktop\CRM\March 24\files\views.py changed, reloading.
INFO 2026-04-27 17:11:44,907 autoreload Watching for file changes with StatReloader
INFO 2026-04-27 17:13:53,369 basehttp "GET /dashboard HTTP/1.1" 200 420
INFO 2026-04-27 17:13:54,077 basehttp "GET /static/assets/index-2e812895.js HTTP/1.1" 200 399068
INFO 2026-04-27 17:13:54,147 basehttp "GET /static/assets/index-1f356f94.css HTTP/1.1" 200 51059
INFO 2026-04-27 17:13:56,961 basehttp "GET /favicon.ico HTTP/1.1" 200 420
INFO 2026-04-27 17:13:57,088 basehttp "GET /api/auth/me/ HTTP/1.1" 200 249
INFO 2026-04-27 17:13:57,326 basehttp "GET /api/dashboard/summary/ HTTP/1.1" 200 381
INFO 2026-04-27 17:14:07,446 basehttp "GET / HTTP/1.1" 200 420
INFO 2026-04-27 17:14:07,800 basehttp "GET /static/assets/index-2e812895.js HTTP/1.1" 304 0
INFO 2026-04-27 17:14:07,837 basehttp "GET /static/assets/index-1f356f94.css HTTP/1.1" 304 0
INFO 2026-04-27 17:14:11,700 basehttp "GET /api/auth/me/ HTTP/1.1" 200 249
INFO 2026-04-27 17:14:12,210 basehttp "GET /favicon.ico HTTP/1.1" 200 420
INFO 2026-04-27 17:14:12,417 basehttp "GET /favicon.ico HTTP/1.1" 200 420
INFO 2026-04-27 17:14:22,706 basehttp "POST /api/auth/login/ HTTP/1.1" 200 858
INFO 2026-04-27 17:14:22,973 basehttp "GET /favicon.ico HTTP/1.1" 200 420
INFO 2026-04-27 17:14:23,155 basehttp "GET /api/dashboard/summary/ HTTP/1.1" 200 379
INFO 2026-04-27 17:14:33,492 basehttp "GET /favicon.ico HTTP/1.1" 200 420
INFO 2026-04-27 17:14:33,535 basehttp "GET /api/branches/ HTTP/1.1" 200 955
INFO 2026-04-27 17:14:33,583 basehttp "GET /api/courses/ HTTP/1.1" 200 675
INFO 2026-04-27 17:14:33,721 basehttp "GET /api/walkins/?sectioned=1 HTTP/1.1" 200 1691
INFO 2026-04-27 17:14:35,758 basehttp "GET /favicon.ico HTTP/1.1" 200 420
INFO 2026-04-27 17:14:35,873 basehttp "GET /api/courses/ HTTP/1.1" 200 675
INFO 2026-04-27 17:14:35,876 basehttp "GET /api/walkins/9/ HTTP/1.1" 200 842
INFO 2026-04-27 17:14:56,488 basehttp "GET /favicon.ico HTTP/1.1" 200 420
INFO 2026-04-27 17:14:56,509 basehttp "GET /api/courses/ HTTP/1.1" 200 675
INFO 2026-04-27 17:15:05,238 basehttp "GET /favicon.ico HTTP/1.1" 200 420
INFO 2026-04-27 17:15:05,455 basehttp "GET /api/payments/ HTTP/1.1" 200 1545
INFO 2026-04-27 17:15:07,691 basehttp "GET /favicon.ico HTTP/1.1" 200 420
INFO 2026-04-27 17:15:07,788 basehttp "GET /api/payments/3/ HTTP/1.1" 200 1493
INFO 2026-04-27 17:15:10,701 basehttp "GET /favicon.ico HTTP/1.1" 200 420
INFO 2026-04-27 17:15:10,800 basehttp "GET /api/payments/ HTTP/1.1" 200 1545
INFO 2026-04-27 17:21:11,027 autoreload C:\Users\Welcome\Desktop\CRM\March 24\files\serializers.py changed, reloading.
INFO 2026-04-27 17:21:22,823 autoreload Watching for file changes with StatReloader
INFO 2026-04-27 17:24:18,978 basehttp "GET /payments HTTP/1.1" 200 420
INFO 2026-04-27 17:24:19,897 basehttp "GET /static/assets/index-189c2bbd.js HTTP/1.1" 200 400040
INFO 2026-04-27 17:24:19,940 basehttp "GET /static/assets/index-de673c6e.css HTTP/1.1" 200 51158
INFO 2026-04-27 17:24:22,872 basehttp "GET /favicon.ico HTTP/1.1" 200 420
INFO 2026-04-27 17:24:23,005 basehttp "GET /api/auth/me/ HTTP/1.1" 200 271
INFO 2026-04-27 17:24:23,263 basehttp "GET /api/payments/ HTTP/1.1" 200 1574
INFO 2026-04-27 17:24:36,759 basehttp "GET /favicon.ico HTTP/1.1" 200 420
INFO 2026-04-27 17:24:36,796 basehttp "POST /api/auth/logout/ HTTP/1.1" 200 37
INFO 2026-04-27 17:24:47,251 basehttp "POST /api/auth/login/ HTTP/1.1" 200 866
INFO 2026-04-27 17:24:47,436 basehttp "GET /favicon.ico HTTP/1.1" 200 420
INFO 2026-04-27 17:24:47,601 basehttp "GET /api/dashboard/summary/ HTTP/1.1" 200 381
INFO 2026-04-27 17:24:52,722 basehttp "GET /favicon.ico HTTP/1.1" 200 420
INFO 2026-04-27 17:24:52,893 basehttp "GET /api/payments/ HTTP/1.1" 200 4116
INFO 2026-04-27 17:26:57,765 basehttp "GET /favicon.ico HTTP/1.1" 200 420
INFO 2026-04-27 17:26:57,919 basehttp "GET /api/dashboard/summary/ HTTP/1.1" 200 381
INFO 2026-04-27 18:04:24,108 basehttp "GET /favicon.ico HTTP/1.1" 200 420
INFO 2026-04-27 18:04:24,119 basehttp "GET /api/courses/ HTTP/1.1" 200 675
INFO 2026-04-27 18:06:40,377 basehttp "GET /admin/courses HTTP/1.1" 200 420
INFO 2026-04-27 18:06:40,402 basehttp "GET /static/assets/index-6e888b8b.css HTTP/1.1" 200 51126
INFO 2026-04-27 18:06:40,462 basehttp "GET /static/assets/index-4889fcaa.js HTTP/1.1" 200 399371
INFO 2026-04-27 18:06:40,822 basehttp "GET /api/auth/me/ HTTP/1.1" 200 249
INFO 2026-04-27 18:06:40,852 basehttp "GET /api/courses/ HTTP/1.1" 200 675
INFO 2026-04-27 18:06:40,857 basehttp "GET /favicon.ico HTTP/1.1" 200 420
INFO 2026-04-27 18:07:16,247 basehttp "GET /favicon.ico HTTP/1.1" 200 420
INFO 2026-04-27 18:07:16,250 basehttp "GET /api/branches/ HTTP/1.1" 200 955
INFO 2026-04-27 18:10:22,385 basehttp "GET /admin/branches HTTP/1.1" 200 420
INFO 2026-04-27 18:10:22,422 basehttp "GET /static/assets/index-6e888b8b.css HTTP/1.1" 200 51126
INFO 2026-04-27 18:10:22,508 basehttp "GET /static/assets/index-0bce4348.js HTTP/1.1" 200 399308
INFO 2026-04-27 18:10:22,589 basehttp "GET /api/auth/me/ HTTP/1.1" 200 249
INFO 2026-04-27 18:10:22,645 basehttp "GET /favicon.ico HTTP/1.1" 200 420
INFO 2026-04-27 18:10:22,656 basehttp "GET /api/branches/ HTTP/1.1" 200 955
INFO 2026-04-27 18:10:34,369 basehttp "PATCH /api/branches/1/ HTTP/1.1" 200 349
INFO 2026-04-27 18:10:34,381 basehttp "GET /api/branches/ HTTP/1.1" 200 955
INFO 2026-04-27 18:11:50,593 basehttp "PATCH /api/branches/2/ HTTP/1.1" 200 342
INFO 2026-04-27 18:11:50,615 basehttp "GET /api/branches/ HTTP/1.1" 200 1023
INFO 2026-04-27 18:12:49,876 basehttp "PATCH /api/branches/3/ HTTP/1.1" 200 355
INFO 2026-04-27 18:12:49,894 basehttp "GET /api/branches/ HTTP/1.1" 200 1100
INFO 2026-04-27 18:12:51,652 basehttp "PATCH /api/branches/2/ HTTP/1.1" 200 342
INFO 2026-04-27 18:12:51,670 basehttp "GET /api/branches/ HTTP/1.1" 200 1100
INFO 2026-04-27 18:12:53,486 basehttp "PATCH /api/branches/1/ HTTP/1.1" 200 349
INFO 2026-04-27 18:12:53,502 basehttp "GET /api/branches/ HTTP/1.1" 200 1100
INFO 2026-04-27 18:12:58,606 basehttp "GET /api/branch-targets/ HTTP/1.1" 200 300
INFO 2026-04-27 18:12:58,607 basehttp "GET /favicon.ico HTTP/1.1" 200 420
INFO 2026-04-27 18:12:58,615 basehttp "GET /api/branches/ HTTP/1.1" 200 1100
INFO 2026-04-27 18:12:59,738 basehttp "GET /api/users/ HTTP/1.1" 200 573
INFO 2026-04-27 18:12:59,752 basehttp "GET /favicon.ico HTTP/1.1" 200 420
INFO 2026-04-27 18:12:59,769 basehttp "GET /api/branches/ HTTP/1.1" 200 1100
INFO 2026-04-27 18:12:59,770 basehttp "GET /api/enrollments/ HTTP/1.1" 200 1408
INFO 2026-04-27 18:13:28,677 basehttp "GET /favicon.ico HTTP/1.1" 200 420
INFO 2026-04-27 18:13:28,685 basehttp "GET /api/courses/ HTTP/1.1" 200 675
INFO 2026-04-27 18:14:22,454 basehttp "PATCH /api/courses/1/ HTTP/1.1" 200 311
INFO 2026-04-27 18:14:22,472 basehttp "GET /api/courses/ HTTP/1.1" 200 674
INFO 2026-04-27 18:14:38,553 basehttp "PATCH /api/courses/2/ HTTP/1.1" 200 310
INFO 2026-04-27 18:14:38,569 basehttp "GET /api/courses/ HTTP/1.1" 200 674
INFO 2026-04-27 18:15:08,201 basehttp "POST /api/auth/logout/ HTTP/1.1" 200 37
INFO 2026-04-27 18:15:08,201 basehttp "GET /favicon.ico HTTP/1.1" 200 420
INFO 2026-04-27 18:15:17,638 basehttp "POST /api/auth/login/ HTTP/1.1" 200 858
INFO 2026-04-27 18:15:17,696 basehttp "GET /favicon.ico HTTP/1.1" 200 420
INFO 2026-04-27 18:15:17,721 basehttp "GET /api/dashboard/summary/ HTTP/1.1" 200 379
INFO 2026-04-27 18:15:20,995 basehttp "GET /api/courses/ HTTP/1.1" 200 674
INFO 2026-04-27 18:15:21,027 basehttp "GET /favicon.ico HTTP/1.1" 200 420
INFO 2026-04-27 18:18:05,940 basehttp "GET /courses HTTP/1.1" 200 420
INFO 2026-04-27 18:18:05,981 basehttp "GET /static/assets/index-5e8b77b4.css HTTP/1.1" 200 51117
INFO 2026-04-27 18:18:06,089 basehttp "GET /static/assets/index-9f5f562e.js HTTP/1.1" 200 399833
INFO 2026-04-27 18:18:06,571 basehttp "GET /api/auth/me/ HTTP/1.1" 200 271
INFO 2026-04-27 18:18:06,614 basehttp "GET /favicon.ico HTTP/1.1" 200 420
INFO 2026-04-27 18:18:06,616 basehttp "GET /api/courses/ HTTP/1.1" 200 674
INFO 2026-04-27 18:18:12,251 basehttp "GET /favicon.ico HTTP/1.1" 200 420
INFO 2026-04-27 18:18:12,304 basehttp "POST /api/auth/logout/ HTTP/1.1" 200 37
INFO 2026-04-27 18:18:20,371 basehttp "POST /api/auth/login/ HTTP/1.1" 200 866
INFO 2026-04-27 18:18:20,403 basehttp "GET /favicon.ico HTTP/1.1" 200 420
INFO 2026-04-27 18:18:20,430 basehttp "GET /api/dashboard/summary/ HTTP/1.1" 200 381
INFO 2026-04-27 18:18:23,619 basehttp "GET /favicon.ico HTTP/1.1" 200 420
INFO 2026-04-27 18:18:23,629 basehttp "GET /api/courses/ HTTP/1.1" 200 674
INFO 2026-04-27 18:19:06,220 basehttp "PATCH /api/courses/1/ HTTP/1.1" 200 311
INFO 2026-04-27 18:19:06,246 basehttp "GET /api/courses/ HTTP/1.1" 200 674
INFO 2026-04-27 18:19:07,459 basehttp "PATCH /api/courses/2/ HTTP/1.1" 200 310
INFO 2026-04-27 18:19:07,478 basehttp "GET /api/courses/ HTTP/1.1" 200 674
INFO 2026-04-27 18:19:13,494 basehttp "PATCH /api/courses/2/ HTTP/1.1" 200 310
INFO 2026-04-27 18:19:13,514 basehttp "GET /api/courses/ HTTP/1.1" 200 674
INFO 2026-04-27 18:19:41,492 basehttp "POST /api/courses/ HTTP/1.1" 201 310
INFO 2026-04-27 18:19:41,510 basehttp "GET /api/courses/ HTTP/1.1" 200 985
INFO 2026-04-27 18:19:57,283 basehttp "POST /api/courses/ HTTP/1.1" 201 308
INFO 2026-04-27 18:19:57,306 basehttp "GET /api/courses/ HTTP/1.1" 200 1294
INFO 2026-04-27 18:21:46,363 basehttp "POST /api/courses/ HTTP/1.1" 201 312
INFO 2026-04-27 18:21:46,381 basehttp "GET /api/courses/ HTTP/1.1" 200 1607
INFO 2026-04-27 18:22:21,914 basehttp "POST /api/courses/ HTTP/1.1" 201 318
INFO 2026-04-27 18:22:21,944 basehttp "GET /api/courses/ HTTP/1.1" 200 1926
INFO 2026-04-27 18:23:03,966 basehttp "PATCH /api/courses/1/ HTTP/1.1" 200 314
INFO 2026-04-27 18:23:04,008 basehttp "GET /api/courses/ HTTP/1.1" 200 1929
INFO 2026-04-27 18:23:08,933 basehttp "PATCH /api/courses/1/ HTTP/1.1" 200 311
INFO 2026-04-27 18:23:08,958 basehttp "GET /api/courses/ HTTP/1.1" 200 1926
WARNING 2026-04-27 18:23:15,741 log Bad Request: /api/courses/1/
WARNING 2026-04-27 18:23:15,742 basehttp "PATCH /api/courses/1/ HTTP/1.1" 400 52
WARNING 2026-04-27 18:23:30,505 log Bad Request: /api/courses/
WARNING 2026-04-27 18:23:30,506 basehttp "POST /api/courses/ HTTP/1.1" 400 52
WARNING 2026-04-27 18:23:35,896 log Bad Request: /api/courses/
WARNING 2026-04-27 18:23:35,897 basehttp "POST /api/courses/ HTTP/1.1" 400 52
INFO 2026-04-27 18:23:40,065 basehttp "POST /api/courses/ HTTP/1.1" 201 296
INFO 2026-04-27 18:23:40,083 basehttp "GET /api/courses/ HTTP/1.1" 200 2223
WARNING 2026-04-27 18:23:47,047 log Bad Request: /api/courses/7/
WARNING 2026-04-27 18:23:47,048 basehttp "PATCH /api/courses/7/ HTTP/1.1" 400 52
INFO 2026-04-27 18:23:54,170 basehttp "PATCH /api/courses/7/ HTTP/1.1" 200 296
INFO 2026-04-27 18:23:54,196 basehttp "GET /api/courses/ HTTP/1.1" 200 2223
INFO 2026-04-27 18:25:24,088 basehttp "POST /api/courses/ HTTP/1.1" 201 303
INFO 2026-04-27 18:25:24,128 basehttp "GET /api/courses/ HTTP/1.1" 200 2527
INFO 2026-04-27 18:25:54,103 basehttp "POST /api/courses/ HTTP/1.1" 201 305
INFO 2026-04-27 18:25:54,126 basehttp "GET /api/courses/ HTTP/1.1" 200 2833
INFO 2026-04-27 18:26:24,160 basehttp "POST /api/courses/ HTTP/1.1" 201 298
INFO 2026-04-27 18:26:24,180 basehttp "GET /api/courses/ HTTP/1.1" 200 3133
INFO 2026-04-27 18:29:02,385 basehttp "GET /admin/courses HTTP/1.1" 200 420
INFO 2026-04-27 18:29:02,434 basehttp "GET /static/assets/index-022b021c.css HTTP/1.1" 200 51171
INFO 2026-04-27 18:29:02,551 basehttp "GET /static/assets/index-fa994c4f.js HTTP/1.1" 200 399799
INFO 2026-04-27 18:29:03,024 basehttp "GET /api/auth/me/ HTTP/1.1" 200 249
INFO 2026-04-27 18:29:03,082 basehttp "GET /favicon.ico HTTP/1.1" 200 420
INFO 2026-04-27 18:29:03,082 basehttp "GET /api/courses/ HTTP/1.1" 200 3133
INFO 2026-04-27 18:31:00,246 basehttp "GET /admin/courses HTTP/1.1" 200 420
INFO 2026-04-27 18:31:00,285 basehttp "GET /static/assets/index-14c40ded.css HTTP/1.1" 200 51179
INFO 2026-04-27 18:31:00,397 basehttp "GET /static/assets/index-555a0416.js HTTP/1.1" 200 399907
INFO 2026-04-27 18:31:00,496 basehttp "GET /api/auth/me/ HTTP/1.1" 200 249
INFO 2026-04-27 18:31:00,540 basehttp "GET /favicon.ico HTTP/1.1" 200 420
INFO 2026-04-27 18:31:00,545 basehttp "GET /api/courses/ HTTP/1.1" 200 3133
INFO 2026-04-27 18:31:26,742 basehttp "POST /api/courses/ HTTP/1.1" 201 298
INFO 2026-04-27 18:31:26,769 basehttp "GET /api/courses/ HTTP/1.1" 200 3432
INFO 2026-04-27 18:31:43,920 basehttp "POST /api/courses/ HTTP/1.1" 201 312
INFO 2026-04-27 18:31:43,952 basehttp "GET /api/courses/ HTTP/1.1" 200 3745
INFO 2026-04-27 18:32:11,141 basehttp "POST /api/courses/ HTTP/1.1" 201 314
INFO 2026-04-27 18:32:11,181 basehttp "GET /api/courses/ HTTP/1.1" 200 4060
INFO 2026-04-27 18:32:27,495 basehttp "PATCH /api/courses/13/ HTTP/1.1" 200 314
INFO 2026-04-27 18:32:27,521 basehttp "GET /api/courses/ HTTP/1.1" 200 4060
INFO 2026-04-27 18:32:30,189 basehttp "PATCH /api/courses/13/ HTTP/1.1" 200 314
INFO 2026-04-27 18:32:30,230 basehttp "GET /api/courses/ HTTP/1.1" 200 4060
INFO 2026-04-27 18:33:40,895 basehttp "POST /api/courses/ HTTP/1.1" 201 304
INFO 2026-04-27 18:33:40,933 basehttp "GET /api/courses/ HTTP/1.1" 200 4365
INFO 2026-04-27 18:37:15,534 basehttp "POST /api/courses/ HTTP/1.1" 201 310
INFO 2026-04-27 18:37:15,572 basehttp "GET /api/courses/ HTTP/1.1" 200 4676
INFO 2026-04-27 18:38:13,777 basehttp "POST /api/courses/ HTTP/1.1" 201 310
INFO 2026-04-27 18:38:13,802 basehttp "GET /api/courses/ HTTP/1.1" 200 4987
INFO 2026-04-27 18:38:37,787 basehttp "POST /api/courses/ HTTP/1.1" 201 298
INFO 2026-04-27 18:38:37,826 basehttp "GET /api/courses/ HTTP/1.1" 200 5286
INFO 2026-04-27 18:38:57,472 basehttp "POST /api/courses/ HTTP/1.1" 201 304
INFO 2026-04-27 18:38:57,504 basehttp "GET /api/courses/ HTTP/1.1" 200 5591
INFO 2026-04-27 18:40:10,626 basehttp "POST /api/courses/ HTTP/1.1" 201 299
INFO 2026-04-27 18:40:10,660 basehttp "GET /api/courses/ HTTP/1.1" 200 5891
INFO 2026-04-27 18:41:33,372 basehttp "POST /api/courses/ HTTP/1.1" 201 322
INFO 2026-04-27 18:41:33,404 basehttp "GET /api/courses/ HTTP/1.1" 200 6214
INFO 2026-04-27 18:42:02,580 basehttp "POST /api/courses/ HTTP/1.1" 201 320
INFO 2026-04-27 18:42:02,617 basehttp "GET /api/courses/ HTTP/1.1" 200 6535
INFO 2026-04-27 18:42:28,077 basehttp "POST /api/courses/ HTTP/1.1" 201 306
INFO 2026-04-27 18:42:28,109 basehttp "GET /api/courses/ HTTP/1.1" 200 6842
INFO 2026-04-27 18:43:23,949 basehttp "PATCH /api/courses/18/ HTTP/1.1" 200 304
INFO 2026-04-27 18:43:23,978 basehttp "GET /api/courses/ HTTP/1.1" 200 6842
INFO 2026-04-27 18:43:38,864 basehttp "PATCH /api/courses/17/ HTTP/1.1" 200 298
INFO 2026-04-27 18:43:38,899 basehttp "GET /api/courses/ HTTP/1.1" 200 6842
INFO 2026-04-27 18:44:30,902 basehttp "POST /api/courses/ HTTP/1.1" 201 312
INFO 2026-04-27 18:44:30,941 basehttp "GET /api/courses/ HTTP/1.1" 200 7155
INFO 2026-04-27 18:44:52,242 basehttp "POST /api/courses/ HTTP/1.1" 201 307
INFO 2026-04-27 18:44:52,277 basehttp "GET /api/courses/ HTTP/1.1" 200 7463
INFO 2026-04-27 18:45:17,597 basehttp "POST /api/courses/ HTTP/1.1" 201 297
INFO 2026-04-27 18:45:17,636 basehttp "GET /api/courses/ HTTP/1.1" 200 7761
INFO 2026-04-27 18:45:45,073 basehttp "POST /api/courses/ HTTP/1.1" 201 299
INFO 2026-04-27 18:45:45,109 basehttp "GET /api/courses/ HTTP/1.1" 200 7787
INFO 2026-04-27 18:46:16,994 basehttp "POST /api/courses/ HTTP/1.1" 201 298
INFO 2026-04-27 18:46:17,029 basehttp "GET /api/courses/ HTTP/1.1" 200 7775
INFO 2026-04-27 18:46:44,156 basehttp "POST /api/courses/ HTTP/1.1" 201 308
INFO 2026-04-27 18:46:44,190 basehttp "GET /api/courses/ HTTP/1.1" 200 7775
INFO 2026-04-27 18:49:59,646 basehttp "POST /api/courses/ HTTP/1.1" 201 313
INFO 2026-04-27 18:49:59,683 basehttp "GET /api/courses/ HTTP/1.1" 200 7775
INFO 2026-04-27 18:50:15,763 basehttp "GET /favicon.ico HTTP/1.1" 200 420
INFO 2026-04-27 18:50:15,767 basehttp "POST /api/auth/logout/ HTTP/1.1" 200 37
INFO 2026-04-27 18:50:27,514 basehttp "POST /api/auth/login/ HTTP/1.1" 200 858
INFO 2026-04-27 18:50:27,560 basehttp "GET /favicon.ico HTTP/1.1" 200 420
INFO 2026-04-27 18:50:27,580 basehttp "GET /api/dashboard/summary/ HTTP/1.1" 200 379
INFO 2026-04-27 18:50:31,407 basehttp "GET /favicon.ico HTTP/1.1" 200 420
INFO 2026-04-27 18:50:31,443 basehttp "GET /api/courses/ HTTP/1.1" 200 7775
INFO 2026-04-27 18:52:18,164 autoreload C:\Users\Welcome\Desktop\CRM\March 24\files\views.py changed, reloading.
INFO 2026-04-27 18:52:19,781 autoreload Watching for file changes with StatReloader
INFO 2026-04-27 18:53:53,969 basehttp "GET /courses HTTP/1.1" 200 420
INFO 2026-04-27 18:53:53,994 basehttp "GET /static/assets/index-555a0416.js HTTP/1.1" 304 0
INFO 2026-04-27 18:53:53,997 basehttp "GET /static/assets/index-14c40ded.css HTTP/1.1" 304 0
INFO 2026-04-27 18:53:54,369 basehttp "GET /favicon.ico HTTP/1.1" 200 420
INFO 2026-04-27 18:53:54,394 basehttp "GET /api/auth/me/ HTTP/1.1" 200 271
INFO 2026-04-27 18:53:54,521 basehttp "GET /api/courses/ HTTP/1.1" 200 8932
INFO 2026-04-27 18:54:01,793 basehttp "GET /favicon.ico HTTP/1.1" 200 420
INFO 2026-04-27 18:54:01,848 basehttp "POST /api/auth/logout/ HTTP/1.1" 200 37
INFO 2026-04-27 18:54:13,142 basehttp "POST /api/auth/login/ HTTP/1.1" 200 866
INFO 2026-04-27 18:54:13,208 basehttp "GET /favicon.ico HTTP/1.1" 200 420
INFO 2026-04-27 18:54:13,245 basehttp "GET /api/dashboard/summary/ HTTP/1.1" 200 381
INFO 2026-04-27 18:54:16,103 basehttp "GET /favicon.ico HTTP/1.1" 200 420
INFO 2026-04-27 18:54:16,169 basehttp "GET /api/courses/ HTTP/1.1" 200 8932
INFO 2026-04-27 18:54:30,365 basehttp "DELETE /api/courses/5/ HTTP/1.1" 204 0
INFO 2026-04-27 18:54:30,463 basehttp "GET /api/courses/ HTTP/1.1" 200 8619
INFO 2026-04-27 18:55:42,421 basehttp "POST /api/courses/ HTTP/1.1" 201 304
INFO 2026-04-27 18:55:42,502 basehttp "GET /api/courses/ HTTP/1.1" 200 8924
INFO 2026-04-27 18:56:35,609 basehttp "POST /api/courses/ HTTP/1.1" 201 307
INFO 2026-04-27 18:56:35,711 basehttp "GET /api/courses/ HTTP/1.1" 200 9232
INFO 2026-04-27 18:57:00,434 basehttp "POST /api/courses/ HTTP/1.1" 201 316
INFO 2026-04-27 18:57:00,543 basehttp "GET /api/courses/ HTTP/1.1" 200 9549
INFO 2026-04-27 18:57:40,345 basehttp "POST /api/courses/ HTTP/1.1" 201 323
INFO 2026-04-27 18:57:40,440 basehttp "GET /api/courses/ HTTP/1.1" 200 9873
INFO 2026-04-27 18:58:14,371 basehttp "POST /api/courses/ HTTP/1.1" 201 294
INFO 2026-04-27 18:58:14,505 basehttp "GET /api/courses/ HTTP/1.1" 200 10168
INFO 2026-04-27 18:59:16,475 basehttp "POST /api/courses/ HTTP/1.1" 201 303
INFO 2026-04-27 18:59:16,567 basehttp "GET /api/courses/ HTTP/1.1" 200 10472
INFO 2026-04-27 18:59:50,723 basehttp "POST /api/courses/ HTTP/1.1" 201 318
INFO 2026-04-27 18:59:50,855 basehttp "GET /api/courses/ HTTP/1.1" 200 10791
INFO 2026-04-27 19:00:38,862 basehttp "POST /api/courses/ HTTP/1.1" 201 319
INFO 2026-04-27 19:00:39,010 basehttp "GET /api/courses/ HTTP/1.1" 200 11111
INFO 2026-04-27 19:01:11,886 basehttp "POST /api/courses/ HTTP/1.1" 201 313
INFO 2026-04-27 19:01:11,997 basehttp "GET /api/courses/ HTTP/1.1" 200 11425
INFO 2026-04-27 19:02:05,794 basehttp "POST /api/courses/ HTTP/1.1" 201 309
INFO 2026-04-27 19:02:05,897 basehttp "GET /api/courses/ HTTP/1.1" 200 11735
INFO 2026-04-27 19:02:35,324 basehttp "POST /api/courses/ HTTP/1.1" 201 305
INFO 2026-04-27 19:02:35,443 basehttp "GET /api/courses/ HTTP/1.1" 200 12041
INFO 2026-04-27 19:02:54,294 basehttp "POST /api/courses/ HTTP/1.1" 201 312
INFO 2026-04-27 19:02:54,417 basehttp "GET /api/courses/ HTTP/1.1" 200 12354
INFO 2026-04-27 19:03:20,308 basehttp "POST /api/courses/ HTTP/1.1" 201 315
INFO 2026-04-27 19:03:20,421 basehttp "GET /api/courses/ HTTP/1.1" 200 12670
INFO 2026-04-27 19:04:46,522 basehttp "POST /api/courses/ HTTP/1.1" 201 311
INFO 2026-04-27 19:04:46,634 basehttp "GET /api/courses/ HTTP/1.1" 200 12982
INFO 2026-04-27 19:05:09,809 basehttp "POST /api/courses/ HTTP/1.1" 201 314
INFO 2026-04-27 19:05:09,921 basehttp "GET /api/courses/ HTTP/1.1" 200 13297
INFO 2026-04-27 19:05:57,778 basehttp "POST /api/courses/ HTTP/1.1" 201 314
INFO 2026-04-27 19:05:57,888 basehttp "GET /api/courses/ HTTP/1.1" 200 13612
INFO 2026-04-27 19:06:16,712 basehttp "GET /api/branches/ HTTP/1.1" 200 1100
INFO 2026-04-27 19:06:16,719 basehttp "GET /favicon.ico HTTP/1.1" 200 420
INFO 2026-04-27 19:06:21,644 basehttp "GET /favicon.ico HTTP/1.1" 200 420
INFO 2026-04-27 19:06:21,677 basehttp "GET /api/dashboard/summary/ HTTP/1.1" 200 381
INFO 2026-04-27 19:06:31,099 basehttp "GET /favicon.ico HTTP/1.1" 200 420
INFO 2026-04-27 19:06:31,164 basehttp "POST /api/auth/logout/ HTTP/1.1" 200 37
INFO 2026-04-27 19:06:41,126 basehttp "POST /api/auth/login/ HTTP/1.1" 200 858
INFO 2026-04-27 19:06:41,161 basehttp "GET /favicon.ico HTTP/1.1" 200 420
INFO 2026-04-27 19:06:41,225 basehttp "GET /api/dashboard/summary/ HTTP/1.1" 200 379
INFO 2026-04-27 19:09:16,067 autoreload Watching for file changes with StatReloader
INFO 2026-04-27 19:09:19,677 basehttp "GET / HTTP/1.1" 200 420
INFO 2026-04-27 19:09:19,993 basehttp "GET /static/assets/index-14c40ded.css HTTP/1.1" 304 0
INFO 2026-04-27 19:09:19,993 basehttp "GET /static/assets/index-555a0416.js HTTP/1.1" 304 0
INFO 2026-04-27 19:09:20,774 basehttp "GET /favicon.ico HTTP/1.1" 200 420
INFO 2026-04-27 19:09:20,793 basehttp "GET /api/auth/me/ HTTP/1.1" 200 271
INFO 2026-04-27 19:09:21,066 basehttp "GET /favicon.ico HTTP/1.1" 200 420
INFO 2026-04-27 19:09:31,582 basehttp "POST /api/auth/login/ HTTP/1.1" 200 858
INFO 2026-04-27 19:09:31,654 basehttp "GET /favicon.ico HTTP/1.1" 200 420
INFO 2026-04-27 19:09:31,696 basehttp "GET /api/dashboard/summary/ HTTP/1.1" 200 379
INFO 2026-04-27 19:09:43,383 basehttp "GET /dashboard HTTP/1.1" 200 420
INFO 2026-04-27 19:09:43,444 basehttp "GET /api/auth/me/ HTTP/1.1" 200 271
INFO 2026-04-27 19:09:43,521 basehttp "GET /favicon.ico HTTP/1.1" 200 420
INFO 2026-04-27 19:09:43,533 basehttp "GET /api/dashboard/summary/ HTTP/1.1" 200 379
INFO 2026-04-27 19:09:45,356 basehttp "GET /dashboard HTTP/1.1" 200 420
INFO 2026-04-27 19:09:45,414 basehttp "GET /api/auth/me/ HTTP/1.1" 200 271
INFO 2026-04-27 19:09:45,460 basehttp "GET /favicon.ico HTTP/1.1" 200 420
INFO 2026-04-27 19:09:45,483 basehttp "GET /api/dashboard/summary/ HTTP/1.1" 200 379
INFO 2026-04-27 19:09:46,989 basehttp "GET /dashboard HTTP/1.1" 200 420
INFO 2026-04-27 19:09:47,042 basehttp "GET /api/auth/me/ HTTP/1.1" 200 271
INFO 2026-04-27 19:09:47,087 basehttp "GET /favicon.ico HTTP/1.1" 200 420
INFO 2026-04-27 19:09:47,120 basehttp "GET /api/dashboard/summary/ HTTP/1.1" 200 379
INFO 2026-04-28 12:21:17,232 autoreload Watching for file changes with StatReloader
INFO 2026-04-28 12:21:30,833 basehttp "GET / HTTP/1.1" 200 420
INFO 2026-04-28 12:21:31,117 basehttp "GET /static/assets/index-555a0416.js HTTP/1.1" 304 0
INFO 2026-04-28 12:21:31,118 basehttp "GET /static/assets/index-14c40ded.css HTTP/1.1" 304 0
INFO 2026-04-28 12:21:31,434 basehttp "GET /favicon.ico HTTP/1.1" 200 420
WARNING 2026-04-28 12:21:31,491 log Unauthorized: /api/auth/me/
WARNING 2026-04-28 12:21:31,493 basehttp "GET /api/auth/me/ HTTP/1.1" 401 183
INFO 2026-04-28 12:21:31,527 basehttp "POST /api/auth/token/refresh/ HTTP/1.1" 200 705
INFO 2026-04-28 12:21:31,628 basehttp "GET /api/auth/me/ HTTP/1.1" 200 271
INFO 2026-04-28 12:21:31,813 basehttp "GET /static/assets/brand-logo-05bda913.png HTTP/1.1" 200 572462
INFO 2026-04-28 12:21:31,909 basehttp "GET /favicon.ico HTTP/1.1" 200 420
INFO 2026-04-28 12:21:31,926 basehttp "GET /static/assets/libertinus-serif-400-c73c9f3b.woff2 HTTP/1.1" 200 23400
INFO 2026-04-28 12:21:31,927 basehttp "GET /static/assets/libertinus-serif-700-8bd2d42a.woff2 HTTP/1.1" 200 23400
INFO 2026-04-28 12:21:31,931 basehttp "GET /static/assets/libertinus-serif-600-9f6e3162.woff2 HTTP/1.1" 200 22872
INFO 2026-04-28 12:21:55,591 basehttp "POST /api/auth/login/ HTTP/1.1" 200 866
INFO 2026-04-28 12:21:55,666 basehttp "GET /favicon.ico HTTP/1.1" 200 420
INFO 2026-04-28 12:21:55,754 basehttp "GET /api/dashboard/summary/ HTTP/1.1" 200 381
INFO 2026-04-28 12:22:08,651 basehttp "GET /api/branch-targets/ HTTP/1.1" 200 250
INFO 2026-04-28 12:22:08,652 basehttp "GET /api/branches/ HTTP/1.1" 200 1050
INFO 2026-04-28 12:22:08,653 basehttp "GET /favicon.ico HTTP/1.1" 200 420
INFO 2026-04-28 12:22:15,378 basehttp "GET /favicon.ico HTTP/1.1" 200 420
INFO 2026-04-28 12:22:15,426 basehttp "GET /api/dashboard/summary/ HTTP/1.1" 200 381
INFO 2026-04-28 12:23:22,384 basehttp "GET /favicon.ico HTTP/1.1" 200 420
INFO 2026-04-28 12:23:22,400 basehttp "GET /api/branches/ HTTP/1.1" 200 1050
INFO 2026-04-28 12:23:22,400 basehttp "GET /api/branch-targets/ HTTP/1.1" 200 250
INFO 2026-04-28 12:24:20,071 basehttp "GET /favicon.ico HTTP/1.1" 200 420
INFO 2026-04-28 12:24:20,129 basehttp "GET /api/payments/ HTTP/1.1" 200 4066
INFO 2026-04-28 12:24:28,314 basehttp "GET /favicon.ico HTTP/1.1" 200 420
INFO 2026-04-28 12:24:28,368 basehttp "GET /api/reports/user-performance/?month=2026-04 HTTP/1.1" 200 531
INFO 2026-04-28 12:24:33,262 basehttp "GET /favicon.ico HTTP/1.1" 200 420
INFO 2026-04-28 12:24:33,325 basehttp "GET /api/payments/ HTTP/1.1" 200 4066
INFO 2026-04-28 12:24:40,847 basehttp "GET /api/users/ HTTP/1.1" 200 523
INFO 2026-04-28 12:24:40,847 basehttp "GET /api/branches/ HTTP/1.1" 200 1050
INFO 2026-04-28 12:24:40,847 basehttp "GET /favicon.ico HTTP/1.1" 200 420
INFO 2026-04-28 12:24:40,859 basehttp "GET /api/enrollments/ HTTP/1.1" 200 1358
INFO 2026-04-28 12:24:54,373 basehttp "GET /favicon.ico HTTP/1.1" 200 420
INFO 2026-04-28 12:24:54,405 basehttp "GET /api/dashboard/summary/ HTTP/1.1" 200 381
INFO 2026-04-28 12:25:37,831 basehttp "GET /favicon.ico HTTP/1.1" 200 420
INFO 2026-04-28 12:25:37,864 basehttp "GET /api/payments/?status=pending HTTP/1.1" 200 2142
INFO 2026-04-28 12:25:39,183 basehttp "GET /favicon.ico HTTP/1.1" 200 420
INFO 2026-04-28 12:25:39,238 basehttp "GET /api/dashboard/summary/ HTTP/1.1" 200 381
INFO 2026-04-28 12:26:19,856 basehttp "GET /api/branches/ HTTP/1.1" 200 1050
INFO 2026-04-28 12:26:19,904 basehttp "GET /favicon.ico HTTP/1.1" 200 420
INFO 2026-04-28 12:26:20,048 basehttp "GET /api/walkins/?sectioned=1 HTTP/1.1" 200 3511
INFO 2026-04-28 12:26:20,086 basehttp "GET /api/courses/ HTTP/1.1" 200 13612
INFO 2026-04-28 12:27:02,705 basehttp "GET /favicon.ico HTTP/1.1" 200 420
INFO 2026-04-28 12:27:02,716 basehttp "GET /api/walkins/9/ HTTP/1.1" 200 842
INFO 2026-04-28 12:27:02,807 basehttp "GET /api/courses/ HTTP/1.1" 200 13612
INFO 2026-04-28 12:28:07,329 basehttp "GET /favicon.ico HTTP/1.1" 200 420
INFO 2026-04-28 12:28:07,366 basehttp "GET /api/dashboard/summary/ HTTP/1.1" 200 381
INFO 2026-04-28 12:28:10,606 basehttp "GET /favicon.ico HTTP/1.1" 200 420
INFO 2026-04-28 12:28:10,655 basehttp "GET /api/leads/?next_follow_up_date_from=2026-04-28&next_follow_up_date_to=2026-04-28 HTTP/1.1" 200 2
INFO 2026-04-28 12:28:12,414 basehttp "GET /favicon.ico HTTP/1.1" 200 420
INFO 2026-04-28 12:28:12,458 basehttp "GET /api/dashboard/summary/ HTTP/1.1" 200 381
INFO 2026-04-28 12:28:15,086 basehttp "GET /favicon.ico HTTP/1.1" 200 420
INFO 2026-04-28 12:28:15,132 basehttp "GET /api/branches/ HTTP/1.1" 200 1050
INFO 2026-04-28 12:28:15,156 basehttp "GET /api/walkins/?sectioned=1 HTTP/1.1" 200 3511
INFO 2026-04-28 12:28:15,250 basehttp "GET /api/courses/ HTTP/1.1" 200 13612
INFO 2026-04-28 12:28:17,011 basehttp "GET /favicon.ico HTTP/1.1" 200 420
INFO 2026-04-28 12:28:17,047 basehttp "GET /api/walkins/9/ HTTP/1.1" 200 842
INFO 2026-04-28 12:28:17,159 basehttp "GET /api/courses/ HTTP/1.1" 200 13612
INFO 2026-04-28 12:28:23,591 basehttp "PATCH /api/walkins/9/ HTTP/1.1" 200 842
INFO 2026-04-28 12:28:26,068 basehttp "GET /favicon.ico HTTP/1.1" 200 420
INFO 2026-04-28 12:28:26,103 basehttp "GET /api/dashboard/summary/ HTTP/1.1" 200 381
INFO 2026-04-28 12:28:29,025 basehttp "GET /dashboard HTTP/1.1" 200 420
INFO 2026-04-28 12:28:29,093 basehttp "GET /api/auth/me/ HTTP/1.1" 200 249
INFO 2026-04-28 12:28:29,388 basehttp "GET /favicon.ico HTTP/1.1" 200 420
INFO 2026-04-28 12:28:29,400 basehttp "GET /api/dashboard/summary/ HTTP/1.1" 200 381
INFO 2026-04-28 12:29:21,976 basehttp "GET /favicon.ico HTTP/1.1" 200 420
INFO 2026-04-28 12:29:22,010 basehttp "GET /api/leads/ HTTP/1.1" 200 1931
INFO 2026-04-28 12:29:23,344 basehttp "GET /favicon.ico HTTP/1.1" 200 420
INFO 2026-04-28 12:29:23,362 basehttp "GET /api/leads/6/ HTTP/1.1" 200 483
INFO 2026-04-28 12:31:31,399 basehttp "GET /favicon.ico HTTP/1.1" 200 420
INFO 2026-04-28 12:31:31,423 basehttp "GET /api/leads/ HTTP/1.1" 200 1931
INFO 2026-04-28 12:31:32,924 basehttp "GET /favicon.ico HTTP/1.1" 200 420
INFO 2026-04-28 12:31:32,938 basehttp "GET /api/leads/6/ HTTP/1.1" 200 483
INFO 2026-04-28 12:31:39,324 basehttp "GET /favicon.ico HTTP/1.1" 200 420
INFO 2026-04-28 12:31:39,333 basehttp "GET /api/branches/ HTTP/1.1" 200 1050
INFO 2026-04-28 12:31:39,408 basehttp "GET /api/walkins/?sectioned=1 HTTP/1.1" 200 3511
INFO 2026-04-28 12:31:39,493 basehttp "GET /api/courses/ HTTP/1.1" 200 13612
INFO 2026-04-28 12:31:45,362 basehttp "GET /api/leads/ HTTP/1.1" 200 1931
INFO 2026-04-28 12:31:45,376 basehttp "GET /favicon.ico HTTP/1.1" 200 420
INFO 2026-04-28 12:31:51,874 basehttp "GET /favicon.ico HTTP/1.1" 200 420
INFO 2026-04-28 12:31:51,989 basehttp "GET /api/courses/ HTTP/1.1" 200 13612
INFO 2026-04-28 12:32:00,641 basehttp "GET /favicon.ico HTTP/1.1" 200 420
INFO 2026-04-28 12:32:00,670 basehttp "GET /api/branches/ HTTP/1.1" 200 1050
INFO 2026-04-28 12:32:00,723 basehttp "GET /api/walkins/?sectioned=1 HTTP/1.1" 200 3511
INFO 2026-04-28 12:32:00,817 basehttp "GET /api/courses/ HTTP/1.1" 200 13612
INFO 2026-04-28 12:32:02,412 basehttp "GET /favicon.ico HTTP/1.1" 200 420
INFO 2026-04-28 12:32:02,440 basehttp "GET /api/walkins/9/ HTTP/1.1" 200 842
INFO 2026-04-28 12:32:02,544 basehttp "GET /api/courses/ HTTP/1.1" 200 13612
INFO 2026-04-28 12:32:49,870 basehttp "GET /favicon.ico HTTP/1.1" 200 420
INFO 2026-04-28 12:32:49,904 basehttp "GET /api/branches/ HTTP/1.1" 200 1050
INFO 2026-04-28 12:32:49,949 basehttp "GET /api/walkins/?sectioned=1 HTTP/1.1" 200 3511
INFO 2026-04-28 12:32:50,034 basehttp "GET /api/courses/ HTTP/1.1" 200 13612
INFO 2026-04-28 12:32:57,098 basehttp "GET /public/walk-in HTTP/1.1" 200 420
INFO 2026-04-28 12:32:57,579 basehttp "GET /api/public/walkin/ HTTP/1.1" 200 2346
INFO 2026-04-28 12:32:57,580 basehttp "GET /api/auth/me/ HTTP/1.1" 200 249
INFO 2026-04-28 12:32:57,598 basehttp "GET /favicon.ico HTTP/1.1" 200 420
INFO 2026-04-28 12:33:34,051 basehttp "GET /favicon.ico HTTP/1.1" 200 420
INFO 2026-04-28 12:33:34,075 basehttp "GET /api/walkins/6/ HTTP/1.1" 200 765
INFO 2026-04-28 12:33:34,185 basehttp "GET /api/courses/ HTTP/1.1" 200 13612
INFO 2026-04-28 12:34:11,311 basehttp "POST /api/walkins/6/convert-to-enrollment/ HTTP/1.1" 201 1024
INFO 2026-04-28 12:34:11,335 basehttp "GET /favicon.ico HTTP/1.1" 200 420
INFO 2026-04-28 12:34:11,372 basehttp "GET /api/enrollments/4/ HTTP/1.1" 200 1024
INFO 2026-04-28 12:34:19,592 basehttp "GET /favicon.ico HTTP/1.1" 200 420
INFO 2026-04-28 12:34:19,642 basehttp "GET /api/payments/ HTTP/1.1" 200 4325
INFO 2026-04-28 12:34:25,685 basehttp "GET /favicon.ico HTTP/1.1" 200 420
INFO 2026-04-28 12:34:25,693 basehttp "GET /api/payments/4/ HTTP/1.1" 200 258
INFO 2026-04-28 12:34:41,251 basehttp "POST /api/installments/ HTTP/1.1" 201 331
INFO 2026-04-28 12:34:41,282 basehttp "GET /api/payments/4/ HTTP/1.1" 200 593
INFO 2026-04-28 12:35:01,433 basehttp "GET /favicon.ico HTTP/1.1" 200 420
INFO 2026-04-28 12:35:01,487 basehttp "GET /api/branches/ HTTP/1.1" 200 1050
INFO 2026-04-28 12:35:01,522 basehttp "GET /api/enrollments/ HTTP/1.1" 200 1864
INFO 2026-04-28 12:35:01,610 basehttp "GET /api/courses/ HTTP/1.1" 200 13612
INFO 2026-04-28 12:35:08,749 basehttp "GET /favicon.ico HTTP/1.1" 200 420
INFO 2026-04-28 12:35:08,854 basehttp "GET /api/branches/ HTTP/1.1" 200 1050
INFO 2026-04-28 12:35:08,881 basehttp "GET /api/walkins/?sectioned=1 HTTP/1.1" 200 3517
INFO 2026-04-28 12:35:08,976 basehttp "GET /api/courses/ HTTP/1.1" 200 13612
INFO 2026-04-28 12:35:10,836 basehttp "GET /favicon.ico HTTP/1.1" 200 420
INFO 2026-04-28 12:35:10,862 basehttp "GET /api/walkins/7/ HTTP/1.1" 200 764
INFO 2026-04-28 12:35:10,971 basehttp "GET /api/courses/ HTTP/1.1" 200 13612
INFO 2026-04-28 12:37:43,794 basehttp "GET /favicon.ico HTTP/1.1" 200 420
INFO 2026-04-28 12:37:43,856 basehttp "GET /api/payments/ HTTP/1.1" 200 4660
INFO 2026-04-28 12:37:46,347 basehttp "GET /favicon.ico HTTP/1.1" 200 420
INFO 2026-04-28 12:37:46,372 basehttp "GET /api/payments/4/ HTTP/1.1" 200 593
INFO 2026-04-28 12:39:19,132 basehttp "GET /favicon.ico HTTP/1.1" 200 420
INFO 2026-04-28 12:39:19,148 basehttp "GET /api/branches/ HTTP/1.1" 200 1050
INFO 2026-04-28 12:39:19,156 basehttp "GET /api/branch-targets/ HTTP/1.1" 200 250
INFO 2026-04-28 12:40:03,005 basehttp "GET /favicon.ico HTTP/1.1" 200 420
INFO 2026-04-28 12:40:03,111 basehttp "GET /api/courses/ HTTP/1.1" 200 13612
INFO 2026-04-28 12:40:15,894 basehttp "GET /favicon.ico HTTP/1.1" 200 420
INFO 2026-04-28 12:40:15,960 basehttp "POST /api/auth/logout/ HTTP/1.1" 200 37
WARNING 2026-04-28 12:40:28,692 log Unauthorized: /api/auth/login/
WARNING 2026-04-28 12:40:28,700 basehttp "POST /api/auth/login/ HTTP/1.1" 401 63
INFO 2026-04-28 12:40:28,769 basehttp "GET /login HTTP/1.1" 200 420
INFO 2026-04-28 12:40:29,170 basehttp "GET /favicon.ico HTTP/1.1" 200 420
INFO 2026-04-28 12:40:39,459 basehttp "POST /api/auth/login/ HTTP/1.1" 200 858
INFO 2026-04-28 12:40:39,508 basehttp "GET /favicon.ico HTTP/1.1" 200 420
INFO 2026-04-28 12:40:39,560 basehttp "GET /api/dashboard/summary/ HTTP/1.1" 200 380
INFO 2026-04-28 12:40:44,980 basehttp "GET /favicon.ico HTTP/1.1" 200 420
INFO 2026-04-28 12:40:45,039 basehttp "GET /api/branches/ HTTP/1.1" 200 1050
INFO 2026-04-28 12:40:45,053 basehttp "GET /api/walkins/?sectioned=1&follow_up_date_from=2026-04-28&follow_up_date_to=2026-04-28 HTTP/1.1" 200 535
INFO 2026-04-28 12:40:45,146 basehttp "GET /api/courses/ HTTP/1.1" 200 13612
INFO 2026-04-28 12:40:48,094 basehttp "GET /favicon.ico HTTP/1.1" 200 420
INFO 2026-04-28 12:40:48,132 basehttp "GET /api/walkins/?sectioned=1 HTTP/1.1" 200 1697
INFO 2026-04-28 12:40:52,111 basehttp "GET /favicon.ico HTTP/1.1" 200 420
INFO 2026-04-28 12:40:52,146 basehttp "GET /api/branches/ HTTP/1.1" 200 1050
INFO 2026-04-28 12:40:52,223 basehttp "GET /api/enrollments/ HTTP/1.1" 200 968
INFO 2026-04-28 12:40:52,281 basehttp "GET /api/courses/ HTTP/1.1" 200 13612
INFO 2026-04-28 12:40:54,701 basehttp "GET /favicon.ico HTTP/1.1" 200 420
INFO 2026-04-28 12:40:54,735 basehttp "GET /api/branches/ HTTP/1.1" 200 1050
INFO 2026-04-28 12:40:54,777 basehttp "GET /api/enrollments/ HTTP/1.1" 200 968
INFO 2026-04-28 12:40:54,877 basehttp "GET /api/courses/ HTTP/1.1" 200 13612
INFO 2026-04-28 12:40:59,764 basehttp "GET /favicon.ico HTTP/1.1" 200 420
INFO 2026-04-28 12:40:59,800 basehttp "GET /api/payments/ HTTP/1.1" 200 2118
INFO 2026-04-28 12:41:03,139 basehttp "GET /favicon.ico HTTP/1.1" 200 420
INFO 2026-04-28 12:41:03,195 basehttp "GET /api/dashboard/summary/ HTTP/1.1" 200 380
INFO 2026-04-28 12:45:16,761 basehttp "GET /favicon.ico HTTP/1.1" 200 420
INFO 2026-04-28 12:45:16,801 basehttp "GET /api/branches/ HTTP/1.1" 200 1050
INFO 2026-04-28 12:45:16,833 basehttp "GET /api/enrollments/ HTTP/1.1" 200 968
INFO 2026-04-28 12:45:16,929 basehttp "GET /api/courses/ HTTP/1.1" 200 13612
INFO 2026-04-28 12:45:21,919 basehttp "GET /favicon.ico HTTP/1.1" 200 420
INFO 2026-04-28 12:45:21,946 basehttp "GET /api/branches/ HTTP/1.1" 200 1050
INFO 2026-04-28 12:45:22,002 basehttp "GET /api/walkins/?sectioned=1 HTTP/1.1" 200 1697
INFO 2026-04-28 12:45:22,089 basehttp "GET /api/courses/ HTTP/1.1" 200 13612
INFO 2026-04-28 12:47:05,705 basehttp "GET /favicon.ico HTTP/1.1" 200 420
INFO 2026-04-28 12:47:05,835 basehttp "GET /api/courses/ HTTP/1.1" 200 13612
INFO 2026-04-28 12:47:21,491 basehttp "GET /favicon.ico HTTP/1.1" 200 420
INFO 2026-04-28 12:47:21,529 basehttp "GET /api/dashboard/summary/ HTTP/1.1" 200 380
INFO 2026-04-28 12:49:04,513 basehttp "GET /favicon.ico HTTP/1.1" 200 420
INFO 2026-04-28 12:49:04,539 basehttp "GET /api/leads/ HTTP/1.1" 200 974
INFO 2026-04-28 12:50:54,179 basehttp "GET /favicon.ico HTTP/1.1" 200 420
INFO 2026-04-28 12:50:54,240 basehttp "GET /api/payments/ HTTP/1.1" 200 2118
INFO 2026-04-28 12:50:58,433 basehttp "GET /favicon.ico HTTP/1.1" 200 420
INFO 2026-04-28 12:50:58,456 basehttp "GET /api/payments/4/ HTTP/1.1" 200 593
INFO 2026-04-28 12:51:04,263 basehttp "GET /favicon.ico HTTP/1.1" 200 420
INFO 2026-04-28 12:51:04,274 basehttp "GET /api/payments/ HTTP/1.1" 200 2118
INFO 2026-04-28 12:51:05,635 basehttp "GET /favicon.ico HTTP/1.1" 200 420
INFO 2026-04-28 12:51:05,672 basehttp "GET /api/payments/3/ HTTP/1.1" 200 1522
INFO 2026-04-28 12:51:08,857 basehttp "GET /api/installments/8/view-bill/ HTTP/1.1" 200 766781
INFO 2026-04-28 12:54:03,971 basehttp "GET /favicon.ico HTTP/1.1" 200 420
INFO 2026-04-28 12:54:04,036 basehttp "GET /api/payments/ HTTP/1.1" 200 2118
INFO 2026-04-28 12:54:05,465 basehttp "GET /favicon.ico HTTP/1.1" 200 420
INFO 2026-04-28 12:54:05,476 basehttp "GET /api/payments/4/ HTTP/1.1" 200 593
INFO 2026-04-28 12:54:10,128 basehttp "GET /favicon.ico HTTP/1.1" 200 420
INFO 2026-04-28 12:54:10,181 basehttp "POST /api/auth/logout/ HTTP/1.1" 200 37
INFO 2026-04-28 12:54:17,630 basehttp "POST /api/auth/login/ HTTP/1.1" 200 866
INFO 2026-04-28 12:54:17,659 basehttp "GET /favicon.ico HTTP/1.1" 200 420
INFO 2026-04-28 12:54:17,693 basehttp "GET /api/dashboard/summary/ HTTP/1.1" 200 381
INFO 2026-04-28 12:54:19,472 basehttp "GET /favicon.ico HTTP/1.1" 200 420
INFO 2026-04-28 12:54:19,538 basehttp "GET /api/payments/ HTTP/1.1" 200 4660
INFO 2026-04-28 12:54:23,169 basehttp "GET /favicon.ico HTTP/1.1" 200 420
INFO 2026-04-28 12:54:23,192 basehttp "GET /api/payments/4/ HTTP/1.1" 200 593
INFO 2026-04-28 12:54:26,897 basehttp "POST /api/installments/10/generate-bill/ HTTP/1.1" 200 414
INFO 2026-04-28 12:54:26,928 basehttp "GET /api/payments/4/ HTTP/1.1" 200 676
INFO 2026-04-28 12:54:28,394 basehttp "GET /api/installments/10/view-bill/ HTTP/1.1" 200 766769
INFO 2026-04-28 12:54:46,221 basehttp "GET /favicon.ico HTTP/1.1" 200 420
INFO 2026-04-28 12:54:46,276 basehttp "GET /api/payments/ HTTP/1.1" 200 4743
INFO 2026-04-28 12:55:04,947 basehttp "GET /favicon.ico HTTP/1.1" 200 420
INFO 2026-04-28 12:55:04,967 basehttp "GET /api/payments/4/ HTTP/1.1" 200 676
INFO 2026-04-28 12:55:12,794 basehttp "GET /favicon.ico HTTP/1.1" 200 420
INFO 2026-04-28 12:55:12,801 basehttp "GET /api/branches/ HTTP/1.1" 200 1050
INFO 2026-04-28 12:55:12,863 basehttp "GET /api/enrollments/ HTTP/1.1" 200 1864
INFO 2026-04-28 12:55:12,960 basehttp "GET /api/courses/ HTTP/1.1" 200 13612
INFO 2026-04-28 12:55:29,735 basehttp "GET /favicon.ico HTTP/1.1" 200 420
INFO 2026-04-28 12:55:29,811 basehttp "GET /api/payments/ HTTP/1.1" 200 4743
INFO 2026-04-28 12:55:30,947 basehttp "GET /favicon.ico HTTP/1.1" 200 420
INFO 2026-04-28 12:55:30,962 basehttp "GET /api/payments/1/ HTTP/1.1" 200 617
INFO 2026-04-28 12:55:34,789 basehttp "GET /favicon.ico HTTP/1.1" 200 420
INFO 2026-04-28 12:55:34,797 basehttp "GET /api/branches/ HTTP/1.1" 200 1050
INFO 2026-04-28 12:55:37,960 basehttp "GET /favicon.ico HTTP/1.1" 200 420
INFO 2026-04-28 12:55:38,019 basehttp "GET /api/payments/ HTTP/1.1" 200 4743
INFO 2026-04-28 12:55:41,645 basehttp "GET /favicon.ico HTTP/1.1" 200 420
INFO 2026-04-28 12:55:41,808 basehttp "GET /api/branches/ HTTP/1.1" 200 1050
INFO 2026-04-28 12:55:41,837 basehttp "GET /api/walkins/?sectioned=1 HTTP/1.1" 200 3517
INFO 2026-04-28 12:55:41,907 basehttp "GET /api/courses/ HTTP/1.1" 200 13612
INFO 2026-04-28 12:55:44,977 basehttp "GET /favicon.ico HTTP/1.1" 200 420
INFO 2026-04-28 12:55:45,006 basehttp "GET /api/walkins/9/ HTTP/1.1" 200 842
INFO 2026-04-28 12:55:45,129 basehttp "GET /api/courses/ HTTP/1.1" 200 13612
INFO 2026-04-28 12:55:47,657 basehttp "GET /favicon.ico HTTP/1.1" 200 420
INFO 2026-04-28 12:55:47,671 basehttp "GET /api/branches/ HTTP/1.1" 200 1050
INFO 2026-04-28 12:55:47,712 basehttp "GET /api/enrollments/ HTTP/1.1" 200 1864
INFO 2026-04-28 12:55:47,788 basehttp "GET /api/courses/ HTTP/1.1" 200 13612
INFO 2026-04-28 12:55:52,825 basehttp "GET /favicon.ico HTTP/1.1" 200 420
INFO 2026-04-28 12:55:52,885 basehttp "GET /api/payments/ HTTP/1.1" 200 4743
INFO 2026-04-28 12:55:55,190 basehttp "GET /favicon.ico HTTP/1.1" 200 420
INFO 2026-04-28 12:55:55,199 basehttp "GET /api/payments/1/ HTTP/1.1" 200 617
INFO 2026-04-28 12:55:56,100 basehttp "GET /favicon.ico HTTP/1.1" 200 420
INFO 2026-04-28 12:55:56,149 basehttp "GET /api/payments/ HTTP/1.1" 200 4743
INFO 2026-04-28 12:55:58,263 basehttp "GET /favicon.ico HTTP/1.1" 200 420
INFO 2026-04-28 12:55:58,288 basehttp "GET /api/payments/4/ HTTP/1.1" 200 676
INFO 2026-04-28 12:56:07,523 basehttp "GET /favicon.ico HTTP/1.1" 200 420
INFO 2026-04-28 12:56:07,552 basehttp "GET /api/branches/ HTTP/1.1" 200 1050
INFO 2026-04-28 12:56:07,606 basehttp "GET /api/walkins/?sectioned=1 HTTP/1.1" 200 3517
INFO 2026-04-28 12:56:07,698 basehttp "GET /api/courses/ HTTP/1.1" 200 13612
INFO 2026-04-28 12:56:09,797 basehttp "GET /favicon.ico HTTP/1.1" 200 420
INFO 2026-04-28 12:56:09,823 basehttp "GET /api/walkins/9/ HTTP/1.1" 200 842
INFO 2026-04-28 12:56:09,932 basehttp "GET /api/courses/ HTTP/1.1" 200 13612
INFO 2026-04-28 12:56:15,682 basehttp "POST /api/walkins/9/convert-to-enrollment/ HTTP/1.1" 201 1057
INFO 2026-04-28 12:56:15,705 basehttp "GET /favicon.ico HTTP/1.1" 200 420
INFO 2026-04-28 12:56:15,737 basehttp "GET /api/enrollments/5/ HTTP/1.1" 200 1057
INFO 2026-04-28 12:56:24,125 basehttp "PATCH /api/enrollments/5/ HTTP/1.1" 200 1079
INFO 2026-04-28 12:56:27,008 basehttp "GET /favicon.ico HTTP/1.1" 200 420
INFO 2026-04-28 12:56:27,054 basehttp "GET /api/payments/ HTTP/1.1" 200 5004
INFO 2026-04-28 12:56:29,425 basehttp "GET /favicon.ico HTTP/1.1" 200 420
INFO 2026-04-28 12:56:29,436 basehttp "GET /api/payments/5/ HTTP/1.1" 200 260
INFO 2026-04-28 13:01:58,246 basehttp "GET /favicon.ico HTTP/1.1" 200 420
INFO 2026-04-28 13:01:58,256 basehttp "GET /api/branches/ HTTP/1.1" 200 1050
INFO 2026-04-28 13:01:58,282 basehttp "GET /api/enrollments/ HTTP/1.1" 200 2400
INFO 2026-04-28 13:01:58,386 basehttp "GET /api/courses/ HTTP/1.1" 200 13612
INFO 2026-04-28 13:02:03,892 basehttp "GET /favicon.ico HTTP/1.1" 200 420
INFO 2026-04-28 13:02:03,948 basehttp "GET /api/enrollments/3/ HTTP/1.1" 200 2261
INFO 2026-04-28 15:56:16,938 basehttp "GET /favicon.ico HTTP/1.1" 200 420
INFO 2026-04-28 15:56:16,949 basehttp "GET /api/branches/ HTTP/1.1" 200 1050
INFO 2026-04-28 15:56:17,009 basehttp "GET /api/enrollments/ HTTP/1.1" 200 2400
INFO 2026-04-28 15:56:17,083 basehttp "GET /api/courses/ HTTP/1.1" 200 13612
INFO 2026-04-28 15:56:21,206 basehttp "GET /favicon.ico HTTP/1.1" 200 420
INFO 2026-04-28 15:56:21,228 basehttp "POST /api/auth/logout/ HTTP/1.1" 200 37
INFO 2026-04-28 15:56:34,322 basehttp "POST /api/auth/login/ HTTP/1.1" 200 858
INFO 2026-04-28 15:56:34,366 basehttp "GET /favicon.ico HTTP/1.1" 200 420
INFO 2026-04-28 15:56:34,422 basehttp "GET /api/dashboard/summary/ HTTP/1.1" 200 380
INFO 2026-04-28 15:57:21,992 basehttp "GET /favicon.ico HTTP/1.1" 200 420
INFO 2026-04-28 15:57:22,041 basehttp "GET /api/branches/ HTTP/1.1" 200 1050
INFO 2026-04-28 15:57:22,056 basehttp "GET /api/walkins/?sectioned=1 HTTP/1.1" 200 1703
INFO 2026-04-28 15:57:22,167 basehttp "GET /api/courses/ HTTP/1.1" 200 13612
INFO 2026-04-28 15:57:24,272 basehttp "GET /favicon.ico HTTP/1.1" 200 420
INFO 2026-04-28 15:57:24,307 basehttp "GET /api/walkins/9/ HTTP/1.1" 200 848
INFO 2026-04-28 15:57:24,401 basehttp "GET /api/courses/ HTTP/1.1" 200 13612
INFO 2026-04-28 15:59:00,845 basehttp "GET /favicon.ico HTTP/1.1" 200 420
INFO 2026-04-28 15:59:00,878 basehttp "GET /api/branches/ HTTP/1.1" 200 1050
INFO 2026-04-28 15:59:00,922 basehttp "GET /api/walkins/?sectioned=1 HTTP/1.1" 200 1703
INFO 2026-04-28 15:59:01,030 basehttp "GET /api/courses/ HTTP/1.1" 200 13612
INFO 2026-04-28 16:40:25,596 autoreload Watching for file changes with StatReloader
INFO 2026-04-28 16:40:32,829 basehttp "GET / HTTP/1.1" 200 420
INFO 2026-04-28 16:40:33,157 basehttp "GET /static/assets/index-14c40ded.css HTTP/1.1" 304 0
INFO 2026-04-28 16:40:33,158 basehttp "GET /static/assets/index-555a0416.js HTTP/1.1" 304 0
INFO 2026-04-28 16:40:34,194 basehttp "GET /favicon.ico HTTP/1.1" 200 420
INFO 2026-04-28 16:40:34,241 basehttp "GET /api/auth/me/ HTTP/1.1" 200 271
INFO 2026-04-28 16:40:34,277 basehttp "GET /static/assets/brand-logo-05bda913.png HTTP/1.1" 304 0
INFO 2026-04-28 16:40:34,369 basehttp "GET /static/assets/libertinus-serif-400-c73c9f3b.woff2 HTTP/1.1" 304 0
INFO 2026-04-28 16:40:34,369 basehttp "GET /static/assets/libertinus-serif-700-8bd2d42a.woff2 HTTP/1.1" 304 0
INFO 2026-04-28 16:40:34,374 basehttp "GET /static/assets/libertinus-serif-600-9f6e3162.woff2 HTTP/1.1" 304 0
INFO 2026-04-28 16:40:34,375 basehttp "GET /favicon.ico HTTP/1.1" 200 420
INFO 2026-04-28 16:40:45,987 basehttp "POST /api/auth/login/ HTTP/1.1" 200 858
INFO 2026-04-28 16:40:46,093 basehttp "GET /favicon.ico HTTP/1.1" 200 420
INFO 2026-04-28 16:40:46,110 basehttp "GET /api/dashboard/summary/ HTTP/1.1" 200 380
INFO 2026-04-28 16:40:49,156 basehttp "GET /favicon.ico HTTP/1.1" 200 420
INFO 2026-04-28 16:40:49,194 basehttp "GET /api/payments/?status=pending HTTP/1.1" 200 2462
INFO 2026-04-28 16:41:09,306 basehttp "GET /favicon.ico HTTP/1.1" 200 420
INFO 2026-04-28 16:41:09,310 basehttp "GET /api/branches/ HTTP/1.1" 200 1050
INFO 2026-04-28 16:41:09,387 basehttp "GET /api/enrollments/ HTTP/1.1" 200 1504
INFO 2026-04-28 16:41:09,476 basehttp "GET /api/courses/ HTTP/1.1" 200 13612
INFO 2026-04-28 16:41:11,027 basehttp "GET /favicon.ico HTTP/1.1" 200 420
INFO 2026-04-28 16:41:11,068 basehttp "GET /api/branches/ HTTP/1.1" 200 1050
INFO 2026-04-28 16:41:11,131 basehttp "GET /api/walkins/?sectioned=1 HTTP/1.1" 200 1703
INFO 2026-04-28 16:41:11,202 basehttp "GET /api/courses/ HTTP/1.1" 200 13612
INFO 2026-04-28 16:49:31,860 basehttp "GET /favicon.ico HTTP/1.1" 200 420
INFO 2026-04-28 16:49:31,898 basehttp "GET /api/dashboard/summary/ HTTP/1.1" 200 380
INFO 2026-04-28 16:51:01,690 autoreload C:\Users\Welcome\Desktop\CRM\March 24\files\views.py changed, reloading.
INFO 2026-04-28 16:51:03,417 autoreload Watching for file changes with StatReloader
INFO 2026-04-28 17:02:17,885 basehttp "GET /api/branches/ HTTP/1.1" 200 1050
INFO 2026-04-28 17:02:17,914 basehttp "GET /api/walkins/?sectioned=1 HTTP/1.1" 200 1703
INFO 2026-04-28 17:02:17,919 basehttp "GET /favicon.ico HTTP/1.1" 200 420
INFO 2026-04-28 17:02:17,934 basehttp "GET /api/courses/ HTTP/1.1" 200 13612
INFO 2026-04-28 17:02:20,036 basehttp "GET /walkins HTTP/1.1" 200 420
INFO 2026-04-28 17:02:20,364 basehttp "GET /static/assets/index-3eb45fdd.js HTTP/1.1" 200 400053
INFO 2026-04-28 17:02:20,693 basehttp "GET /api/auth/me/ HTTP/1.1" 200 271
INFO 2026-04-28 17:02:20,725 basehttp "GET /favicon.ico HTTP/1.1" 200 420
INFO 2026-04-28 17:02:20,776 basehttp "GET /api/walkins/?sectioned=1 HTTP/1.1" 200 1703
INFO 2026-04-28 17:02:20,840 basehttp "GET /api/courses/ HTTP/1.1" 200 13612
INFO 2026-04-28 17:02:30,606 basehttp "GET /favicon.ico HTTP/1.1" 200 420
INFO 2026-04-28 17:02:30,609 basehttp "GET /api/branches/ HTTP/1.1" 200 1050
INFO 2026-04-28 17:02:30,676 basehttp "GET /api/enrollments/ HTTP/1.1" 200 1504
INFO 2026-04-28 17:02:30,749 basehttp "GET /api/courses/ HTTP/1.1" 200 13612
INFO 2026-04-28 17:03:37,894 autoreload C:\Users\Welcome\Desktop\CRM\March 24\files\views.py changed, reloading.
INFO 2026-04-28 17:03:39,266 autoreload Watching for file changes with StatReloader
INFO 2026-04-28 17:03:44,121 autoreload C:\Users\Welcome\Desktop\CRM\March 24\files\serializers.py changed, reloading.
INFO 2026-04-28 17:03:45,464 autoreload Watching for file changes with StatReloader
INFO 2026-04-28 17:03:50,760 basehttp "GET /favicon.ico HTTP/1.1" 200 420
INFO 2026-04-28 17:03:50,812 basehttp "GET /api/leads/ HTTP/1.1" 200 974
INFO 2026-04-28 17:03:53,374 basehttp "GET /favicon.ico HTTP/1.1" 200 420
INFO 2026-04-28 17:03:53,432 basehttp "GET /api/walkins/?sectioned=1 HTTP/1.1" 200 1703
INFO 2026-04-28 17:03:53,510 basehttp "GET /api/courses/ HTTP/1.1" 200 13612
INFO 2026-04-28 17:03:59,813 basehttp "GET /favicon.ico HTTP/1.1" 200 420
INFO 2026-04-28 17:03:59,850 basehttp "GET /api/walkins/9/ HTTP/1.1" 200 848
INFO 2026-04-28 17:03:59,930 basehttp "GET /api/courses/ HTTP/1.1" 200 13612
ERROR 2026-04-28 17:04:14,941 log Internal Server Error: /api/walkins/9/convert-to-enrollment/
Traceback (most recent call last):
  File "C:\Users\Welcome\Desktop\CRM\March 24\files\.venv\lib\site-packages\django\db\backends\utils.py", line 89, in _execute
    return self.cursor.execute(sql, params)
  File "C:\Users\Welcome\Desktop\CRM\March 24\files\.venv\lib\site-packages\django\db\backends\sqlite3\base.py", line 328, in execute
    return super().execute(query, params)
sqlite3.IntegrityError: UNIQUE constraint failed: enrollments.walkin_id

The above exception was the direct cause of the following exception:

Traceback (most recent call last):
  File "C:\Users\Welcome\Desktop\CRM\March 24\files\.venv\lib\site-packages\django\core\handlers\exception.py", line 55, in inner
    response = get_response(request)
  File "C:\Users\Welcome\Desktop\CRM\March 24\files\.venv\lib\site-packages\django\core\handlers\base.py", line 197, in _get_response
    response = wrapped_callback(request, *callback_args, **callback_kwargs)
  File "C:\Users\Welcome\Desktop\CRM\March 24\files\.venv\lib\site-packages\django\views\decorators\csrf.py", line 56, in wrapper_view
    return view_func(*args, **kwargs)
  File "C:\Users\Welcome\Desktop\CRM\March 24\files\.venv\lib\site-packages\rest_framework\viewsets.py", line 125, in view
    return self.dispatch(request, *args, **kwargs)
  File "C:\Users\Welcome\Desktop\CRM\March 24\files\.venv\lib\site-packages\rest_framework\views.py", line 509, in dispatch
    response = self.handle_exception(exc)
  File "C:\Users\Welcome\Desktop\CRM\March 24\files\.venv\lib\site-packages\rest_framework\views.py", line 469, in handle_exception
    self.raise_uncaught_exception(exc)
  File "C:\Users\Welcome\Desktop\CRM\March 24\files\.venv\lib\site-packages\rest_framework\views.py", line 480, in raise_uncaught_exception
    raise exc
  File "C:\Users\Welcome\Desktop\CRM\March 24\files\.venv\lib\site-packages\rest_framework\views.py", line 506, in dispatch
    response = handler(request, *args, **kwargs)
  File "C:\Users\Welcome\Desktop\CRM\March 24\files\views.py", line 451, in convert_to_enrollment
    enrollment = serializer.save(walkin=walkin, enrolled_by=request.user)
  File "C:\Users\Welcome\Desktop\CRM\March 24\files\.venv\lib\site-packages\rest_framework\serializers.py", line 212, in save
    self.instance = self.create(validated_data)
  File "C:\Users\Welcome\Desktop\CRM\March 24\files\serializers.py", line 282, in create
    enrollment = super().create(validated_data)
  File "C:\Users\Welcome\Desktop\CRM\March 24\files\.venv\lib\site-packages\rest_framework\serializers.py", line 962, in create
    instance = ModelClass._default_manager.create(**validated_data)
  File "C:\Users\Welcome\Desktop\CRM\March 24\files\.venv\lib\site-packages\django\db\models\manager.py", line 87, in manager_method
    return getattr(self.get_queryset(), name)(*args, **kwargs)
  File "C:\Users\Welcome\Desktop\CRM\March 24\files\.venv\lib\site-packages\django\db\models\query.py", line 658, in create
    obj.save(force_insert=True, using=self.db)
  File "C:\Users\Welcome\Desktop\CRM\March 24\files\crm\models.py", line 377, in save
    super().save(*args, **kwargs)
  File "C:\Users\Welcome\Desktop\CRM\March 24\files\.venv\lib\site-packages\django\db\models\base.py", line 814, in save
    self.save_base(
  File "C:\Users\Welcome\Desktop\CRM\March 24\files\.venv\lib\site-packages\django\db\models\base.py", line 877, in save_base
    updated = self._save_table(
  File "C:\Users\Welcome\Desktop\CRM\March 24\files\.venv\lib\site-packages\django\db\models\base.py", line 1020, in _save_table
    results = self._do_insert(
  File "C:\Users\Welcome\Desktop\CRM\March 24\files\.venv\lib\site-packages\django\db\models\base.py", line 1061, in _do_insert
    return manager._insert(
  File "C:\Users\Welcome\Desktop\CRM\March 24\files\.venv\lib\site-packages\django\db\models\manager.py", line 87, in manager_method
    return getattr(self.get_queryset(), name)(*args, **kwargs)
  File "C:\Users\Welcome\Desktop\CRM\March 24\files\.venv\lib\site-packages\django\db\models\query.py", line 1805, in _insert
    return query.get_compiler(using=using).execute_sql(returning_fields)
  File "C:\Users\Welcome\Desktop\CRM\March 24\files\.venv\lib\site-packages\django\db\models\sql\compiler.py", line 1822, in execute_sql
    cursor.execute(sql, params)
  File "C:\Users\Welcome\Desktop\CRM\March 24\files\.venv\lib\site-packages\django\db\backends\utils.py", line 102, in execute
    return super().execute(sql, params)
  File "C:\Users\Welcome\Desktop\CRM\March 24\files\.venv\lib\site-packages\django\db\backends\utils.py", line 67, in execute
    return self._execute_with_wrappers(
  File "C:\Users\Welcome\Desktop\CRM\March 24\files\.venv\lib\site-packages\django\db\backends\utils.py", line 80, in _execute_with_wrappers
    return executor(sql, params, many, context)
  File "C:\Users\Welcome\Desktop\CRM\March 24\files\.venv\lib\site-packages\django\db\backends\utils.py", line 84, in _execute
    with self.db.wrap_database_errors:
  File "C:\Users\Welcome\Desktop\CRM\March 24\files\.venv\lib\site-packages\django\db\utils.py", line 91, in __exit__
    raise dj_exc_value.with_traceback(traceback) from exc_value
  File "C:\Users\Welcome\Desktop\CRM\March 24\files\.venv\lib\site-packages\django\db\backends\utils.py", line 89, in _execute
    return self.cursor.execute(sql, params)
  File "C:\Users\Welcome\Desktop\CRM\March 24\files\.venv\lib\site-packages\django\db\backends\sqlite3\base.py", line 328, in execute
    return super().execute(query, params)
django.db.utils.IntegrityError: UNIQUE constraint failed: enrollments.walkin_id
ERROR 2026-04-28 17:04:14,950 basehttp "POST /api/walkins/9/convert-to-enrollment/ HTTP/1.1" 500 252381
ERROR 2026-04-28 17:04:24,463 log Internal Server Error: /api/walkins/9/convert-to-enrollment/
Traceback (most recent call last):
  File "C:\Users\Welcome\Desktop\CRM\March 24\files\.venv\lib\site-packages\django\db\backends\utils.py", line 89, in _execute
    return self.cursor.execute(sql, params)
  File "C:\Users\Welcome\Desktop\CRM\March 24\files\.venv\lib\site-packages\django\db\backends\sqlite3\base.py", line 328, in execute
    return super().execute(query, params)
sqlite3.IntegrityError: UNIQUE constraint failed: enrollments.walkin_id

The above exception was the direct cause of the following exception:

Traceback (most recent call last):
  File "C:\Users\Welcome\Desktop\CRM\March 24\files\.venv\lib\site-packages\django\core\handlers\exception.py", line 55, in inner
    response = get_response(request)
  File "C:\Users\Welcome\Desktop\CRM\March 24\files\.venv\lib\site-packages\django\core\handlers\base.py", line 197, in _get_response
    response = wrapped_callback(request, *callback_args, **callback_kwargs)
  File "C:\Users\Welcome\Desktop\CRM\March 24\files\.venv\lib\site-packages\django\views\decorators\csrf.py", line 56, in wrapper_view
    return view_func(*args, **kwargs)
  File "C:\Users\Welcome\Desktop\CRM\March 24\files\.venv\lib\site-packages\rest_framework\viewsets.py", line 125, in view
    return self.dispatch(request, *args, **kwargs)
  File "C:\Users\Welcome\Desktop\CRM\March 24\files\.venv\lib\site-packages\rest_framework\views.py", line 509, in dispatch
    response = self.handle_exception(exc)
  File "C:\Users\Welcome\Desktop\CRM\March 24\files\.venv\lib\site-packages\rest_framework\views.py", line 469, in handle_exception
    self.raise_uncaught_exception(exc)
  File "C:\Users\Welcome\Desktop\CRM\March 24\files\.venv\lib\site-packages\rest_framework\views.py", line 480, in raise_uncaught_exception
    raise exc
  File "C:\Users\Welcome\Desktop\CRM\March 24\files\.venv\lib\site-packages\rest_framework\views.py", line 506, in dispatch
    response = handler(request, *args, **kwargs)
  File "C:\Users\Welcome\Desktop\CRM\March 24\files\views.py", line 451, in convert_to_enrollment
    enrollment = serializer.save(walkin=walkin, enrolled_by=request.user)
  File "C:\Users\Welcome\Desktop\CRM\March 24\files\.venv\lib\site-packages\rest_framework\serializers.py", line 212, in save
    self.instance = self.create(validated_data)
  File "C:\Users\Welcome\Desktop\CRM\March 24\files\serializers.py", line 282, in create
    enrollment = super().create(validated_data)
  File "C:\Users\Welcome\Desktop\CRM\March 24\files\.venv\lib\site-packages\rest_framework\serializers.py", line 962, in create
    instance = ModelClass._default_manager.create(**validated_data)
  File "C:\Users\Welcome\Desktop\CRM\March 24\files\.venv\lib\site-packages\django\db\models\manager.py", line 87, in manager_method
    return getattr(self.get_queryset(), name)(*args, **kwargs)
  File "C:\Users\Welcome\Desktop\CRM\March 24\files\.venv\lib\site-packages\django\db\models\query.py", line 658, in create
    obj.save(force_insert=True, using=self.db)
  File "C:\Users\Welcome\Desktop\CRM\March 24\files\crm\models.py", line 377, in save
    super().save(*args, **kwargs)
  File "C:\Users\Welcome\Desktop\CRM\March 24\files\.venv\lib\site-packages\django\db\models\base.py", line 814, in save
    self.save_base(
  File "C:\Users\Welcome\Desktop\CRM\March 24\files\.venv\lib\site-packages\django\db\models\base.py", line 877, in save_base
    updated = self._save_table(
  File "C:\Users\Welcome\Desktop\CRM\March 24\files\.venv\lib\site-packages\django\db\models\base.py", line 1020, in _save_table
    results = self._do_insert(
  File "C:\Users\Welcome\Desktop\CRM\March 24\files\.venv\lib\site-packages\django\db\models\base.py", line 1061, in _do_insert
    return manager._insert(
  File "C:\Users\Welcome\Desktop\CRM\March 24\files\.venv\lib\site-packages\django\db\models\manager.py", line 87, in manager_method
    return getattr(self.get_queryset(), name)(*args, **kwargs)
  File "C:\Users\Welcome\Desktop\CRM\March 24\files\.venv\lib\site-packages\django\db\models\query.py", line 1805, in _insert
    return query.get_compiler(using=using).execute_sql(returning_fields)
  File "C:\Users\Welcome\Desktop\CRM\March 24\files\.venv\lib\site-packages\django\db\models\sql\compiler.py", line 1822, in execute_sql
    cursor.execute(sql, params)
  File "C:\Users\Welcome\Desktop\CRM\March 24\files\.venv\lib\site-packages\django\db\backends\utils.py", line 102, in execute
    return super().execute(sql, params)
  File "C:\Users\Welcome\Desktop\CRM\March 24\files\.venv\lib\site-packages\django\db\backends\utils.py", line 67, in execute
    return self._execute_with_wrappers(
  File "C:\Users\Welcome\Desktop\CRM\March 24\files\.venv\lib\site-packages\django\db\backends\utils.py", line 80, in _execute_with_wrappers
    return executor(sql, params, many, context)
  File "C:\Users\Welcome\Desktop\CRM\March 24\files\.venv\lib\site-packages\django\db\backends\utils.py", line 84, in _execute
    with self.db.wrap_database_errors:
  File "C:\Users\Welcome\Desktop\CRM\March 24\files\.venv\lib\site-packages\django\db\utils.py", line 91, in __exit__
    raise dj_exc_value.with_traceback(traceback) from exc_value
  File "C:\Users\Welcome\Desktop\CRM\March 24\files\.venv\lib\site-packages\django\db\backends\utils.py", line 89, in _execute
    return self.cursor.execute(sql, params)
  File "C:\Users\Welcome\Desktop\CRM\March 24\files\.venv\lib\site-packages\django\db\backends\sqlite3\base.py", line 328, in execute
    return super().execute(query, params)
django.db.utils.IntegrityError: UNIQUE constraint failed: enrollments.walkin_id
ERROR 2026-04-28 17:04:24,467 basehttp "POST /api/walkins/9/convert-to-enrollment/ HTTP/1.1" 500 252743
INFO 2026-04-28 17:04:33,992 autoreload C:\Users\Welcome\Desktop\CRM\March 24\files\crm\admin.py changed, reloading.
INFO 2026-04-28 17:04:35,486 autoreload Watching for file changes with StatReloader
INFO 2026-04-28 17:04:57,581 basehttp "GET /favicon.ico HTTP/1.1" 200 420
INFO 2026-04-28 17:04:57,723 basehttp "GET /api/dashboard/summary/ HTTP/1.1" 200 431
INFO 2026-04-28 17:05:56,547 basehttp "GET /dashboard HTTP/1.1" 200 420
INFO 2026-04-28 17:05:56,977 basehttp "GET /static/assets/index-52e37b32.js HTTP/1.1" 200 400091
INFO 2026-04-28 17:05:57,314 basehttp "GET /api/auth/me/ HTTP/1.1" 200 271
INFO 2026-04-28 17:05:57,338 basehttp "GET /favicon.ico HTTP/1.1" 200 420
INFO 2026-04-28 17:05:57,378 basehttp "GET /api/dashboard/summary/ HTTP/1.1" 200 431
INFO 2026-04-28 17:06:15,093 autoreload C:\Users\Welcome\Desktop\CRM\March 24\files\views.py changed, reloading.
INFO 2026-04-28 17:06:16,607 autoreload Watching for file changes with StatReloader
INFO 2026-04-28 17:07:15,948 basehttp "GET /dashboard HTTP/1.1" 200 420
INFO 2026-04-28 17:07:16,204 basehttp "GET /static/assets/index-c7d8a8bc.js HTTP/1.1" 200 400105
INFO 2026-04-28 17:07:16,306 basehttp "GET /favicon.ico HTTP/1.1" 200 420
INFO 2026-04-28 17:07:16,341 basehttp "GET /api/auth/me/ HTTP/1.1" 200 271
INFO 2026-04-28 17:07:16,415 basehttp "GET /api/dashboard/summary/ HTTP/1.1" 200 431
INFO 2026-04-28 17:07:26,683 basehttp "GET /favicon.ico HTTP/1.1" 200 420
INFO 2026-04-28 17:07:26,709 basehttp "GET /api/walkins/?sectioned=1 HTTP/1.1" 200 1703
INFO 2026-04-28 17:07:26,787 basehttp "GET /api/courses/ HTTP/1.1" 200 13612
INFO 2026-04-28 17:07:28,870 basehttp "GET /favicon.ico HTTP/1.1" 200 420
INFO 2026-04-28 17:07:28,888 basehttp "GET /api/leads/ HTTP/1.1" 200 974
INFO 2026-04-28 17:07:30,339 basehttp "GET /favicon.ico HTTP/1.1" 200 420
INFO 2026-04-28 17:07:30,355 basehttp "GET /api/leads/6/ HTTP/1.1" 200 483
ERROR 2026-04-28 17:07:36,671 log Internal Server Error: /api/leads/6/convert-to-walkin/
Traceback (most recent call last):
  File "C:\Users\Welcome\Desktop\CRM\March 24\files\.venv\lib\site-packages\django\core\handlers\exception.py", line 55, in inner
    response = get_response(request)
  File "C:\Users\Welcome\Desktop\CRM\March 24\files\.venv\lib\site-packages\django\core\handlers\base.py", line 197, in _get_response
    response = wrapped_callback(request, *callback_args, **callback_kwargs)
  File "C:\Users\Welcome\Desktop\CRM\March 24\files\.venv\lib\site-packages\django\views\decorators\csrf.py", line 56, in wrapper_view
    return view_func(*args, **kwargs)
  File "C:\Users\Welcome\Desktop\CRM\March 24\files\.venv\lib\site-packages\rest_framework\viewsets.py", line 125, in view
    return self.dispatch(request, *args, **kwargs)
  File "C:\Users\Welcome\Desktop\CRM\March 24\files\.venv\lib\site-packages\rest_framework\views.py", line 509, in dispatch
    response = self.handle_exception(exc)
  File "C:\Users\Welcome\Desktop\CRM\March 24\files\.venv\lib\site-packages\rest_framework\views.py", line 469, in handle_exception
    self.raise_uncaught_exception(exc)
  File "C:\Users\Welcome\Desktop\CRM\March 24\files\.venv\lib\site-packages\rest_framework\views.py", line 480, in raise_uncaught_exception
    raise exc
  File "C:\Users\Welcome\Desktop\CRM\March 24\files\.venv\lib\site-packages\rest_framework\views.py", line 506, in dispatch
    response = handler(request, *args, **kwargs)
  File "C:\Users\Welcome\Desktop\CRM\March 24\files\views.py", line 352, in convert_to_walkin
    return Response(WalkInDetailSerializer(walkin).data, status=201)
  File "C:\Users\Welcome\Desktop\CRM\March 24\files\.venv\lib\site-packages\rest_framework\serializers.py", line 555, in data
    ret = super().data
  File "C:\Users\Welcome\Desktop\CRM\March 24\files\.venv\lib\site-packages\rest_framework\serializers.py", line 253, in data
    self._data = self.to_representation(self.instance)
  File "C:\Users\Welcome\Desktop\CRM\March 24\files\.venv\lib\site-packages\rest_framework\serializers.py", line 522, in to_representation
    ret[field.field_name] = field.to_representation(attribute)
  File "C:\Users\Welcome\Desktop\CRM\March 24\files\.venv\lib\site-packages\rest_framework\fields.py", line 1252, in to_representation
    assert not isinstance(value, datetime.datetime), (
AssertionError: Expected a `date`, but got a `datetime`. Refusing to coerce, as this may mean losing timezone information. Use a custom read-only field and deal with timezone issues explicitly.
ERROR 2026-04-28 17:07:36,677 basehttp "POST /api/leads/6/convert-to-walkin/ HTTP/1.1" 500 134388
INFO 2026-04-28 17:07:44,972 basehttp "PATCH /api/leads/6/ HTTP/1.1" 200 104
ERROR 2026-04-28 17:07:46,933 log Internal Server Error: /api/leads/6/convert-to-walkin/
Traceback (most recent call last):
  File "C:\Users\Welcome\Desktop\CRM\March 24\files\.venv\lib\site-packages\django\db\backends\utils.py", line 89, in _execute
    return self.cursor.execute(sql, params)
  File "C:\Users\Welcome\Desktop\CRM\March 24\files\.venv\lib\site-packages\django\db\backends\sqlite3\base.py", line 328, in execute
    return super().execute(query, params)
sqlite3.IntegrityError: UNIQUE constraint failed: walkins.lead_id

The above exception was the direct cause of the following exception:

Traceback (most recent call last):
  File "C:\Users\Welcome\Desktop\CRM\March 24\files\.venv\lib\site-packages\django\core\handlers\exception.py", line 55, in inner
    response = get_response(request)
  File "C:\Users\Welcome\Desktop\CRM\March 24\files\.venv\lib\site-packages\django\core\handlers\base.py", line 197, in _get_response
    response = wrapped_callback(request, *callback_args, **callback_kwargs)
  File "C:\Users\Welcome\Desktop\CRM\March 24\files\.venv\lib\site-packages\django\views\decorators\csrf.py", line 56, in wrapper_view
    return view_func(*args, **kwargs)
  File "C:\Users\Welcome\Desktop\CRM\March 24\files\.venv\lib\site-packages\rest_framework\viewsets.py", line 125, in view
    return self.dispatch(request, *args, **kwargs)
  File "C:\Users\Welcome\Desktop\CRM\March 24\files\.venv\lib\site-packages\rest_framework\views.py", line 509, in dispatch
    response = self.handle_exception(exc)
  File "C:\Users\Welcome\Desktop\CRM\March 24\files\.venv\lib\site-packages\rest_framework\views.py", line 469, in handle_exception
    self.raise_uncaught_exception(exc)
  File "C:\Users\Welcome\Desktop\CRM\March 24\files\.venv\lib\site-packages\rest_framework\views.py", line 480, in raise_uncaught_exception
    raise exc
  File "C:\Users\Welcome\Desktop\CRM\March 24\files\.venv\lib\site-packages\rest_framework\views.py", line 506, in dispatch
    response = handler(request, *args, **kwargs)
  File "C:\Users\Welcome\Desktop\CRM\March 24\files\views.py", line 345, in convert_to_walkin
    walkin = WalkIn.objects.create(
  File "C:\Users\Welcome\Desktop\CRM\March 24\files\.venv\lib\site-packages\django\db\models\manager.py", line 87, in manager_method
    return getattr(self.get_queryset(), name)(*args, **kwargs)
  File "C:\Users\Welcome\Desktop\CRM\March 24\files\.venv\lib\site-packages\django\db\models\query.py", line 658, in create
    obj.save(force_insert=True, using=self.db)
  File "C:\Users\Welcome\Desktop\CRM\March 24\files\crm\models.py", line 309, in save
    super().save(*args, **kwargs)
  File "C:\Users\Welcome\Desktop\CRM\March 24\files\.venv\lib\site-packages\django\db\models\base.py", line 814, in save
    self.save_base(
  File "C:\Users\Welcome\Desktop\CRM\March 24\files\.venv\lib\site-packages\django\db\models\base.py", line 877, in save_base
    updated = self._save_table(
  File "C:\Users\Welcome\Desktop\CRM\March 24\files\.venv\lib\site-packages\django\db\models\base.py", line 1020, in _save_table
    results = self._do_insert(
  File "C:\Users\Welcome\Desktop\CRM\March 24\files\.venv\lib\site-packages\django\db\models\base.py", line 1061, in _do_insert
    return manager._insert(
  File "C:\Users\Welcome\Desktop\CRM\March 24\files\.venv\lib\site-packages\django\db\models\manager.py", line 87, in manager_method
    return getattr(self.get_queryset(), name)(*args, **kwargs)
  File "C:\Users\Welcome\Desktop\CRM\March 24\files\.venv\lib\site-packages\django\db\models\query.py", line 1805, in _insert
    return query.get_compiler(using=using).execute_sql(returning_fields)
  File "C:\Users\Welcome\Desktop\CRM\March 24\files\.venv\lib\site-packages\django\db\models\sql\compiler.py", line 1822, in execute_sql
    cursor.execute(sql, params)
  File "C:\Users\Welcome\Desktop\CRM\March 24\files\.venv\lib\site-packages\django\db\backends\utils.py", line 102, in execute
    return super().execute(sql, params)
  File "C:\Users\Welcome\Desktop\CRM\March 24\files\.venv\lib\site-packages\django\db\backends\utils.py", line 67, in execute
    return self._execute_with_wrappers(
  File "C:\Users\Welcome\Desktop\CRM\March 24\files\.venv\lib\site-packages\django\db\backends\utils.py", line 80, in _execute_with_wrappers
    return executor(sql, params, many, context)
  File "C:\Users\Welcome\Desktop\CRM\March 24\files\.venv\lib\site-packages\django\db\backends\utils.py", line 84, in _execute
    with self.db.wrap_database_errors:
  File "C:\Users\Welcome\Desktop\CRM\March 24\files\.venv\lib\site-packages\django\db\utils.py", line 91, in __exit__
    raise dj_exc_value.with_traceback(traceback) from exc_value
  File "C:\Users\Welcome\Desktop\CRM\March 24\files\.venv\lib\site-packages\django\db\backends\utils.py", line 89, in _execute
    return self.cursor.execute(sql, params)
  File "C:\Users\Welcome\Desktop\CRM\March 24\files\.venv\lib\site-packages\django\db\backends\sqlite3\base.py", line 328, in execute
    return super().execute(query, params)
django.db.utils.IntegrityError: UNIQUE constraint failed: walkins.lead_id
ERROR 2026-04-28 17:07:46,943 basehttp "POST /api/leads/6/convert-to-walkin/ HTTP/1.1" 500 214853
INFO 2026-04-28 17:08:59,485 basehttp "GET /leads/6 HTTP/1.1" 200 420
INFO 2026-04-28 17:08:59,518 basehttp "GET /static/assets/index-a0290736.css HTTP/1.1" 200 51229
INFO 2026-04-28 17:08:59,655 basehttp "GET /static/assets/index-81f0041b.js HTTP/1.1" 200 400203
INFO 2026-04-28 17:08:59,765 basehttp "GET /api/auth/me/ HTTP/1.1" 200 271
INFO 2026-04-28 17:08:59,771 basehttp "GET /favicon.ico HTTP/1.1" 200 420
INFO 2026-04-28 17:08:59,799 basehttp "GET /api/leads/6/ HTTP/1.1" 200 487
INFO 2026-04-28 17:09:01,250 basehttp "GET /favicon.ico HTTP/1.1" 200 420
INFO 2026-04-28 17:09:01,291 basehttp "GET /api/dashboard/summary/ HTTP/1.1" 200 431
INFO 2026-04-28 17:09:24,237 basehttp "GET /favicon.ico HTTP/1.1" 200 420
INFO 2026-04-28 17:09:24,293 basehttp "POST /api/auth/logout/ HTTP/1.1" 200 37
INFO 2026-04-28 17:09:37,154 basehttp "POST /api/auth/login/ HTTP/1.1" 200 866
INFO 2026-04-28 17:09:37,204 basehttp "GET /favicon.ico HTTP/1.1" 200 420
INFO 2026-04-28 17:09:37,238 basehttp "GET /api/dashboard/summary/ HTTP/1.1" 200 432
INFO 2026-04-28 17:09:55,117 basehttp "GET /favicon.ico HTTP/1.1" 200 420
INFO 2026-04-28 17:09:55,119 basehttp "GET /api/branches/ HTTP/1.1" 200 1050
INFO 2026-04-28 17:09:55,143 basehttp "GET /api/enrollments/ HTTP/1.1" 200 2400
INFO 2026-04-28 17:09:55,266 basehttp "GET /api/courses/ HTTP/1.1" 200 13612
INFO 2026-04-28 17:10:08,417 basehttp "GET /favicon.ico HTTP/1.1" 200 420
INFO 2026-04-28 17:10:08,465 basehttp "GET /api/branches/ HTTP/1.1" 200 1050
INFO 2026-04-28 17:10:08,518 basehttp "GET /api/enrollments/ HTTP/1.1" 200 2400
INFO 2026-04-28 17:10:08,605 basehttp "GET /api/courses/ HTTP/1.1" 200 13612
INFO 2026-04-28 17:12:36,073 basehttp "GET /enrollments HTTP/1.1" 200 420
INFO 2026-04-28 17:12:36,099 basehttp "GET /static/assets/index-81f0041b.js HTTP/1.1" 304 0
INFO 2026-04-28 17:12:36,100 basehttp "GET /static/assets/index-a0290736.css HTTP/1.1" 304 0
INFO 2026-04-28 17:12:36,143 basehttp "GET /api/auth/me/ HTTP/1.1" 200 249
INFO 2026-04-28 17:12:36,436 basehttp "GET /api/branches/ HTTP/1.1" 200 1050
INFO 2026-04-28 17:12:36,459 basehttp "GET /favicon.ico HTTP/1.1" 200 420
INFO 2026-04-28 17:12:36,483 basehttp "GET /api/enrollments/ HTTP/1.1" 200 2400
INFO 2026-04-28 17:12:36,564 basehttp "GET /api/courses/ HTTP/1.1" 200 13612
INFO 2026-04-28 17:12:47,768 basehttp "GET /favicon.ico HTTP/1.1" 200 420
INFO 2026-04-28 17:12:47,800 basehttp "GET /api/branches/ HTTP/1.1" 200 1050
INFO 2026-04-28 17:12:47,839 basehttp "GET /api/walkins/?sectioned=1 HTTP/1.1" 200 3865
INFO 2026-04-28 17:12:47,957 basehttp "GET /api/courses/ HTTP/1.1" 200 13612
INFO 2026-04-28 17:12:50,734 autoreload C:\Users\Welcome\Desktop\CRM\March 24\files\crm\models.py changed, reloading.
INFO 2026-04-28 17:12:52,391 autoreload Watching for file changes with StatReloader
INFO 2026-04-28 17:12:56,973 basehttp "GET /favicon.ico HTTP/1.1" 200 420
INFO 2026-04-28 17:12:57,038 basehttp "GET /api/branches/ HTTP/1.1" 200 1050
INFO 2026-04-28 17:12:57,070 basehttp "GET /api/enrollments/ HTTP/1.1" 200 2400
INFO 2026-04-28 17:12:57,080 basehttp "GET /api/courses/ HTTP/1.1" 200 13612
INFO 2026-04-28 17:12:59,584 basehttp "GET /favicon.ico HTTP/1.1" 200 420
INFO 2026-04-28 17:12:59,630 basehttp "GET /api/branches/ HTTP/1.1" 200 1050
INFO 2026-04-28 17:12:59,684 basehttp "GET /api/walkins/?sectioned=1 HTTP/1.1" 200 3865
INFO 2026-04-28 17:12:59,814 basehttp "GET /api/courses/ HTTP/1.1" 200 13612
INFO 2026-04-28 17:13:06,182 basehttp "GET /favicon.ico HTTP/1.1" 200 420
INFO 2026-04-28 17:13:06,200 basehttp "GET /api/leads/ HTTP/1.1" 200 1935
INFO 2026-04-28 17:13:15,980 basehttp "GET /favicon.ico HTTP/1.1" 200 420
INFO 2026-04-28 17:13:16,001 basehttp "GET /api/branches/ HTTP/1.1" 200 1050
INFO 2026-04-28 17:13:16,035 basehttp "GET /api/walkins/?sectioned=1 HTTP/1.1" 200 3865
INFO 2026-04-28 17:13:16,110 basehttp "GET /api/courses/ HTTP/1.1" 200 13612
INFO 2026-04-28 17:13:17,899 basehttp "GET /favicon.ico HTTP/1.1" 200 420
INFO 2026-04-28 17:13:17,917 basehttp "GET /api/walkins/10/ HTTP/1.1" 200 706
INFO 2026-04-28 17:13:18,006 basehttp "GET /api/courses/ HTTP/1.1" 200 13612
INFO 2026-04-28 17:13:39,546 autoreload C:\Users\Welcome\Desktop\CRM\March 24\files\crm\models.py changed, reloading.
INFO 2026-04-28 17:13:41,280 autoreload Watching for file changes with StatReloader
INFO 2026-04-28 17:22:43,401 autoreload C:\Users\Welcome\Desktop\CRM\March 24\files\crm\models.py changed, reloading.
INFO 2026-04-28 17:22:45,214 autoreload Watching for file changes with StatReloader
INFO 2026-04-28 17:23:55,125 autoreload C:\Users\Welcome\Desktop\CRM\March 24\files\serializers.py changed, reloading.
INFO 2026-04-28 17:23:56,722 autoreload Watching for file changes with StatReloader
INFO 2026-04-28 17:24:11,517 autoreload C:\Users\Welcome\Desktop\CRM\March 24\files\views.py changed, reloading.
INFO 2026-04-28 17:24:13,155 autoreload Watching for file changes with StatReloader
INFO 2026-04-28 17:27:54,013 basehttp "GET /walkins/10 HTTP/1.1" 200 420
INFO 2026-04-28 17:27:54,194 basehttp "GET /static/assets/index-9d785741.css HTTP/1.1" 200 51277
INFO 2026-04-28 17:27:54,389 basehttp "GET /static/assets/index-678945c9.js HTTP/1.1" 200 403009
INFO 2026-04-28 17:27:54,803 basehttp "GET /favicon.ico HTTP/1.1" 200 420
INFO 2026-04-28 17:27:54,913 basehttp "GET /api/auth/me/ HTTP/1.1" 200 249
INFO 2026-04-28 17:27:54,998 basehttp "GET /api/walkins/10/ HTTP/1.1" 200 722
INFO 2026-04-28 17:27:55,131 basehttp "GET /api/courses/ HTTP/1.1" 200 13612
INFO 2026-04-28 17:28:52,457 basehttp "GET /walkins/10 HTTP/1.1" 200 420
INFO 2026-04-28 17:28:52,536 basehttp "GET /static/assets/index-9d785741.css HTTP/1.1" 200 51277
INFO 2026-04-28 17:28:52,644 basehttp "GET /static/assets/index-21b659a0.js HTTP/1.1" 200 403259
INFO 2026-04-28 17:28:52,740 basehttp "GET /api/auth/me/ HTTP/1.1" 200 249
INFO 2026-04-28 17:28:52,780 basehttp "GET /favicon.ico HTTP/1.1" 200 420
INFO 2026-04-28 17:28:52,780 basehttp "GET /api/walkins/10/ HTTP/1.1" 200 722
INFO 2026-04-28 17:28:52,828 basehttp "GET /api/courses/ HTTP/1.1" 200 13612
INFO 2026-04-28 17:31:36,033 autoreload C:\Users\Welcome\Desktop\CRM\March 24\files\views.py changed, reloading.
INFO 2026-04-28 17:31:37,504 autoreload Watching for file changes with StatReloader
INFO 2026-04-28 17:31:49,623 autoreload C:\Users\Welcome\Desktop\CRM\March 24\files\serializers.py changed, reloading.
INFO 2026-04-28 17:31:52,463 autoreload Watching for file changes with StatReloader
INFO 2026-04-28 17:31:57,871 autoreload C:\Users\Welcome\Desktop\CRM\March 24\files\views.py changed, reloading.
INFO 2026-04-28 17:32:01,328 autoreload Watching for file changes with StatReloader
INFO 2026-04-28 17:34:04,845 basehttp "GET /walkins/10 HTTP/1.1" 200 420
INFO 2026-04-28 17:34:04,977 basehttp "GET /static/assets/index-7cc49136.css HTTP/1.1" 200 51309
INFO 2026-04-28 17:34:05,194 basehttp "GET /static/assets/index-269f099e.js HTTP/1.1" 200 409149
INFO 2026-04-28 17:34:05,715 basehttp "GET /favicon.ico HTTP/1.1" 200 420
INFO 2026-04-28 17:34:05,721 basehttp "GET /api/auth/me/ HTTP/1.1" 200 249
INFO 2026-04-28 17:34:05,771 basehttp "GET /api/walkins/10/ HTTP/1.1" 200 722
INFO 2026-04-28 17:34:05,896 basehttp "GET /api/courses/ HTTP/1.1" 200 13612
INFO 2026-04-28 17:34:13,044 basehttp "GET / HTTP/1.1" 200 420
INFO 2026-04-28 17:34:13,094 basehttp "GET /static/assets/index-269f099e.js HTTP/1.1" 304 0
INFO 2026-04-28 17:34:13,095 basehttp "GET /static/assets/index-7cc49136.css HTTP/1.1" 304 0
INFO 2026-04-28 17:34:13,427 basehttp "GET /api/auth/me/ HTTP/1.1" 200 249
INFO 2026-04-28 17:34:13,454 basehttp "GET /favicon.ico HTTP/1.1" 200 420
INFO 2026-04-28 17:34:13,457 basehttp "GET /favicon.ico HTTP/1.1" 200 420
INFO 2026-04-28 17:34:23,687 basehttp "POST /api/auth/login/ HTTP/1.1" 200 866
INFO 2026-04-28 17:34:23,733 basehttp "GET /favicon.ico HTTP/1.1" 200 420
INFO 2026-04-28 17:34:23,753 basehttp "GET /api/dashboard/summary/ HTTP/1.1" 200 432
INFO 2026-04-28 17:34:26,074 basehttp "GET /favicon.ico HTTP/1.1" 200 420
INFO 2026-04-28 17:34:26,079 basehttp "GET /api/branches/ HTTP/1.1" 200 1050
INFO 2026-04-28 17:34:26,113 basehttp "GET /api/walkins/?sectioned=1 HTTP/1.1" 200 3865
INFO 2026-04-28 17:34:26,163 basehttp "GET /api/courses/ HTTP/1.1" 200 13612
INFO 2026-04-28 17:34:28,258 basehttp "GET /favicon.ico HTTP/1.1" 200 420
INFO 2026-04-28 17:34:28,278 basehttp "GET /api/walkins/10/ HTTP/1.1" 200 722
INFO 2026-04-28 17:34:28,334 basehttp "GET /api/courses/ HTTP/1.1" 200 13612
INFO 2026-04-28 17:35:50,467 basehttp "GET /walkins/10 HTTP/1.1" 200 420
INFO 2026-04-28 17:35:50,488 basehttp "GET /static/assets/index-269f099e.js HTTP/1.1" 304 0
INFO 2026-04-28 17:35:50,488 basehttp "GET /static/assets/index-7cc49136.css HTTP/1.1" 304 0
INFO 2026-04-28 17:35:50,523 basehttp "GET /api/auth/me/ HTTP/1.1" 200 249
INFO 2026-04-28 17:35:50,601 basehttp "GET /favicon.ico HTTP/1.1" 200 420
INFO 2026-04-28 17:35:50,603 basehttp "GET /api/walkins/10/ HTTP/1.1" 200 722
INFO 2026-04-28 17:35:50,655 basehttp "GET /api/courses/ HTTP/1.1" 200 13612
INFO 2026-04-28 17:36:05,636 autoreload C:\Users\Welcome\Desktop\CRM\March 24\files\views.py changed, reloading.
INFO 2026-04-28 17:36:07,330 autoreload Watching for file changes with StatReloader
INFO 2026-04-28 17:36:32,634 basehttp "GET /walkins/10 HTTP/1.1" 200 420
INFO 2026-04-28 17:36:32,670 basehttp "GET /static/assets/index-269f099e.js HTTP/1.1" 304 0
INFO 2026-04-28 17:36:32,670 basehttp "GET /static/assets/index-7cc49136.css HTTP/1.1" 304 0
INFO 2026-04-28 17:36:32,774 basehttp "GET /api/auth/me/ HTTP/1.1" 200 249
INFO 2026-04-28 17:36:32,802 basehttp "GET /favicon.ico HTTP/1.1" 200 420
INFO 2026-04-28 17:36:32,834 basehttp "GET /api/walkins/10/ HTTP/1.1" 200 722
INFO 2026-04-28 17:36:32,893 basehttp "GET /api/courses/ HTTP/1.1" 200 13612
INFO 2026-04-28 17:36:48,803 basehttp "GET /walkins/10 HTTP/1.1" 200 420
INFO 2026-04-28 17:36:48,845 basehttp "GET /api/auth/me/ HTTP/1.1" 200 249
INFO 2026-04-28 17:36:48,897 basehttp "GET /api/walkins/10/ HTTP/1.1" 200 722
INFO 2026-04-28 17:36:48,898 basehttp "GET /favicon.ico HTTP/1.1" 200 420
INFO 2026-04-28 17:36:48,943 basehttp "GET /api/courses/ HTTP/1.1" 200 13612
INFO 2026-04-28 17:37:11,616 basehttp "GET /walkins/10 HTTP/1.1" 200 420
INFO 2026-04-28 17:37:11,742 basehttp "GET /static/assets/index-7cc49136.css HTTP/1.1" 200 51309
INFO 2026-04-28 17:37:11,958 basehttp "GET /static/assets/index-7efce113.js HTTP/1.1" 200 412399
INFO 2026-04-28 17:37:12,051 basehttp "GET /api/auth/me/ HTTP/1.1" 200 249
INFO 2026-04-28 17:37:12,108 basehttp "GET /favicon.ico HTTP/1.1" 200 420
INFO 2026-04-28 17:37:12,121 basehttp "GET /api/branches/ HTTP/1.1" 200 1050
INFO 2026-04-28 17:37:12,128 basehttp "GET /api/walkins/10/ HTTP/1.1" 200 722
INFO 2026-04-28 17:37:12,182 basehttp "GET /api/courses/ HTTP/1.1" 200 13612
INFO 2026-04-28 17:37:18,396 basehttp "GET /walkins/10 HTTP/1.1" 200 420
INFO 2026-04-28 17:37:18,409 basehttp "GET /static/assets/index-7efce113.js HTTP/1.1" 304 0
INFO 2026-04-28 17:37:18,413 basehttp "GET /static/assets/index-7cc49136.css HTTP/1.1" 304 0
INFO 2026-04-28 17:37:18,485 basehttp "GET /api/auth/me/ HTTP/1.1" 200 249
INFO 2026-04-28 17:37:18,511 basehttp "GET /favicon.ico HTTP/1.1" 200 420
INFO 2026-04-28 17:37:18,529 basehttp "GET /api/branches/ HTTP/1.1" 200 1050
INFO 2026-04-28 17:37:18,532 basehttp "GET /api/walkins/10/ HTTP/1.1" 200 722
INFO 2026-04-28 17:37:18,604 basehttp "GET /api/courses/ HTTP/1.1" 200 13612
INFO 2026-04-28 17:39:41,926 autoreload C:\Users\Welcome\Desktop\CRM\March 24\files\crm\models.py changed, reloading.
INFO 2026-04-28 17:39:43,521 autoreload Watching for file changes with StatReloader
INFO 2026-04-28 17:40:15,671 autoreload C:\Users\Welcome\Desktop\CRM\March 24\files\crm\models.py changed, reloading.
INFO 2026-04-28 17:43:17,287 autoreload Watching for file changes with StatReloader
INFO 2026-04-28 18:39:18,105 basehttp "GET /walkins/10 HTTP/1.1" 200 420
INFO 2026-04-28 18:39:18,120 basehttp "GET /static/assets/index-7efce113.js HTTP/1.1" 304 0
INFO 2026-04-28 18:39:18,123 basehttp "GET /static/assets/index-7cc49136.css HTTP/1.1" 304 0
INFO 2026-04-28 18:39:18,480 basehttp "GET /favicon.ico HTTP/1.1" 200 420
INFO 2026-04-28 18:39:18,530 basehttp "GET /api/auth/me/ HTTP/1.1" 200 249
INFO 2026-04-28 18:39:18,629 basehttp "GET /api/branches/ HTTP/1.1" 200 1050
INFO 2026-04-28 18:39:18,683 basehttp "GET /api/courses/ HTTP/1.1" 200 13612
ERROR 2026-04-28 18:39:18,795 log Internal Server Error: /api/walkins/10/
Traceback (most recent call last):
  File "C:\Users\Welcome\Desktop\CRM\March 24\files\.venv\lib\site-packages\django\db\backends\utils.py", line 89, in _execute
    return self.cursor.execute(sql, params)
  File "C:\Users\Welcome\Desktop\CRM\March 24\files\.venv\lib\site-packages\django\db\backends\sqlite3\base.py", line 328, in execute
    return super().execute(query, params)
sqlite3.OperationalError: no such column: leads.dob

The above exception was the direct cause of the following exception:

Traceback (most recent call last):
  File "C:\Users\Welcome\Desktop\CRM\March 24\files\.venv\lib\site-packages\django\core\handlers\exception.py", line 55, in inner
    response = get_response(request)
  File "C:\Users\Welcome\Desktop\CRM\March 24\files\.venv\lib\site-packages\django\core\handlers\base.py", line 197, in _get_response
    response = wrapped_callback(request, *callback_args, **callback_kwargs)
  File "C:\Users\Welcome\Desktop\CRM\March 24\files\.venv\lib\site-packages\django\views\decorators\csrf.py", line 56, in wrapper_view
    return view_func(*args, **kwargs)
  File "C:\Users\Welcome\Desktop\CRM\March 24\files\.venv\lib\site-packages\rest_framework\viewsets.py", line 125, in view
    return self.dispatch(request, *args, **kwargs)
  File "C:\Users\Welcome\Desktop\CRM\March 24\files\.venv\lib\site-packages\rest_framework\views.py", line 509, in dispatch
    response = self.handle_exception(exc)
  File "C:\Users\Welcome\Desktop\CRM\March 24\files\.venv\lib\site-packages\rest_framework\views.py", line 469, in handle_exception
    self.raise_uncaught_exception(exc)
  File "C:\Users\Welcome\Desktop\CRM\March 24\files\.venv\lib\site-packages\rest_framework\views.py", line 480, in raise_uncaught_exception
    raise exc
  File "C:\Users\Welcome\Desktop\CRM\March 24\files\.venv\lib\site-packages\rest_framework\views.py", line 506, in dispatch
    response = handler(request, *args, **kwargs)
  File "C:\Users\Welcome\Desktop\CRM\March 24\files\.venv\lib\site-packages\rest_framework\mixins.py", line 54, in retrieve
    instance = self.get_object()
  File "C:\Users\Welcome\Desktop\CRM\March 24\files\.venv\lib\site-packages\rest_framework\generics.py", line 96, in get_object
    obj = get_object_or_404(queryset, **filter_kwargs)
  File "C:\Users\Welcome\Desktop\CRM\March 24\files\.venv\lib\site-packages\rest_framework\generics.py", line 19, in get_object_or_404
    return _get_object_or_404(queryset, *filter_args, **filter_kwargs)
  File "C:\Users\Welcome\Desktop\CRM\March 24\files\.venv\lib\site-packages\django\shortcuts.py", line 85, in get_object_or_404
    return queryset.get(*args, **kwargs)
  File "C:\Users\Welcome\Desktop\CRM\March 24\files\.venv\lib\site-packages\django\db\models\query.py", line 633, in get
    num = len(clone)
  File "C:\Users\Welcome\Desktop\CRM\March 24\files\.venv\lib\site-packages\django\db\models\query.py", line 380, in __len__
    self._fetch_all()
  File "C:\Users\Welcome\Desktop\CRM\March 24\files\.venv\lib\site-packages\django\db\models\query.py", line 1881, in _fetch_all
    self._result_cache = list(self._iterable_class(self))
  File "C:\Users\Welcome\Desktop\CRM\March 24\files\.venv\lib\site-packages\django\db\models\query.py", line 91, in __iter__
    results = compiler.execute_sql(
  File "C:\Users\Welcome\Desktop\CRM\March 24\files\.venv\lib\site-packages\django\db\models\sql\compiler.py", line 1562, in execute_sql
    cursor.execute(sql, params)
  File "C:\Users\Welcome\Desktop\CRM\March 24\files\.venv\lib\site-packages\django\db\backends\utils.py", line 102, in execute
    return super().execute(sql, params)
  File "C:\Users\Welcome\Desktop\CRM\March 24\files\.venv\lib\site-packages\django\db\backends\utils.py", line 67, in execute
    return self._execute_with_wrappers(
  File "C:\Users\Welcome\Desktop\CRM\March 24\files\.venv\lib\site-packages\django\db\backends\utils.py", line 80, in _execute_with_wrappers
    return executor(sql, params, many, context)
  File "C:\Users\Welcome\Desktop\CRM\March 24\files\.venv\lib\site-packages\django\db\backends\utils.py", line 84, in _execute
    with self.db.wrap_database_errors:
  File "C:\Users\Welcome\Desktop\CRM\March 24\files\.venv\lib\site-packages\django\db\utils.py", line 91, in __exit__
    raise dj_exc_value.with_traceback(traceback) from exc_value
  File "C:\Users\Welcome\Desktop\CRM\March 24\files\.venv\lib\site-packages\django\db\backends\utils.py", line 89, in _execute
    return self.cursor.execute(sql, params)
  File "C:\Users\Welcome\Desktop\CRM\March 24\files\.venv\lib\site-packages\django\db\backends\sqlite3\base.py", line 328, in execute
    return super().execute(query, params)
django.db.utils.OperationalError: no such column: leads.dob
ERROR 2026-04-28 18:39:18,804 basehttp "GET /api/walkins/10/ HTTP/1.1" 500 218987
INFO 2026-04-28 18:39:37,762 autoreload Watching for file changes with StatReloader
INFO 2026-04-28 18:41:10,577 basehttp "GET / HTTP/1.1" 200 420
INFO 2026-04-28 18:41:11,153 basehttp "GET /api/auth/me/ HTTP/1.1" 200 249
INFO 2026-04-28 18:41:11,193 basehttp "GET /favicon.ico HTTP/1.1" 200 420
INFO 2026-04-28 18:41:11,305 basehttp "GET /favicon.ico HTTP/1.1" 200 420
INFO 2026-04-28 18:41:27,301 basehttp "POST /api/auth/login/ HTTP/1.1" 200 858
INFO 2026-04-28 18:41:27,359 basehttp "GET /favicon.ico HTTP/1.1" 200 420
INFO 2026-04-28 18:41:27,413 basehttp "GET /api/dashboard/summary/ HTTP/1.1" 200 431
INFO 2026-04-28 18:41:47,868 basehttp "GET /favicon.ico HTTP/1.1" 200 420
INFO 2026-04-28 18:41:48,025 basehttp "GET /api/courses/ HTTP/1.1" 200 13612
ERROR 2026-04-28 18:41:48,210 log Internal Server Error: /api/walkins/
Traceback (most recent call last):
  File "C:\Users\Welcome\Desktop\CRM\March 24\files\.venv\lib\site-packages\django\db\backends\utils.py", line 89, in _execute
    return self.cursor.execute(sql, params)
  File "C:\Users\Welcome\Desktop\CRM\March 24\files\.venv\lib\site-packages\django\db\backends\sqlite3\base.py", line 328, in execute
    return super().execute(query, params)
sqlite3.OperationalError: no such column: leads.dob

The above exception was the direct cause of the following exception:

Traceback (most recent call last):
  File "C:\Users\Welcome\Desktop\CRM\March 24\files\.venv\lib\site-packages\django\core\handlers\exception.py", line 55, in inner
    response = get_response(request)
  File "C:\Users\Welcome\Desktop\CRM\March 24\files\.venv\lib\site-packages\django\core\handlers\base.py", line 197, in _get_response
    response = wrapped_callback(request, *callback_args, **callback_kwargs)
  File "C:\Users\Welcome\Desktop\CRM\March 24\files\.venv\lib\site-packages\django\views\decorators\csrf.py", line 56, in wrapper_view
    return view_func(*args, **kwargs)
  File "C:\Users\Welcome\Desktop\CRM\March 24\files\.venv\lib\site-packages\rest_framework\viewsets.py", line 125, in view
    return self.dispatch(request, *args, **kwargs)
  File "C:\Users\Welcome\Desktop\CRM\March 24\files\.venv\lib\site-packages\rest_framework\views.py", line 509, in dispatch
    response = self.handle_exception(exc)
  File "C:\Users\Welcome\Desktop\CRM\March 24\files\.venv\lib\site-packages\rest_framework\views.py", line 469, in handle_exception
    self.raise_uncaught_exception(exc)
  File "C:\Users\Welcome\Desktop\CRM\March 24\files\.venv\lib\site-packages\rest_framework\views.py", line 480, in raise_uncaught_exception
    raise exc
  File "C:\Users\Welcome\Desktop\CRM\March 24\files\.venv\lib\site-packages\rest_framework\views.py", line 506, in dispatch
    response = handler(request, *args, **kwargs)
  File "C:\Users\Welcome\Desktop\CRM\March 24\files\views.py", line 539, in list
    'current_month_walkins': current_serializer.data,
  File "C:\Users\Welcome\Desktop\CRM\March 24\files\.venv\lib\site-packages\rest_framework\serializers.py", line 768, in data
    ret = super().data
  File "C:\Users\Welcome\Desktop\CRM\March 24\files\.venv\lib\site-packages\rest_framework\serializers.py", line 253, in data
    self._data = self.to_representation(self.instance)
  File "C:\Users\Welcome\Desktop\CRM\March 24\files\.venv\lib\site-packages\rest_framework\serializers.py", line 686, in to_representation
    return [
  File "C:\Users\Welcome\Desktop\CRM\March 24\files\.venv\lib\site-packages\django\db\models\query.py", line 398, in __iter__
    self._fetch_all()
  File "C:\Users\Welcome\Desktop\CRM\March 24\files\.venv\lib\site-packages\django\db\models\query.py", line 1881, in _fetch_all
    self._result_cache = list(self._iterable_class(self))
  File "C:\Users\Welcome\Desktop\CRM\March 24\files\.venv\lib\site-packages\django\db\models\query.py", line 91, in __iter__
    results = compiler.execute_sql(
  File "C:\Users\Welcome\Desktop\CRM\March 24\files\.venv\lib\site-packages\django\db\models\sql\compiler.py", line 1562, in execute_sql
    cursor.execute(sql, params)
  File "C:\Users\Welcome\Desktop\CRM\March 24\files\.venv\lib\site-packages\django\db\backends\utils.py", line 102, in execute
    return super().execute(sql, params)
  File "C:\Users\Welcome\Desktop\CRM\March 24\files\.venv\lib\site-packages\django\db\backends\utils.py", line 67, in execute
    return self._execute_with_wrappers(
  File "C:\Users\Welcome\Desktop\CRM\March 24\files\.venv\lib\site-packages\django\db\backends\utils.py", line 80, in _execute_with_wrappers
    return executor(sql, params, many, context)
  File "C:\Users\Welcome\Desktop\CRM\March 24\files\.venv\lib\site-packages\django\db\backends\utils.py", line 84, in _execute
    with self.db.wrap_database_errors:
  File "C:\Users\Welcome\Desktop\CRM\March 24\files\.venv\lib\site-packages\django\db\utils.py", line 91, in __exit__
    raise dj_exc_value.with_traceback(traceback) from exc_value
  File "C:\Users\Welcome\Desktop\CRM\March 24\files\.venv\lib\site-packages\django\db\backends\utils.py", line 89, in _execute
    return self.cursor.execute(sql, params)
  File "C:\Users\Welcome\Desktop\CRM\March 24\files\.venv\lib\site-packages\django\db\backends\sqlite3\base.py", line 328, in execute
    return super().execute(query, params)
django.db.utils.OperationalError: no such column: leads.dob
ERROR 2026-04-28 18:41:48,222 basehttp "GET /api/walkins/?sectioned=1 HTTP/1.1" 500 219593
INFO 2026-04-28 18:41:49,518 autoreload C:\Users\Welcome\Desktop\CRM\March 24\files\crm\migrations\0012_lead_dob_lead_email_lead_pincode_and_more.py changed, reloading.
INFO 2026-04-28 18:41:50,991 autoreload Watching for file changes with StatReloader
INFO 2026-04-28 18:41:54,376 basehttp "GET /favicon.ico HTTP/1.1" 200 420
ERROR 2026-04-28 18:41:54,492 log Internal Server Error: /api/leads/
Traceback (most recent call last):
  File "C:\Users\Welcome\Desktop\CRM\March 24\files\.venv\lib\site-packages\django\db\backends\utils.py", line 89, in _execute
    return self.cursor.execute(sql, params)
  File "C:\Users\Welcome\Desktop\CRM\March 24\files\.venv\lib\site-packages\django\db\backends\sqlite3\base.py", line 328, in execute
    return super().execute(query, params)
sqlite3.OperationalError: no such column: leads.dob

The above exception was the direct cause of the following exception:

Traceback (most recent call last):
  File "C:\Users\Welcome\Desktop\CRM\March 24\files\.venv\lib\site-packages\django\core\handlers\exception.py", line 55, in inner
    response = get_response(request)
  File "C:\Users\Welcome\Desktop\CRM\March 24\files\.venv\lib\site-packages\django\core\handlers\base.py", line 197, in _get_response
    response = wrapped_callback(request, *callback_args, **callback_kwargs)
  File "C:\Users\Welcome\Desktop\CRM\March 24\files\.venv\lib\site-packages\django\views\decorators\csrf.py", line 56, in wrapper_view
    return view_func(*args, **kwargs)
  File "C:\Users\Welcome\Desktop\CRM\March 24\files\.venv\lib\site-packages\rest_framework\viewsets.py", line 125, in view
    return self.dispatch(request, *args, **kwargs)
  File "C:\Users\Welcome\Desktop\CRM\March 24\files\.venv\lib\site-packages\rest_framework\views.py", line 509, in dispatch
    response = self.handle_exception(exc)
  File "C:\Users\Welcome\Desktop\CRM\March 24\files\.venv\lib\site-packages\rest_framework\views.py", line 469, in handle_exception
    self.raise_uncaught_exception(exc)
  File "C:\Users\Welcome\Desktop\CRM\March 24\files\.venv\lib\site-packages\rest_framework\views.py", line 480, in raise_uncaught_exception
    raise exc
  File "C:\Users\Welcome\Desktop\CRM\March 24\files\.venv\lib\site-packages\rest_framework\views.py", line 506, in dispatch
    response = handler(request, *args, **kwargs)
  File "C:\Users\Welcome\Desktop\CRM\March 24\files\.venv\lib\site-packages\rest_framework\mixins.py", line 46, in list
    return Response(serializer.data)
  File "C:\Users\Welcome\Desktop\CRM\March 24\files\.venv\lib\site-packages\rest_framework\serializers.py", line 768, in data
    ret = super().data
  File "C:\Users\Welcome\Desktop\CRM\March 24\files\.venv\lib\site-packages\rest_framework\serializers.py", line 253, in data
    self._data = self.to_representation(self.instance)
  File "C:\Users\Welcome\Desktop\CRM\March 24\files\.venv\lib\site-packages\rest_framework\serializers.py", line 686, in to_representation
    return [
  File "C:\Users\Welcome\Desktop\CRM\March 24\files\.venv\lib\site-packages\django\db\models\query.py", line 398, in __iter__
    self._fetch_all()
  File "C:\Users\Welcome\Desktop\CRM\March 24\files\.venv\lib\site-packages\django\db\models\query.py", line 1881, in _fetch_all
    self._result_cache = list(self._iterable_class(self))
  File "C:\Users\Welcome\Desktop\CRM\March 24\files\.venv\lib\site-packages\django\db\models\query.py", line 91, in __iter__
    results = compiler.execute_sql(
  File "C:\Users\Welcome\Desktop\CRM\March 24\files\.venv\lib\site-packages\django\db\models\sql\compiler.py", line 1562, in execute_sql
    cursor.execute(sql, params)
  File "C:\Users\Welcome\Desktop\CRM\March 24\files\.venv\lib\site-packages\django\db\backends\utils.py", line 102, in execute
    return super().execute(sql, params)
  File "C:\Users\Welcome\Desktop\CRM\March 24\files\.venv\lib\site-packages\django\db\backends\utils.py", line 67, in execute
    return self._execute_with_wrappers(
  File "C:\Users\Welcome\Desktop\CRM\March 24\files\.venv\lib\site-packages\django\db\backends\utils.py", line 80, in _execute_with_wrappers
    return executor(sql, params, many, context)
  File "C:\Users\Welcome\Desktop\CRM\March 24\files\.venv\lib\site-packages\django\db\backends\utils.py", line 84, in _execute
    with self.db.wrap_database_errors:
  File "C:\Users\Welcome\Desktop\CRM\March 24\files\.venv\lib\site-packages\django\db\utils.py", line 91, in __exit__
    raise dj_exc_value.with_traceback(traceback) from exc_value
  File "C:\Users\Welcome\Desktop\CRM\March 24\files\.venv\lib\site-packages\django\db\backends\utils.py", line 89, in _execute
    return self.cursor.execute(sql, params)
  File "C:\Users\Welcome\Desktop\CRM\March 24\files\.venv\lib\site-packages\django\db\backends\sqlite3\base.py", line 328, in execute
    return super().execute(query, params)
django.db.utils.OperationalError: no such column: leads.dob
ERROR 2026-04-28 18:41:54,495 basehttp "GET /api/leads/ HTTP/1.1" 500 205924
INFO 2026-04-28 18:41:55,829 basehttp "GET /favicon.ico HTTP/1.1" 200 420
INFO 2026-04-28 18:41:55,858 basehttp "GET /api/dashboard/summary/ HTTP/1.1" 200 431
INFO 2026-04-28 18:41:58,435 basehttp "GET /favicon.ico HTTP/1.1" 200 420
INFO 2026-04-28 18:41:58,677 basehttp "GET /api/courses/ HTTP/1.1" 200 13612
ERROR 2026-04-28 18:41:58,835 log Internal Server Error: /api/walkins/
Traceback (most recent call last):
  File "C:\Users\Welcome\Desktop\CRM\March 24\files\.venv\lib\site-packages\django\db\backends\utils.py", line 89, in _execute
    return self.cursor.execute(sql, params)
  File "C:\Users\Welcome\Desktop\CRM\March 24\files\.venv\lib\site-packages\django\db\backends\sqlite3\base.py", line 328, in execute
    return super().execute(query, params)
sqlite3.OperationalError: no such column: leads.dob

The above exception was the direct cause of the following exception:

Traceback (most recent call last):
  File "C:\Users\Welcome\Desktop\CRM\March 24\files\.venv\lib\site-packages\django\core\handlers\exception.py", line 55, in inner
    response = get_response(request)
  File "C:\Users\Welcome\Desktop\CRM\March 24\files\.venv\lib\site-packages\django\core\handlers\base.py", line 197, in _get_response
    response = wrapped_callback(request, *callback_args, **callback_kwargs)
  File "C:\Users\Welcome\Desktop\CRM\March 24\files\.venv\lib\site-packages\django\views\decorators\csrf.py", line 56, in wrapper_view
    return view_func(*args, **kwargs)
  File "C:\Users\Welcome\Desktop\CRM\March 24\files\.venv\lib\site-packages\rest_framework\viewsets.py", line 125, in view
    return self.dispatch(request, *args, **kwargs)
  File "C:\Users\Welcome\Desktop\CRM\March 24\files\.venv\lib\site-packages\rest_framework\views.py", line 509, in dispatch
    response = self.handle_exception(exc)
  File "C:\Users\Welcome\Desktop\CRM\March 24\files\.venv\lib\site-packages\rest_framework\views.py", line 469, in handle_exception
    self.raise_uncaught_exception(exc)
  File "C:\Users\Welcome\Desktop\CRM\March 24\files\.venv\lib\site-packages\rest_framework\views.py", line 480, in raise_uncaught_exception
    raise exc
  File "C:\Users\Welcome\Desktop\CRM\March 24\files\.venv\lib\site-packages\rest_framework\views.py", line 506, in dispatch
    response = handler(request, *args, **kwargs)
  File "C:\Users\Welcome\Desktop\CRM\March 24\files\views.py", line 539, in list
    'current_month_walkins': current_serializer.data,
  File "C:\Users\Welcome\Desktop\CRM\March 24\files\.venv\lib\site-packages\rest_framework\serializers.py", line 768, in data
    ret = super().data
  File "C:\Users\Welcome\Desktop\CRM\March 24\files\.venv\lib\site-packages\rest_framework\serializers.py", line 253, in data
    self._data = self.to_representation(self.instance)
  File "C:\Users\Welcome\Desktop\CRM\March 24\files\.venv\lib\site-packages\rest_framework\serializers.py", line 686, in to_representation
    return [
  File "C:\Users\Welcome\Desktop\CRM\March 24\files\.venv\lib\site-packages\django\db\models\query.py", line 398, in __iter__
    self._fetch_all()
  File "C:\Users\Welcome\Desktop\CRM\March 24\files\.venv\lib\site-packages\django\db\models\query.py", line 1881, in _fetch_all
    self._result_cache = list(self._iterable_class(self))
  File "C:\Users\Welcome\Desktop\CRM\March 24\files\.venv\lib\site-packages\django\db\models\query.py", line 91, in __iter__
    results = compiler.execute_sql(
  File "C:\Users\Welcome\Desktop\CRM\March 24\files\.venv\lib\site-packages\django\db\models\sql\compiler.py", line 1562, in execute_sql
    cursor.execute(sql, params)
  File "C:\Users\Welcome\Desktop\CRM\March 24\files\.venv\lib\site-packages\django\db\backends\utils.py", line 102, in execute
    return super().execute(sql, params)
  File "C:\Users\Welcome\Desktop\CRM\March 24\files\.venv\lib\site-packages\django\db\backends\utils.py", line 67, in execute
    return self._execute_with_wrappers(
  File "C:\Users\Welcome\Desktop\CRM\March 24\files\.venv\lib\site-packages\django\db\backends\utils.py", line 80, in _execute_with_wrappers
    return executor(sql, params, many, context)
  File "C:\Users\Welcome\Desktop\CRM\March 24\files\.venv\lib\site-packages\django\db\backends\utils.py", line 84, in _execute
    with self.db.wrap_database_errors:
  File "C:\Users\Welcome\Desktop\CRM\March 24\files\.venv\lib\site-packages\django\db\utils.py", line 91, in __exit__
    raise dj_exc_value.with_traceback(traceback) from exc_value
  File "C:\Users\Welcome\Desktop\CRM\March 24\files\.venv\lib\site-packages\django\db\backends\utils.py", line 89, in _execute
    return self.cursor.execute(sql, params)
  File "C:\Users\Welcome\Desktop\CRM\March 24\files\.venv\lib\site-packages\django\db\backends\sqlite3\base.py", line 328, in execute
    return super().execute(query, params)
django.db.utils.OperationalError: no such column: leads.dob
ERROR 2026-04-28 18:41:58,847 basehttp "GET /api/walkins/?sectioned=1 HTTP/1.1" 500 219593
INFO 2026-04-28 18:41:59,819 basehttp "GET /favicon.ico HTTP/1.1" 200 420
INFO 2026-04-28 18:41:59,848 basehttp "GET /api/branches/ HTTP/1.1" 200 1050
INFO 2026-04-28 18:41:59,888 basehttp "GET /api/enrollments/ HTTP/1.1" 200 1043
INFO 2026-04-28 18:41:59,980 basehttp "GET /api/courses/ HTTP/1.1" 200 13612
INFO 2026-04-28 18:42:06,026 basehttp "GET /favicon.ico HTTP/1.1" 200 420
ERROR 2026-04-28 18:42:06,222 log Internal Server Error: /api/leads/
Traceback (most recent call last):
  File "C:\Users\Welcome\Desktop\CRM\March 24\files\.venv\lib\site-packages\django\db\backends\utils.py", line 89, in _execute
    return self.cursor.execute(sql, params)
  File "C:\Users\Welcome\Desktop\CRM\March 24\files\.venv\lib\site-packages\django\db\backends\sqlite3\base.py", line 328, in execute
    return super().execute(query, params)
sqlite3.OperationalError: no such column: leads.dob

The above exception was the direct cause of the following exception:

Traceback (most recent call last):
  File "C:\Users\Welcome\Desktop\CRM\March 24\files\.venv\lib\site-packages\django\core\handlers\exception.py", line 55, in inner
    response = get_response(request)
  File "C:\Users\Welcome\Desktop\CRM\March 24\files\.venv\lib\site-packages\django\core\handlers\base.py", line 197, in _get_response
    response = wrapped_callback(request, *callback_args, **callback_kwargs)
  File "C:\Users\Welcome\Desktop\CRM\March 24\files\.venv\lib\site-packages\django\views\decorators\csrf.py", line 56, in wrapper_view
    return view_func(*args, **kwargs)
  File "C:\Users\Welcome\Desktop\CRM\March 24\files\.venv\lib\site-packages\rest_framework\viewsets.py", line 125, in view
    return self.dispatch(request, *args, **kwargs)
  File "C:\Users\Welcome\Desktop\CRM\March 24\files\.venv\lib\site-packages\rest_framework\views.py", line 509, in dispatch
    response = self.handle_exception(exc)
  File "C:\Users\Welcome\Desktop\CRM\March 24\files\.venv\lib\site-packages\rest_framework\views.py", line 469, in handle_exception
    self.raise_uncaught_exception(exc)
  File "C:\Users\Welcome\Desktop\CRM\March 24\files\.venv\lib\site-packages\rest_framework\views.py", line 480, in raise_uncaught_exception
    raise exc
  File "C:\Users\Welcome\Desktop\CRM\March 24\files\.venv\lib\site-packages\rest_framework\views.py", line 506, in dispatch
    response = handler(request, *args, **kwargs)
  File "C:\Users\Welcome\Desktop\CRM\March 24\files\.venv\lib\site-packages\rest_framework\mixins.py", line 46, in list
    return Response(serializer.data)
  File "C:\Users\Welcome\Desktop\CRM\March 24\files\.venv\lib\site-packages\rest_framework\serializers.py", line 768, in data
    ret = super().data
  File "C:\Users\Welcome\Desktop\CRM\March 24\files\.venv\lib\site-packages\rest_framework\serializers.py", line 253, in data
    self._data = self.to_representation(self.instance)
  File "C:\Users\Welcome\Desktop\CRM\March 24\files\.venv\lib\site-packages\rest_framework\serializers.py", line 686, in to_representation
    return [
  File "C:\Users\Welcome\Desktop\CRM\March 24\files\.venv\lib\site-packages\django\db\models\query.py", line 398, in __iter__
    self._fetch_all()
  File "C:\Users\Welcome\Desktop\CRM\March 24\files\.venv\lib\site-packages\django\db\models\query.py", line 1881, in _fetch_all
    self._result_cache = list(self._iterable_class(self))
  File "C:\Users\Welcome\Desktop\CRM\March 24\files\.venv\lib\site-packages\django\db\models\query.py", line 91, in __iter__
    results = compiler.execute_sql(
  File "C:\Users\Welcome\Desktop\CRM\March 24\files\.venv\lib\site-packages\django\db\models\sql\compiler.py", line 1562, in execute_sql
    cursor.execute(sql, params)
  File "C:\Users\Welcome\Desktop\CRM\March 24\files\.venv\lib\site-packages\django\db\backends\utils.py", line 102, in execute
    return super().execute(sql, params)
  File "C:\Users\Welcome\Desktop\CRM\March 24\files\.venv\lib\site-packages\django\db\backends\utils.py", line 67, in execute
    return self._execute_with_wrappers(
  File "C:\Users\Welcome\Desktop\CRM\March 24\files\.venv\lib\site-packages\django\db\backends\utils.py", line 80, in _execute_with_wrappers
    return executor(sql, params, many, context)
  File "C:\Users\Welcome\Desktop\CRM\March 24\files\.venv\lib\site-packages\django\db\backends\utils.py", line 84, in _execute
    with self.db.wrap_database_errors:
  File "C:\Users\Welcome\Desktop\CRM\March 24\files\.venv\lib\site-packages\django\db\utils.py", line 91, in __exit__
    raise dj_exc_value.with_traceback(traceback) from exc_value
  File "C:\Users\Welcome\Desktop\CRM\March 24\files\.venv\lib\site-packages\django\db\backends\utils.py", line 89, in _execute
    return self.cursor.execute(sql, params)
  File "C:\Users\Welcome\Desktop\CRM\March 24\files\.venv\lib\site-packages\django\db\backends\sqlite3\base.py", line 328, in execute
    return super().execute(query, params)
django.db.utils.OperationalError: no such column: leads.dob
ERROR 2026-04-28 18:42:06,227 basehttp "GET /api/leads/ HTTP/1.1" 500 205924
INFO 2026-04-28 18:42:06,914 autoreload C:\Users\Welcome\Desktop\CRM\March 24\files\views.py changed, reloading.
INFO 2026-04-28 18:42:08,701 autoreload Watching for file changes with StatReloader
INFO 2026-04-28 18:42:09,051 basehttp "GET /favicon.ico HTTP/1.1" 200 420
INFO 2026-04-28 18:42:09,153 basehttp "GET /api/courses/ HTTP/1.1" 200 13612
ERROR 2026-04-28 18:42:09,216 log Internal Server Error: /api/walkins/
Traceback (most recent call last):
  File "C:\Users\Welcome\Desktop\CRM\March 24\files\.venv\lib\site-packages\django\db\backends\utils.py", line 89, in _execute
    return self.cursor.execute(sql, params)
  File "C:\Users\Welcome\Desktop\CRM\March 24\files\.venv\lib\site-packages\django\db\backends\sqlite3\base.py", line 328, in execute
    return super().execute(query, params)
sqlite3.OperationalError: no such column: leads.dob

The above exception was the direct cause of the following exception:

Traceback (most recent call last):
  File "C:\Users\Welcome\Desktop\CRM\March 24\files\.venv\lib\site-packages\django\core\handlers\exception.py", line 55, in inner
    response = get_response(request)
  File "C:\Users\Welcome\Desktop\CRM\March 24\files\.venv\lib\site-packages\django\core\handlers\base.py", line 197, in _get_response
    response = wrapped_callback(request, *callback_args, **callback_kwargs)
  File "C:\Users\Welcome\Desktop\CRM\March 24\files\.venv\lib\site-packages\django\views\decorators\csrf.py", line 56, in wrapper_view
    return view_func(*args, **kwargs)
  File "C:\Users\Welcome\Desktop\CRM\March 24\files\.venv\lib\site-packages\rest_framework\viewsets.py", line 125, in view
    return self.dispatch(request, *args, **kwargs)
  File "C:\Users\Welcome\Desktop\CRM\March 24\files\.venv\lib\site-packages\rest_framework\views.py", line 509, in dispatch
    response = self.handle_exception(exc)
  File "C:\Users\Welcome\Desktop\CRM\March 24\files\.venv\lib\site-packages\rest_framework\views.py", line 469, in handle_exception
    self.raise_uncaught_exception(exc)
  File "C:\Users\Welcome\Desktop\CRM\March 24\files\.venv\lib\site-packages\rest_framework\views.py", line 480, in raise_uncaught_exception
    raise exc
  File "C:\Users\Welcome\Desktop\CRM\March 24\files\.venv\lib\site-packages\rest_framework\views.py", line 506, in dispatch
    response = handler(request, *args, **kwargs)
  File "C:\Users\Welcome\Desktop\CRM\March 24\files\views.py", line 543, in list
    'current_month_walkins': current_serializer.data,
  File "C:\Users\Welcome\Desktop\CRM\March 24\files\.venv\lib\site-packages\rest_framework\serializers.py", line 768, in data
    ret = super().data
  File "C:\Users\Welcome\Desktop\CRM\March 24\files\.venv\lib\site-packages\rest_framework\serializers.py", line 253, in data
    self._data = self.to_representation(self.instance)
  File "C:\Users\Welcome\Desktop\CRM\March 24\files\.venv\lib\site-packages\rest_framework\serializers.py", line 686, in to_representation
    return [
  File "C:\Users\Welcome\Desktop\CRM\March 24\files\.venv\lib\site-packages\django\db\models\query.py", line 398, in __iter__
    self._fetch_all()
  File "C:\Users\Welcome\Desktop\CRM\March 24\files\.venv\lib\site-packages\django\db\models\query.py", line 1881, in _fetch_all
    self._result_cache = list(self._iterable_class(self))
  File "C:\Users\Welcome\Desktop\CRM\March 24\files\.venv\lib\site-packages\django\db\models\query.py", line 91, in __iter__
    results = compiler.execute_sql(
  File "C:\Users\Welcome\Desktop\CRM\March 24\files\.venv\lib\site-packages\django\db\models\sql\compiler.py", line 1562, in execute_sql
    cursor.execute(sql, params)
  File "C:\Users\Welcome\Desktop\CRM\March 24\files\.venv\lib\site-packages\django\db\backends\utils.py", line 102, in execute
    return super().execute(sql, params)
  File "C:\Users\Welcome\Desktop\CRM\March 24\files\.venv\lib\site-packages\django\db\backends\utils.py", line 67, in execute
    return self._execute_with_wrappers(
  File "C:\Users\Welcome\Desktop\CRM\March 24\files\.venv\lib\site-packages\django\db\backends\utils.py", line 80, in _execute_with_wrappers
    return executor(sql, params, many, context)
  File "C:\Users\Welcome\Desktop\CRM\March 24\files\.venv\lib\site-packages\django\db\backends\utils.py", line 84, in _execute
    with self.db.wrap_database_errors:
  File "C:\Users\Welcome\Desktop\CRM\March 24\files\.venv\lib\site-packages\django\db\utils.py", line 91, in __exit__
    raise dj_exc_value.with_traceback(traceback) from exc_value
  File "C:\Users\Welcome\Desktop\CRM\March 24\files\.venv\lib\site-packages\django\db\backends\utils.py", line 89, in _execute
    return self.cursor.execute(sql, params)
  File "C:\Users\Welcome\Desktop\CRM\March 24\files\.venv\lib\site-packages\django\db\backends\sqlite3\base.py", line 328, in execute
    return super().execute(query, params)
django.db.utils.OperationalError: no such column: leads.dob
ERROR 2026-04-28 18:42:09,221 basehttp "GET /api/walkins/?sectioned=1 HTTP/1.1" 500 219591
INFO 2026-04-28 18:44:35,652 autoreload C:\Users\Welcome\Desktop\CRM\March 24\files\views.py changed, reloading.
INFO 2026-04-28 18:44:37,011 autoreload Watching for file changes with StatReloader
INFO 2026-04-28 18:51:09,288 basehttp "GET /walkins HTTP/1.1" 200 420
INFO 2026-04-28 18:51:09,416 basehttp "GET /static/assets/index-7cc49136.css HTTP/1.1" 200 51309
INFO 2026-04-28 18:51:09,609 basehttp "GET /static/assets/index-95e627ee.js HTTP/1.1" 200 418523
INFO 2026-04-28 18:51:10,106 basehttp "GET /favicon.ico HTTP/1.1" 200 420
INFO 2026-04-28 18:51:10,109 basehttp "GET /api/auth/me/ HTTP/1.1" 200 271
INFO 2026-04-28 18:51:10,179 basehttp "GET /api/walkins/?sectioned=1 HTTP/1.1" 200 2045
INFO 2026-04-28 18:51:10,219 basehttp "GET /api/courses/ HTTP/1.1" 200 13612
INFO 2026-04-28 18:51:16,167 basehttp "GET /favicon.ico HTTP/1.1" 200 420
INFO 2026-04-28 18:51:16,193 basehttp "GET /api/walkins/10/ HTTP/1.1" 200 722
INFO 2026-04-28 18:51:16,210 basehttp "GET /api/branches/ HTTP/1.1" 200 1050
INFO 2026-04-28 18:51:16,298 basehttp "GET /api/courses/ HTTP/1.1" 200 13612
INFO 2026-04-29 10:23:13,797 autoreload Watching for file changes with StatReloader
INFO 2026-04-29 10:23:18,455 basehttp "GET / HTTP/1.1" 200 420
INFO 2026-04-29 10:23:18,459 basehttp "GET / HTTP/1.1" 200 420
INFO 2026-04-29 10:23:18,693 basehttp "GET /static/assets/index-7cc49136.css HTTP/1.1" 304 0
INFO 2026-04-29 10:23:18,693 basehttp "GET /static/assets/index-95e627ee.js HTTP/1.1" 304 0
INFO 2026-04-29 10:23:19,373 basehttp "GET /favicon.ico HTTP/1.1" 200 420
WARNING 2026-04-29 10:23:19,397 log Unauthorized: /api/auth/me/
WARNING 2026-04-29 10:23:19,398 basehttp "GET /api/auth/me/ HTTP/1.1" 401 183
INFO 2026-04-29 10:23:19,443 basehttp "POST /api/auth/token/refresh/ HTTP/1.1" 200 705
INFO 2026-04-29 10:23:19,541 basehttp "GET /api/auth/me/ HTTP/1.1" 200 271
WARNING 2026-04-29 10:23:19,605 log Unauthorized: /api/auth/me/
WARNING 2026-04-29 10:23:19,606 basehttp "GET /api/auth/me/ HTTP/1.1" 401 183
WARNING 2026-04-29 10:23:19,630 log Unauthorized: /api/auth/token/refresh/
WARNING 2026-04-29 10:23:19,635 basehttp "POST /api/auth/token/refresh/ HTTP/1.1" 401 58
INFO 2026-04-29 10:23:19,637 basehttp "GET /favicon.ico HTTP/1.1" 200 420
INFO 2026-04-29 10:23:19,657 basehttp "GET /login HTTP/1.1" 200 420
INFO 2026-04-29 10:23:19,671 basehttp "GET /static/assets/brand-logo-05bda913.png HTTP/1.1" 200 572462
INFO 2026-04-29 10:23:19,677 basehttp "GET /static/assets/libertinus-serif-600-9f6e3162.woff2 HTTP/1.1" 200 22872
INFO 2026-04-29 10:23:19,681 basehttp "GET /static/assets/libertinus-serif-700-8bd2d42a.woff2 HTTP/1.1" 200 23400
INFO 2026-04-29 10:23:19,694 basehttp "GET /favicon.ico HTTP/1.1" 200 420
INFO 2026-04-29 10:23:19,706 basehttp "GET /static/assets/libertinus-serif-400-c73c9f3b.woff2 HTTP/1.1" 200 23400
INFO 2026-04-29 10:23:20,051 basehttp "GET /favicon.ico HTTP/1.1" 200 420
INFO 2026-04-29 10:24:53,012 basehttp "POST /api/auth/login/ HTTP/1.1" 200 866
INFO 2026-04-29 10:24:53,063 basehttp "GET /favicon.ico HTTP/1.1" 200 420
INFO 2026-04-29 10:24:53,107 basehttp "GET /api/dashboard/summary/ HTTP/1.1" 200 432
INFO 2026-04-29 10:42:13,544 basehttp "GET /favicon.ico HTTP/1.1" 200 420
INFO 2026-04-29 10:42:13,587 basehttp "GET /api/payments/?status=pending HTTP/1.1" 200 3080
INFO 2026-04-29 10:42:17,495 basehttp "GET /favicon.ico HTTP/1.1" 200 420
INFO 2026-04-29 10:42:17,518 basehttp "GET /api/payments/3/ HTTP/1.1" 200 1522
INFO 2026-04-29 10:42:25,677 basehttp "GET /api/installments/9/view-bill/ HTTP/1.1" 200 766780
INFO 2026-04-29 10:50:57,742 basehttp "GET /api/installments/9/view-bill/ HTTP/1.1" 200 766780
INFO 2026-04-29 11:39:28,401 basehttp "GET /favicon.ico HTTP/1.1" 200 420
INFO 2026-04-29 11:39:28,428 basehttp "GET /api/dashboard/summary/ HTTP/1.1" 200 432
INFO 2026-04-29 11:40:44,817 basehttp "GET /dashboard HTTP/1.1" 200 420
INFO 2026-04-29 11:40:45,211 basehttp "GET /api/auth/me/ HTTP/1.1" 200 249
INFO 2026-04-29 11:40:45,248 basehttp "GET /favicon.ico HTTP/1.1" 200 420
INFO 2026-04-29 11:40:45,255 basehttp "GET /api/dashboard/summary/ HTTP/1.1" 200 432
INFO 2026-04-29 11:40:51,205 autoreload C:\Users\Welcome\Desktop\CRM\March 24\files\views.py changed, reloading.
INFO 2026-04-29 11:40:58,265 autoreload Watching for file changes with StatReloader
INFO 2026-04-29 11:41:54,031 autoreload C:\Users\Welcome\Desktop\CRM\March 24\files\views.py changed, reloading.
INFO 2026-04-29 11:41:55,246 autoreload Watching for file changes with StatReloader
INFO 2026-04-29 11:42:03,321 autoreload C:\Users\Welcome\Desktop\CRM\March 24\files\views.py changed, reloading.
INFO 2026-04-29 11:42:04,346 autoreload Watching for file changes with StatReloader
INFO 2026-04-29 11:42:50,632 basehttp "GET /dashboard HTTP/1.1" 200 420
INFO 2026-04-29 11:42:50,917 basehttp "GET /static/assets/index-cf82b92b.js HTTP/1.1" 200 417215
INFO 2026-04-29 11:42:51,007 basehttp "GET /favicon.ico HTTP/1.1" 200 420
INFO 2026-04-29 11:42:51,046 basehttp "GET /api/auth/me/ HTTP/1.1" 200 249
INFO 2026-04-29 11:42:51,214 basehttp "GET /api/dashboard/summary/ HTTP/1.1" 200 504
INFO 2026-04-29 11:43:02,817 basehttp "GET /dashboard HTTP/1.1" 200 420
INFO 2026-04-29 11:43:02,838 basehttp "GET /static/assets/index-cf82b92b.js HTTP/1.1" 304 0
INFO 2026-04-29 11:43:02,876 basehttp "GET /api/auth/me/ HTTP/1.1" 200 249
INFO 2026-04-29 11:43:02,928 basehttp "GET /favicon.ico HTTP/1.1" 200 420
INFO 2026-04-29 11:43:02,929 basehttp "GET /api/dashboard/summary/ HTTP/1.1" 200 504
INFO 2026-04-29 11:43:03,908 basehttp "GET /dashboard HTTP/1.1" 200 420
INFO 2026-04-29 11:43:03,966 basehttp "GET /api/auth/me/ HTTP/1.1" 200 249
INFO 2026-04-29 11:43:04,010 basehttp "GET /api/dashboard/summary/ HTTP/1.1" 200 504
INFO 2026-04-29 11:43:04,011 basehttp "GET /favicon.ico HTTP/1.1" 200 420
INFO 2026-04-29 11:43:04,099 basehttp "GET /dashboard HTTP/1.1" 200 420
INFO 2026-04-29 11:43:04,145 basehttp "GET /api/auth/me/ HTTP/1.1" 200 249
INFO 2026-04-29 11:43:04,184 basehttp "GET /favicon.ico HTTP/1.1" 200 420
INFO 2026-04-29 11:43:04,195 basehttp "GET /api/dashboard/summary/ HTTP/1.1" 200 504
INFO 2026-04-29 11:43:04,301 basehttp "GET /dashboard HTTP/1.1" 200 420
INFO 2026-04-29 11:43:04,353 basehttp "GET /api/auth/me/ HTTP/1.1" 200 249
INFO 2026-04-29 11:43:04,390 basehttp "GET /favicon.ico HTTP/1.1" 200 420
INFO 2026-04-29 11:43:04,400 basehttp "GET /api/dashboard/summary/ HTTP/1.1" 200 504
INFO 2026-04-29 11:43:04,511 basehttp "GET /dashboard HTTP/1.1" 200 420
INFO 2026-04-29 11:43:04,559 basehttp "GET /api/auth/me/ HTTP/1.1" 200 249
INFO 2026-04-29 11:43:04,599 basehttp "GET /favicon.ico HTTP/1.1" 200 420
INFO 2026-04-29 11:43:04,603 basehttp "GET /api/dashboard/summary/ HTTP/1.1" 200 504
INFO 2026-04-29 11:43:04,726 basehttp "GET /dashboard HTTP/1.1" 200 420
INFO 2026-04-29 11:43:04,774 basehttp "GET /api/auth/me/ HTTP/1.1" 200 249
INFO 2026-04-29 11:43:04,809 basehttp "GET /favicon.ico HTTP/1.1" 200 420
INFO 2026-04-29 11:43:04,818 basehttp "GET /api/dashboard/summary/ HTTP/1.1" 200 504
INFO 2026-04-29 11:43:05,194 basehttp "GET /dashboard HTTP/1.1" 200 420
INFO 2026-04-29 11:43:05,242 basehttp "GET /api/auth/me/ HTTP/1.1" 200 249
INFO 2026-04-29 11:43:05,285 basehttp "GET /favicon.ico HTTP/1.1" 200 420
INFO 2026-04-29 11:43:05,290 basehttp "GET /api/dashboard/summary/ HTTP/1.1" 200 504
INFO 2026-04-29 11:43:05,365 basehttp "GET /dashboard HTTP/1.1" 200 420
INFO 2026-04-29 11:43:05,438 basehttp "GET /api/auth/me/ HTTP/1.1" 200 249
INFO 2026-04-29 11:43:05,487 basehttp "GET /favicon.ico HTTP/1.1" 200 420
INFO 2026-04-29 11:43:05,490 basehttp "GET /api/dashboard/summary/ HTTP/1.1" 200 504
INFO 2026-04-29 11:43:05,534 basehttp "GET /dashboard HTTP/1.1" 200 420
INFO 2026-04-29 11:43:05,637 basehttp "GET /api/auth/me/ HTTP/1.1" 200 249
INFO 2026-04-29 11:43:05,681 basehttp "GET /api/dashboard/summary/ HTTP/1.1" 200 504
INFO 2026-04-29 11:43:05,698 basehttp "GET /favicon.ico HTTP/1.1" 200 420
INFO 2026-04-29 11:43:05,748 basehttp "GET /dashboard HTTP/1.1" 200 420
INFO 2026-04-29 11:43:05,821 basehttp "GET /api/auth/me/ HTTP/1.1" 200 249
INFO 2026-04-29 11:43:05,856 basehttp "GET /favicon.ico HTTP/1.1" 200 420
INFO 2026-04-29 11:43:05,856 basehttp "GET /api/dashboard/summary/ HTTP/1.1" 200 504
INFO 2026-04-29 11:43:14,303 autoreload Watching for file changes with StatReloader
INFO 2026-04-29 11:43:16,159 basehttp "GET / HTTP/1.1" 200 420
INFO 2026-04-29 11:43:16,208 basehttp "GET /static/assets/index-cf82b92b.js HTTP/1.1" 304 0
INFO 2026-04-29 11:43:16,600 basehttp "GET /favicon.ico HTTP/1.1" 200 420
INFO 2026-04-29 11:43:16,600 basehttp "GET /api/auth/me/ HTTP/1.1" 200 249
INFO 2026-04-29 11:43:16,711 basehttp "GET /favicon.ico HTTP/1.1" 200 420
INFO 2026-04-29 11:43:29,117 basehttp "POST /api/auth/login/ HTTP/1.1" 200 866
INFO 2026-04-29 11:43:29,162 basehttp "GET /favicon.ico HTTP/1.1" 200 420
INFO 2026-04-29 11:43:29,208 basehttp "GET /api/dashboard/summary/ HTTP/1.1" 200 504
INFO 2026-04-29 11:57:44,095 basehttp "GET /dashboard HTTP/1.1" 200 420
INFO 2026-04-29 11:57:44,114 basehttp "GET /static/assets/index-cf82b92b.js HTTP/1.1" 304 0
INFO 2026-04-29 11:57:44,212 basehttp "GET /static/assets/index-7cc49136.css HTTP/1.1" 200 51309
INFO 2026-04-29 11:57:44,250 basehttp "GET /static/assets/libertinus-serif-600-9f6e3162.woff2 HTTP/1.1" 200 22872
INFO 2026-04-29 11:57:44,493 basehttp "GET /api/auth/me/ HTTP/1.1" 200 249
INFO 2026-04-29 11:57:44,541 basehttp "GET /favicon.ico HTTP/1.1" 200 420
INFO 2026-04-29 11:57:44,543 basehttp "GET /static/assets/libertinus-serif-700-8bd2d42a.woff2 HTTP/1.1" 200 23400
INFO 2026-04-29 11:57:44,547 basehttp "GET /static/assets/libertinus-serif-400-c73c9f3b.woff2 HTTP/1.1" 200 23400
INFO 2026-04-29 11:57:44,551 basehttp "GET /api/dashboard/summary/ HTTP/1.1" 200 504
INFO 2026-04-29 11:57:44,556 basehttp "GET /static/assets/brand-logo-05bda913.png HTTP/1.1" 200 572462
INFO 2026-04-29 12:10:02,692 basehttp "GET /api/branches/ HTTP/1.1" 200 1050
INFO 2026-04-29 12:10:02,725 basehttp "GET /favicon.ico HTTP/1.1" 200 420
INFO 2026-04-29 12:10:02,806 basehttp "GET /api/enrollments/ HTTP/1.1" 200 2400
INFO 2026-04-29 12:10:02,887 basehttp "GET /api/courses/ HTTP/1.1" 200 13612
INFO 2026-04-29 12:10:13,643 basehttp "GET /api/branches/ HTTP/1.1" 200 1050
INFO 2026-04-29 12:10:13,652 basehttp "GET /favicon.ico HTTP/1.1" 200 420
INFO 2026-04-29 12:10:13,701 basehttp "GET /api/enrollments/ HTTP/1.1" 200 2400
INFO 2026-04-29 12:10:13,789 basehttp "GET /api/courses/ HTTP/1.1" 200 13612
INFO 2026-04-29 12:10:28,566 basehttp "GET /favicon.ico HTTP/1.1" 200 420
INFO 2026-04-29 12:10:28,589 basehttp "GET /api/branches/ HTTP/1.1" 200 1050
INFO 2026-04-29 12:10:28,700 basehttp "GET /api/walkins/?sectioned=1 HTTP/1.1" 200 3865
INFO 2026-04-29 12:10:28,725 basehttp "GET /api/courses/ HTTP/1.1" 200 13612
INFO 2026-04-29 12:10:32,606 basehttp "GET /public/walk-in HTTP/1.1" 200 420
INFO 2026-04-29 12:10:32,674 basehttp "GET /static/assets/index-cf82b92b.js HTTP/1.1" 304 0
INFO 2026-04-29 12:10:32,676 basehttp "GET /static/assets/index-7cc49136.css HTTP/1.1" 304 0
INFO 2026-04-29 12:10:32,754 basehttp "GET /static/assets/brand-logo-05bda913.png HTTP/1.1" 304 0
INFO 2026-04-29 12:10:32,800 basehttp "GET /static/assets/libertinus-serif-600-9f6e3162.woff2 HTTP/1.1" 304 0
INFO 2026-04-29 12:10:32,800 basehttp "GET /static/assets/libertinus-serif-700-8bd2d42a.woff2 HTTP/1.1" 304 0
INFO 2026-04-29 12:10:32,800 basehttp "GET /static/assets/libertinus-serif-400-c73c9f3b.woff2 HTTP/1.1" 304 0
INFO 2026-04-29 12:10:33,115 basehttp "GET /api/auth/me/ HTTP/1.1" 200 249
INFO 2026-04-29 12:10:33,118 basehttp "GET /api/public/walkin/ HTTP/1.1" 200 2346
INFO 2026-04-29 12:10:33,165 basehttp "GET /favicon.ico HTTP/1.1" 200 420
INFO 2026-04-29 12:10:50,395 autoreload C:\Users\Welcome\Desktop\CRM\March 24\files\views.py changed, reloading.
INFO 2026-04-29 12:10:52,061 autoreload Watching for file changes with StatReloader
INFO 2026-04-29 12:11:01,201 basehttp "GET /favicon.ico HTTP/1.1" 200 420
INFO 2026-04-29 12:11:01,310 basehttp "GET /api/branches/ HTTP/1.1" 200 1050
INFO 2026-04-29 12:11:01,411 basehttp "GET /api/walkins/10/ HTTP/1.1" 200 722
INFO 2026-04-29 12:11:01,487 basehttp "GET /api/courses/ HTTP/1.1" 200 13612
INFO 2026-04-29 12:11:32,582 basehttp "GET /favicon.ico HTTP/1.1" 200 420
INFO 2026-04-29 12:11:32,608 basehttp "GET /api/branches/ HTTP/1.1" 200 1050
INFO 2026-04-29 12:11:32,644 basehttp "GET /api/enrollments/ HTTP/1.1" 200 2400
INFO 2026-04-29 12:11:32,720 basehttp "GET /api/courses/ HTTP/1.1" 200 13612
INFO 2026-04-29 12:17:10,856 basehttp "GET /enrollments HTTP/1.1" 200 420
INFO 2026-04-29 12:17:10,991 basehttp "GET /static/assets/index-e637fdfd.css HTTP/1.1" 200 51451
INFO 2026-04-29 12:17:11,216 basehttp "GET /static/assets/index-200370d0.js HTTP/1.1" 200 418439
INFO 2026-04-29 12:17:11,445 basehttp "GET /static/assets/libertinus-serif-600-9f6e3162.woff2 HTTP/1.1" 200 22872
INFO 2026-04-29 12:17:11,531 basehttp "GET /api/auth/me/ HTTP/1.1" 200 249
INFO 2026-04-29 12:17:11,565 basehttp "GET /api/branches/ HTTP/1.1" 200 1050
INFO 2026-04-29 12:17:11,570 basehttp "GET /favicon.ico HTTP/1.1" 200 420
INFO 2026-04-29 12:17:11,572 basehttp "GET /static/assets/libertinus-serif-700-8bd2d42a.woff2 HTTP/1.1" 200 23400
INFO 2026-04-29 12:17:11,573 basehttp "GET /static/assets/libertinus-serif-400-c73c9f3b.woff2 HTTP/1.1" 200 23400
INFO 2026-04-29 12:17:11,587 basehttp "GET /api/enrollments/ HTTP/1.1" 200 2400
INFO 2026-04-29 12:17:11,652 basehttp "GET /api/courses/ HTTP/1.1" 200 13612
INFO 2026-04-29 12:17:11,653 basehttp "GET /static/assets/brand-logo-05bda913.png HTTP/1.1" 200 572462
INFO 2026-04-29 12:17:13,890 basehttp "GET /favicon.ico HTTP/1.1" 200 420
INFO 2026-04-29 12:17:13,894 basehttp "GET /api/branches/ HTTP/1.1" 200 1050
INFO 2026-04-29 12:17:13,915 basehttp "GET /api/dashboard/summary/ HTTP/1.1" 200 568
INFO 2026-04-29 12:17:16,482 basehttp "GET /api/dashboard/summary/?branch=3 HTTP/1.1" 200 520
INFO 2026-04-29 12:17:18,010 basehttp "GET /api/dashboard/summary/?branch=2 HTTP/1.1" 200 514
INFO 2026-04-29 12:17:18,980 basehttp "GET /api/dashboard/summary/?branch=1 HTTP/1.1" 200 562
INFO 2026-04-29 12:17:20,667 basehttp "GET /api/dashboard/summary/ HTTP/1.1" 200 568
INFO 2026-04-29 12:17:21,669 basehttp "GET /api/dashboard/summary/?branch=3 HTTP/1.1" 200 520
INFO 2026-04-29 12:17:22,543 basehttp "GET /api/dashboard/summary/?branch=2 HTTP/1.1" 200 514
INFO 2026-04-29 12:17:24,110 basehttp "GET /api/dashboard/summary/?branch=1 HTTP/1.1" 200 562
INFO 2026-04-29 12:18:38,159 autoreload C:\Users\Welcome\Desktop\CRM\March 24\files\serializers.py changed, reloading.
INFO 2026-04-29 12:18:39,257 autoreload Watching for file changes with StatReloader
INFO 2026-04-29 12:19:01,303 autoreload C:\Users\Welcome\Desktop\CRM\March 24\files\views.py changed, reloading.
INFO 2026-04-29 12:19:02,405 autoreload Watching for file changes with StatReloader
INFO 2026-04-29 12:19:04,097 autoreload C:\Users\Welcome\Desktop\CRM\March 24\files\views.py changed, reloading.
INFO 2026-04-29 12:19:05,149 autoreload Watching for file changes with StatReloader
INFO 2026-04-29 12:19:08,904 autoreload C:\Users\Welcome\Desktop\CRM\March 24\files\views.py changed, reloading.
INFO 2026-04-29 12:19:09,939 autoreload Watching for file changes with StatReloader
INFO 2026-04-29 12:20:17,450 autoreload C:\Users\Welcome\Desktop\CRM\March 24\files\serializers.py changed, reloading.
INFO 2026-04-29 12:20:18,454 autoreload Watching for file changes with StatReloader
INFO 2026-04-29 12:41:33,367 basehttp "GET /public/walk-in HTTP/1.1" 200 420
INFO 2026-04-29 12:41:33,440 basehttp "GET /static/assets/index-6d4d99e5.css HTTP/1.1" 200 51451
INFO 2026-04-29 12:41:33,598 basehttp "GET /static/assets/index-0bb2e7d2.js HTTP/1.1" 200 418213
INFO 2026-04-29 12:41:33,629 basehttp "GET /static/assets/brand-logo-05bda913.png HTTP/1.1" 200 572462
INFO 2026-04-29 12:41:33,899 basehttp "GET /static/assets/libertinus-serif-400-c73c9f3b.woff2 HTTP/1.1" 200 23400
INFO 2026-04-29 12:41:33,900 basehttp "GET /static/assets/libertinus-serif-700-8bd2d42a.woff2 HTTP/1.1" 200 23400
INFO 2026-04-29 12:41:33,908 basehttp "GET /static/assets/libertinus-serif-600-9f6e3162.woff2 HTTP/1.1" 200 22872
INFO 2026-04-29 12:41:33,955 basehttp "GET /api/public/walkin/ HTTP/1.1" 200 2082
INFO 2026-04-29 12:41:33,971 basehttp "GET /favicon.ico HTTP/1.1" 200 420
INFO 2026-04-29 12:41:33,980 basehttp "GET /api/auth/me/ HTTP/1.1" 200 249
INFO 2026-04-29 12:41:36,797 basehttp "GET /favicon.ico HTTP/1.1" 200 420
INFO 2026-04-29 12:41:36,799 basehttp "GET /api/branches/ HTTP/1.1" 200 1050
INFO 2026-04-29 12:41:36,813 basehttp "GET /api/walkins/?sectioned=1 HTTP/1.1" 200 4107
INFO 2026-04-29 12:41:36,833 basehttp "GET /api/courses/ HTTP/1.1" 200 13612
INFO 2026-04-29 12:41:43,358 basehttp "GET /favicon.ico HTTP/1.1" 200 420
INFO 2026-04-29 12:41:43,368 basehttp "GET /api/branches/ HTTP/1.1" 200 1050
INFO 2026-04-29 12:41:43,384 basehttp "GET /api/walkins/6/ HTTP/1.1" 200 787
INFO 2026-04-29 12:41:43,396 basehttp "GET /api/courses/ HTTP/1.1" 200 13612
INFO 2026-04-29 12:41:49,291 basehttp "GET /favicon.ico HTTP/1.1" 200 420
INFO 2026-04-29 12:41:49,305 basehttp "GET /api/branches/ HTTP/1.1" 200 1050
INFO 2026-04-29 12:41:49,313 basehttp "GET /api/enrollments/ HTTP/1.1" 200 2400
INFO 2026-04-29 12:41:49,332 basehttp "GET /api/courses/ HTTP/1.1" 200 13612
INFO 2026-04-29 12:43:26,345 basehttp "GET /students HTTP/1.1" 200 420
INFO 2026-04-29 12:43:26,363 basehttp "GET /static/assets/index-6d4d99e5.css HTTP/1.1" 304 0
INFO 2026-04-29 12:43:26,364 basehttp "GET /static/assets/index-0bb2e7d2.js HTTP/1.1" 304 0
INFO 2026-04-29 12:43:26,606 basehttp "GET /static/assets/libertinus-serif-600-9f6e3162.woff2 HTTP/1.1" 200 22872
INFO 2026-04-29 12:43:26,646 basehttp "GET /api/auth/me/ HTTP/1.1" 200 249
INFO 2026-04-29 12:43:26,664 basehttp "GET /static/assets/brand-logo-05bda913.png HTTP/1.1" 200 572462
INFO 2026-04-29 12:43:26,678 basehttp "GET /static/assets/libertinus-serif-400-c73c9f3b.woff2 HTTP/1.1" 200 23400
INFO 2026-04-29 12:43:26,682 basehttp "GET /api/branches/ HTTP/1.1" 200 1050
INFO 2026-04-29 12:43:26,684 basehttp "GET /favicon.ico HTTP/1.1" 200 420
INFO 2026-04-29 12:43:26,689 basehttp "GET /static/assets/libertinus-serif-700-8bd2d42a.woff2 HTTP/1.1" 200 23400
INFO 2026-04-29 12:43:26,708 basehttp "GET /api/enrollments/ HTTP/1.1" 200 2400
INFO 2026-04-29 12:43:26,722 basehttp "GET /api/courses/ HTTP/1.1" 200 13612
INFO 2026-04-29 12:43:29,728 basehttp "GET /favicon.ico HTTP/1.1" 200 420
INFO 2026-04-29 12:43:29,753 basehttp "GET /api/branches/ HTTP/1.1" 200 1050
INFO 2026-04-29 12:43:29,758 basehttp "GET /api/users/ HTTP/1.1" 200 523
INFO 2026-04-29 12:43:29,767 basehttp "GET /api/walkins/?sectioned=1 HTTP/1.1" 200 4107
INFO 2026-04-29 12:43:29,785 basehttp "GET /api/courses/ HTTP/1.1" 200 13612
INFO 2026-04-29 12:43:43,466 basehttp "GET /favicon.ico HTTP/1.1" 200 420
INFO 2026-04-29 12:43:43,469 basehttp "GET /api/walkins/10/ HTTP/1.1" 200 756
INFO 2026-04-29 12:43:43,473 basehttp "GET /api/branches/ HTTP/1.1" 200 1050
INFO 2026-04-29 12:43:43,493 basehttp "GET /api/courses/ HTTP/1.1" 200 13612
INFO 2026-04-29 12:43:53,241 basehttp "GET /favicon.ico HTTP/1.1" 200 420
INFO 2026-04-29 12:43:53,254 basehttp "GET /api/branches/ HTTP/1.1" 200 1050
INFO 2026-04-29 12:43:53,261 basehttp "GET /api/users/ HTTP/1.1" 200 523
INFO 2026-04-29 12:43:53,270 basehttp "GET /api/walkins/?sectioned=1 HTTP/1.1" 200 4107
INFO 2026-04-29 12:43:53,290 basehttp "GET /api/courses/ HTTP/1.1" 200 13612
INFO 2026-04-29 12:44:00,707 basehttp "GET /favicon.ico HTTP/1.1" 200 420
INFO 2026-04-29 12:44:00,717 basehttp "GET /api/branches/ HTTP/1.1" 200 1050
INFO 2026-04-29 12:44:00,740 basehttp "GET /api/courses/ HTTP/1.1" 200 13612
INFO 2026-04-29 12:44:08,155 basehttp "GET /favicon.ico HTTP/1.1" 200 420
INFO 2026-04-29 12:44:08,159 basehttp "GET /api/branches/ HTTP/1.1" 200 1050
INFO 2026-04-29 12:44:08,173 basehttp "GET /api/users/ HTTP/1.1" 200 523
INFO 2026-04-29 12:44:08,188 basehttp "GET /api/walkins/?sectioned=1 HTTP/1.1" 200 4107
INFO 2026-04-29 12:44:08,209 basehttp "GET /api/courses/ HTTP/1.1" 200 13612
INFO 2026-04-29 12:46:58,169 basehttp "GET /favicon.ico HTTP/1.1" 200 420
INFO 2026-04-29 12:46:58,187 basehttp "GET /api/walkins/10/ HTTP/1.1" 200 756
INFO 2026-04-29 12:46:58,190 basehttp "GET /api/branches/ HTTP/1.1" 200 1050
INFO 2026-04-29 12:46:58,210 basehttp "GET /api/courses/ HTTP/1.1" 200 13612
INFO 2026-04-29 12:47:03,812 basehttp "GET /favicon.ico HTTP/1.1" 200 420
INFO 2026-04-29 12:47:03,820 basehttp "GET /api/users/ HTTP/1.1" 200 523
INFO 2026-04-29 12:47:03,834 basehttp "GET /api/branches/ HTTP/1.1" 200 1050
INFO 2026-04-29 12:47:03,847 basehttp "GET /api/walkins/?sectioned=1 HTTP/1.1" 200 4107
INFO 2026-04-29 12:47:03,866 basehttp "GET /api/courses/ HTTP/1.1" 200 13612
INFO 2026-04-29 12:47:11,574 basehttp "GET /favicon.ico HTTP/1.1" 200 420
INFO 2026-04-29 12:47:11,583 basehttp "POST /api/auth/logout/ HTTP/1.1" 200 37
INFO 2026-04-29 12:47:20,040 basehttp "POST /api/auth/login/ HTTP/1.1" 200 858
INFO 2026-04-29 12:47:20,070 basehttp "GET /favicon.ico HTTP/1.1" 200 420
INFO 2026-04-29 12:47:20,089 basehttp "GET /api/dashboard/summary/ HTTP/1.1" 200 562
INFO 2026-04-29 12:47:24,211 basehttp "GET /favicon.ico HTTP/1.1" 200 420
INFO 2026-04-29 12:47:24,237 basehttp "GET /api/walkins/?sectioned=1 HTTP/1.1" 200 2197
INFO 2026-04-29 12:47:24,258 basehttp "GET /api/courses/ HTTP/1.1" 200 13612
INFO 2026-04-29 12:47:26,195 basehttp "GET /favicon.ico HTTP/1.1" 200 420
INFO 2026-04-29 12:47:26,208 basehttp "GET /api/walkins/10/ HTTP/1.1" 200 756
INFO 2026-04-29 12:47:26,209 basehttp "GET /api/branches/ HTTP/1.1" 200 1050
INFO 2026-04-29 12:47:26,233 basehttp "GET /api/courses/ HTTP/1.1" 200 13612
INFO 2026-04-29 12:47:45,056 basehttp "GET /favicon.ico HTTP/1.1" 200 420
INFO 2026-04-29 12:47:45,066 basehttp "GET /api/leads/ HTTP/1.1" 200 978
INFO 2026-04-29 12:47:46,256 basehttp "GET /favicon.ico HTTP/1.1" 200 420
INFO 2026-04-29 12:47:46,275 basehttp "GET /api/branches/ HTTP/1.1" 200 1050
INFO 2026-04-29 12:47:46,284 basehttp "GET /api/leads/6/ HTTP/1.1" 200 560
INFO 2026-04-29 12:47:46,304 basehttp "GET /api/courses/ HTTP/1.1" 200 13612
INFO 2026-04-29 12:47:54,638 basehttp "GET /favicon.ico HTTP/1.1" 200 420
INFO 2026-04-29 12:47:54,647 basehttp "GET /api/leads/ HTTP/1.1" 200 978
INFO 2026-04-29 12:47:56,074 basehttp "GET /favicon.ico HTTP/1.1" 200 420
INFO 2026-04-29 12:47:56,106 basehttp "GET /api/courses/ HTTP/1.1" 200 13612
INFO 2026-04-29 12:49:02,871 basehttp "POST /api/leads/ HTTP/1.1" 201 561
INFO 2026-04-29 12:49:02,896 basehttp "GET /favicon.ico HTTP/1.1" 200 420
INFO 2026-04-29 12:49:02,907 basehttp "GET /api/leads/7/ HTTP/1.1" 200 561
INFO 2026-04-29 12:49:02,914 basehttp "GET /api/branches/ HTTP/1.1" 200 1050
INFO 2026-04-29 12:49:02,927 basehttp "GET /api/courses/ HTTP/1.1" 200 13612
INFO 2026-04-29 12:50:35,233 basehttp "POST /api/leads/7/follow-ups/ HTTP/1.1" 201 232
INFO 2026-04-29 12:50:53,275 basehttp "POST /api/leads/7/follow-ups/ HTTP/1.1" 201 220
INFO 2026-04-29 12:51:08,358 basehttp "POST /api/leads/7/follow-ups/ HTTP/1.1" 201 224
INFO 2026-04-29 12:51:49,513 basehttp "PATCH /api/leads/7/ HTTP/1.1" 200 1287
INFO 2026-04-29 12:57:18,574 basehttp "GET /leads/7 HTTP/1.1" 200 420
INFO 2026-04-29 12:57:18,605 basehttp "GET /static/assets/index-4ddafb34.css HTTP/1.1" 200 51952
INFO 2026-04-29 12:57:18,672 basehttp "GET /static/assets/index-eecda592.js HTTP/1.1" 200 415958
INFO 2026-04-29 12:57:18,905 basehttp "GET /static/assets/libertinus-serif-600-9f6e3162.woff2 HTTP/1.1" 200 22872
INFO 2026-04-29 12:57:18,954 basehttp "GET /api/auth/me/ HTTP/1.1" 200 271
INFO 2026-04-29 12:57:19,000 basehttp "GET /static/assets/libertinus-serif-700-8bd2d42a.woff2 HTTP/1.1" 200 23400
INFO 2026-04-29 12:57:19,007 basehttp "GET /favicon.ico HTTP/1.1" 200 420
INFO 2026-04-29 12:57:19,008 basehttp "GET /api/leads/7/ HTTP/1.1" 200 1287
INFO 2026-04-29 12:57:19,009 basehttp "GET /static/assets/libertinus-serif-400-c73c9f3b.woff2 HTTP/1.1" 200 23400
INFO 2026-04-29 12:57:19,012 basehttp "GET /api/branches/ HTTP/1.1" 200 1050
INFO 2026-04-29 12:57:19,070 basehttp "GET /static/assets/brand-logo-05bda913.png HTTP/1.1" 200 572462
INFO 2026-04-29 12:57:19,077 basehttp "GET /api/courses/ HTTP/1.1" 200 13612
INFO 2026-04-29 12:57:39,998 basehttp "POST /api/leads/7/convert-to-walkin/ HTTP/1.1" 201 821
INFO 2026-04-29 12:57:40,017 basehttp "GET /favicon.ico HTTP/1.1" 200 420
INFO 2026-04-29 12:57:40,042 basehttp "GET /api/walkins/11/ HTTP/1.1" 200 821
INFO 2026-04-29 12:57:40,044 basehttp "GET /api/branches/ HTTP/1.1" 200 1050
INFO 2026-04-29 12:57:40,092 basehttp "GET /api/courses/ HTTP/1.1" 200 13612
INFO 2026-04-29 13:01:23,065 autoreload C:\Users\Welcome\Desktop\CRM\March 24\files\serializers.py changed, reloading.
INFO 2026-04-29 13:01:25,389 autoreload Watching for file changes with StatReloader
INFO 2026-04-29 13:01:32,393 autoreload C:\Users\Welcome\Desktop\CRM\March 24\files\views.py changed, reloading.
INFO 2026-04-29 13:01:33,735 autoreload Watching for file changes with StatReloader
INFO 2026-04-29 13:05:12,238 basehttp "GET /walkins/11 HTTP/1.1" 200 420
INFO 2026-04-29 13:05:12,252 basehttp "GET /static/assets/index-eecda592.js HTTP/1.1" 304 0
INFO 2026-04-29 13:05:12,258 basehttp "GET /static/assets/index-4ddafb34.css HTTP/1.1" 304 0
INFO 2026-04-29 13:05:12,355 basehttp "GET /api/auth/me/ HTTP/1.1" 200 271
INFO 2026-04-29 13:05:12,493 basehttp "GET /static/assets/libertinus-serif-600-9f6e3162.woff2 HTTP/1.1" 304 0
INFO 2026-04-29 13:05:12,533 basehttp "GET /static/assets/brand-logo-05bda913.png HTTP/1.1" 304 0
INFO 2026-04-29 13:05:12,555 basehttp "GET /static/assets/libertinus-serif-700-8bd2d42a.woff2 HTTP/1.1" 304 0
INFO 2026-04-29 13:05:12,566 basehttp "GET /static/assets/libertinus-serif-400-c73c9f3b.woff2 HTTP/1.1" 304 0
INFO 2026-04-29 13:05:12,566 basehttp "GET /api/branches/ HTTP/1.1" 200 1050
INFO 2026-04-29 13:05:12,581 basehttp "GET /favicon.ico HTTP/1.1" 200 420
INFO 2026-04-29 13:05:12,587 basehttp "GET /api/walkins/11/ HTTP/1.1" 200 821
INFO 2026-04-29 13:05:12,638 basehttp "GET /api/courses/ HTTP/1.1" 200 13612
INFO 2026-04-29 13:05:35,867 autoreload C:\Users\Welcome\Desktop\CRM\March 24\files\views.py changed, reloading.
INFO 2026-04-29 13:05:36,852 autoreload Watching for file changes with StatReloader
INFO 2026-04-29 13:11:59,337 basehttp "GET /walkins/11 HTTP/1.1" 200 420
INFO 2026-04-29 13:11:59,418 basehttp "GET /static/assets/index-bf38835e.css HTTP/1.1" 200 52067
INFO 2026-04-29 13:11:59,636 basehttp "GET /static/assets/index-6814a6f5.js HTTP/1.1" 200 421737
INFO 2026-04-29 13:11:59,895 basehttp "GET /static/assets/libertinus-serif-600-9f6e3162.woff2 HTTP/1.1" 200 22872
INFO 2026-04-29 13:11:59,942 basehttp "GET /favicon.ico HTTP/1.1" 200 420
INFO 2026-04-29 13:11:59,954 basehttp "GET /api/auth/me/ HTTP/1.1" 200 271
INFO 2026-04-29 13:11:59,991 basehttp "GET /api/walkins/staff-options/ HTTP/1.1" 200 62
INFO 2026-04-29 13:11:59,996 basehttp "GET /api/branches/ HTTP/1.1" 200 1050
INFO 2026-04-29 13:12:00,012 basehttp "GET /api/walkins/11/ HTTP/1.1" 200 821
INFO 2026-04-29 13:12:00,053 basehttp "GET /static/assets/libertinus-serif-700-8bd2d42a.woff2 HTTP/1.1" 200 23400
INFO 2026-04-29 13:12:00,055 basehttp "GET /static/assets/libertinus-serif-400-c73c9f3b.woff2 HTTP/1.1" 200 23400
INFO 2026-04-29 13:12:00,061 basehttp "GET /api/courses/ HTTP/1.1" 200 13612
INFO 2026-04-29 13:12:00,061 basehttp "GET /static/assets/brand-logo-05bda913.png HTTP/1.1" 200 572462
INFO 2026-04-29 13:13:19,485 basehttp "GET /favicon.ico HTTP/1.1" 200 420
INFO 2026-04-29 13:13:19,500 basehttp "GET /api/leads/ HTTP/1.1" 200 1310
INFO 2026-04-29 13:13:20,845 basehttp "GET /favicon.ico HTTP/1.1" 200 420
INFO 2026-04-29 13:13:20,855 basehttp "GET /api/branches/ HTTP/1.1" 200 1050
INFO 2026-04-29 13:13:20,867 basehttp "GET /api/leads/7/ HTTP/1.1" 200 1285
INFO 2026-04-29 13:13:20,908 basehttp "GET /api/courses/ HTTP/1.1" 200 13612
INFO 2026-04-29 13:13:41,371 autoreload C:\Users\Welcome\Desktop\CRM\March 24\files\crm\models.py changed, reloading.
INFO 2026-04-29 13:13:42,641 autoreload Watching for file changes with StatReloader
INFO 2026-04-29 13:13:43,934 basehttp "GET /favicon.ico HTTP/1.1" 200 420
INFO 2026-04-29 13:13:43,951 basehttp "GET /api/leads/ HTTP/1.1" 200 1310
INFO 2026-04-29 13:13:45,811 basehttp "GET /favicon.ico HTTP/1.1" 200 420
INFO 2026-04-29 13:13:45,838 basehttp "GET /api/courses/ HTTP/1.1" 200 13612
INFO 2026-04-29 13:13:49,611 autoreload C:\Users\Welcome\Desktop\CRM\March 24\files\crm\models.py changed, reloading.
INFO 2026-04-29 13:13:50,969 autoreload Watching for file changes with StatReloader
INFO 2026-04-29 13:13:51,312 basehttp "GET /favicon.ico HTTP/1.1" 200 420
INFO 2026-04-29 13:13:51,377 basehttp "GET /api/walkins/?sectioned=1 HTTP/1.1" 200 2642
INFO 2026-04-29 13:13:51,385 basehttp "GET /api/courses/ HTTP/1.1" 200 13612
INFO 2026-04-29 13:13:51,689 basehttp "GET /favicon.ico HTTP/1.1" 200 420
INFO 2026-04-29 13:13:51,698 basehttp "GET /api/leads/ HTTP/1.1" 200 1310
INFO 2026-04-29 13:13:53,339 basehttp "GET /favicon.ico HTTP/1.1" 200 420
INFO 2026-04-29 13:13:53,349 basehttp "GET /api/leads/7/ HTTP/1.1" 200 1285
INFO 2026-04-29 13:13:53,350 basehttp "GET /api/branches/ HTTP/1.1" 200 1050
INFO 2026-04-29 13:13:53,374 basehttp "GET /api/courses/ HTTP/1.1" 200 13612
INFO 2026-04-29 13:13:54,551 basehttp "GET /favicon.ico HTTP/1.1" 200 420
INFO 2026-04-29 13:13:54,586 basehttp "GET /api/walkins/?sectioned=1 HTTP/1.1" 200 2642
INFO 2026-04-29 13:13:54,601 basehttp "GET /api/courses/ HTTP/1.1" 200 13612
INFO 2026-04-29 13:13:57,046 basehttp "GET /favicon.ico HTTP/1.1" 200 420
INFO 2026-04-29 13:13:57,054 basehttp "GET /api/branches/ HTTP/1.1" 200 1050
INFO 2026-04-29 13:13:57,058 basehttp "GET /api/walkins/staff-options/ HTTP/1.1" 200 62
INFO 2026-04-29 13:13:57,069 basehttp "GET /api/walkins/11/ HTTP/1.1" 200 821
INFO 2026-04-29 13:13:57,090 basehttp "GET /api/courses/ HTTP/1.1" 200 13612
INFO 2026-04-29 13:13:59,620 basehttp "GET /favicon.ico HTTP/1.1" 200 420
INFO 2026-04-29 13:13:59,626 basehttp "GET /api/branches/ HTTP/1.1" 200 1050
INFO 2026-04-29 13:13:59,709 basehttp "GET /api/courses/ HTTP/1.1" 200 13612
ERROR 2026-04-29 13:14:00,228 log Internal Server Error: /api/enrollments/
Traceback (most recent call last):
  File "C:\Users\Welcome\Desktop\CRM\March 24\files\.venv\lib\site-packages\django\db\backends\utils.py", line 89, in _execute
    return self.cursor.execute(sql, params)
  File "C:\Users\Welcome\Desktop\CRM\March 24\files\.venv\lib\site-packages\django\db\backends\sqlite3\base.py", line 328, in execute
    return super().execute(query, params)
sqlite3.OperationalError: no such column: enrollments.discount_id

The above exception was the direct cause of the following exception:

Traceback (most recent call last):
  File "C:\Users\Welcome\Desktop\CRM\March 24\files\.venv\lib\site-packages\django\core\handlers\exception.py", line 55, in inner
    response = get_response(request)
  File "C:\Users\Welcome\Desktop\CRM\March 24\files\.venv\lib\site-packages\django\core\handlers\base.py", line 197, in _get_response
    response = wrapped_callback(request, *callback_args, **callback_kwargs)
  File "C:\Users\Welcome\Desktop\CRM\March 24\files\.venv\lib\site-packages\django\views\decorators\csrf.py", line 56, in wrapper_view
    return view_func(*args, **kwargs)
  File "C:\Users\Welcome\Desktop\CRM\March 24\files\.venv\lib\site-packages\rest_framework\viewsets.py", line 125, in view
    return self.dispatch(request, *args, **kwargs)
  File "C:\Users\Welcome\Desktop\CRM\March 24\files\.venv\lib\site-packages\rest_framework\views.py", line 509, in dispatch
    response = self.handle_exception(exc)
  File "C:\Users\Welcome\Desktop\CRM\March 24\files\.venv\lib\site-packages\rest_framework\views.py", line 469, in handle_exception
    self.raise_uncaught_exception(exc)
  File "C:\Users\Welcome\Desktop\CRM\March 24\files\.venv\lib\site-packages\rest_framework\views.py", line 480, in raise_uncaught_exception
    raise exc
  File "C:\Users\Welcome\Desktop\CRM\March 24\files\.venv\lib\site-packages\rest_framework\views.py", line 506, in dispatch
    response = handler(request, *args, **kwargs)
  File "C:\Users\Welcome\Desktop\CRM\March 24\files\.venv\lib\site-packages\rest_framework\mixins.py", line 46, in list
    return Response(serializer.data)
  File "C:\Users\Welcome\Desktop\CRM\March 24\files\.venv\lib\site-packages\rest_framework\serializers.py", line 768, in data
    ret = super().data
  File "C:\Users\Welcome\Desktop\CRM\March 24\files\.venv\lib\site-packages\rest_framework\serializers.py", line 253, in data
    self._data = self.to_representation(self.instance)
  File "C:\Users\Welcome\Desktop\CRM\March 24\files\.venv\lib\site-packages\rest_framework\serializers.py", line 686, in to_representation
    return [
  File "C:\Users\Welcome\Desktop\CRM\March 24\files\.venv\lib\site-packages\django\db\models\query.py", line 398, in __iter__
    self._fetch_all()
  File "C:\Users\Welcome\Desktop\CRM\March 24\files\.venv\lib\site-packages\django\db\models\query.py", line 1881, in _fetch_all
    self._result_cache = list(self._iterable_class(self))
  File "C:\Users\Welcome\Desktop\CRM\March 24\files\.venv\lib\site-packages\django\db\models\query.py", line 91, in __iter__
    results = compiler.execute_sql(
  File "C:\Users\Welcome\Desktop\CRM\March 24\files\.venv\lib\site-packages\django\db\models\sql\compiler.py", line 1562, in execute_sql
    cursor.execute(sql, params)
  File "C:\Users\Welcome\Desktop\CRM\March 24\files\.venv\lib\site-packages\django\db\backends\utils.py", line 102, in execute
    return super().execute(sql, params)
  File "C:\Users\Welcome\Desktop\CRM\March 24\files\.venv\lib\site-packages\django\db\backends\utils.py", line 67, in execute
    return self._execute_with_wrappers(
  File "C:\Users\Welcome\Desktop\CRM\March 24\files\.venv\lib\site-packages\django\db\backends\utils.py", line 80, in _execute_with_wrappers
    return executor(sql, params, many, context)
  File "C:\Users\Welcome\Desktop\CRM\March 24\files\.venv\lib\site-packages\django\db\backends\utils.py", line 84, in _execute
    with self.db.wrap_database_errors:
  File "C:\Users\Welcome\Desktop\CRM\March 24\files\.venv\lib\site-packages\django\db\utils.py", line 91, in __exit__
    raise dj_exc_value.with_traceback(traceback) from exc_value
  File "C:\Users\Welcome\Desktop\CRM\March 24\files\.venv\lib\site-packages\django\db\backends\utils.py", line 89, in _execute
    return self.cursor.execute(sql, params)
  File "C:\Users\Welcome\Desktop\CRM\March 24\files\.venv\lib\site-packages\django\db\backends\sqlite3\base.py", line 328, in execute
    return super().execute(query, params)
django.db.utils.OperationalError: no such column: enrollments.discount_id
ERROR 2026-04-29 13:14:00,257 basehttp "GET /api/enrollments/ HTTP/1.1" 500 209357
INFO 2026-04-29 13:14:06,838 basehttp "GET /favicon.ico HTTP/1.1" 200 420
INFO 2026-04-29 13:14:06,853 basehttp "GET /api/branches/ HTTP/1.1" 200 1050
INFO 2026-04-29 13:14:06,941 basehttp "GET /api/courses/ HTTP/1.1" 200 13612
ERROR 2026-04-29 13:14:07,059 log Internal Server Error: /api/enrollments/
Traceback (most recent call last):
  File "C:\Users\Welcome\Desktop\CRM\March 24\files\.venv\lib\site-packages\django\db\backends\utils.py", line 89, in _execute
    return self.cursor.execute(sql, params)
  File "C:\Users\Welcome\Desktop\CRM\March 24\files\.venv\lib\site-packages\django\db\backends\sqlite3\base.py", line 328, in execute
    return super().execute(query, params)
sqlite3.OperationalError: no such column: enrollments.discount_id

The above exception was the direct cause of the following exception:

Traceback (most recent call last):
  File "C:\Users\Welcome\Desktop\CRM\March 24\files\.venv\lib\site-packages\django\core\handlers\exception.py", line 55, in inner
    response = get_response(request)
  File "C:\Users\Welcome\Desktop\CRM\March 24\files\.venv\lib\site-packages\django\core\handlers\base.py", line 197, in _get_response
    response = wrapped_callback(request, *callback_args, **callback_kwargs)
  File "C:\Users\Welcome\Desktop\CRM\March 24\files\.venv\lib\site-packages\django\views\decorators\csrf.py", line 56, in wrapper_view
    return view_func(*args, **kwargs)
  File "C:\Users\Welcome\Desktop\CRM\March 24\files\.venv\lib\site-packages\rest_framework\viewsets.py", line 125, in view
    return self.dispatch(request, *args, **kwargs)
  File "C:\Users\Welcome\Desktop\CRM\March 24\files\.venv\lib\site-packages\rest_framework\views.py", line 509, in dispatch
    response = self.handle_exception(exc)
  File "C:\Users\Welcome\Desktop\CRM\March 24\files\.venv\lib\site-packages\rest_framework\views.py", line 469, in handle_exception
    self.raise_uncaught_exception(exc)
  File "C:\Users\Welcome\Desktop\CRM\March 24\files\.venv\lib\site-packages\rest_framework\views.py", line 480, in raise_uncaught_exception
    raise exc
  File "C:\Users\Welcome\Desktop\CRM\March 24\files\.venv\lib\site-packages\rest_framework\views.py", line 506, in dispatch
    response = handler(request, *args, **kwargs)
  File "C:\Users\Welcome\Desktop\CRM\March 24\files\.venv\lib\site-packages\rest_framework\mixins.py", line 46, in list
    return Response(serializer.data)
  File "C:\Users\Welcome\Desktop\CRM\March 24\files\.venv\lib\site-packages\rest_framework\serializers.py", line 768, in data
    ret = super().data
  File "C:\Users\Welcome\Desktop\CRM\March 24\files\.venv\lib\site-packages\rest_framework\serializers.py", line 253, in data
    self._data = self.to_representation(self.instance)
  File "C:\Users\Welcome\Desktop\CRM\March 24\files\.venv\lib\site-packages\rest_framework\serializers.py", line 686, in to_representation
    return [
  File "C:\Users\Welcome\Desktop\CRM\March 24\files\.venv\lib\site-packages\django\db\models\query.py", line 398, in __iter__
    self._fetch_all()
  File "C:\Users\Welcome\Desktop\CRM\March 24\files\.venv\lib\site-packages\django\db\models\query.py", line 1881, in _fetch_all
    self._result_cache = list(self._iterable_class(self))
  File "C:\Users\Welcome\Desktop\CRM\March 24\files\.venv\lib\site-packages\django\db\models\query.py", line 91, in __iter__
    results = compiler.execute_sql(
  File "C:\Users\Welcome\Desktop\CRM\March 24\files\.venv\lib\site-packages\django\db\models\sql\compiler.py", line 1562, in execute_sql
    cursor.execute(sql, params)
  File "C:\Users\Welcome\Desktop\CRM\March 24\files\.venv\lib\site-packages\django\db\backends\utils.py", line 102, in execute
    return super().execute(sql, params)
  File "C:\Users\Welcome\Desktop\CRM\March 24\files\.venv\lib\site-packages\django\db\backends\utils.py", line 67, in execute
    return self._execute_with_wrappers(
  File "C:\Users\Welcome\Desktop\CRM\March 24\files\.venv\lib\site-packages\django\db\backends\utils.py", line 80, in _execute_with_wrappers
    return executor(sql, params, many, context)
  File "C:\Users\Welcome\Desktop\CRM\March 24\files\.venv\lib\site-packages\django\db\backends\utils.py", line 84, in _execute
    with self.db.wrap_database_errors:
  File "C:\Users\Welcome\Desktop\CRM\March 24\files\.venv\lib\site-packages\django\db\utils.py", line 91, in __exit__
    raise dj_exc_value.with_traceback(traceback) from exc_value
  File "C:\Users\Welcome\Desktop\CRM\March 24\files\.venv\lib\site-packages\django\db\backends\utils.py", line 89, in _execute
    return self.cursor.execute(sql, params)
  File "C:\Users\Welcome\Desktop\CRM\March 24\files\.venv\lib\site-packages\django\db\backends\sqlite3\base.py", line 328, in execute
    return super().execute(query, params)
django.db.utils.OperationalError: no such column: enrollments.discount_id
ERROR 2026-04-29 13:14:07,063 basehttp "GET /api/enrollments/ HTTP/1.1" 500 209354
INFO 2026-04-29 13:14:28,678 autoreload C:\Users\Welcome\Desktop\CRM\March 24\files\serializers.py changed, reloading.
INFO 2026-04-29 13:14:29,720 autoreload Watching for file changes with StatReloader
INFO 2026-04-29 13:15:02,095 autoreload C:\Users\Welcome\Desktop\CRM\March 24\files\views.py changed, reloading.
INFO 2026-04-29 13:15:03,058 autoreload Watching for file changes with StatReloader
INFO 2026-04-29 13:15:18,433 autoreload C:\Users\Welcome\Desktop\CRM\March 24\files\urls.py changed, reloading.
INFO 2026-04-29 13:15:19,334 autoreload Watching for file changes with StatReloader
INFO 2026-04-29 13:16:51,206 autoreload C:\Users\Welcome\Desktop\CRM\March 24\files\views.py changed, reloading.
INFO 2026-04-29 13:16:52,543 autoreload Watching for file changes with StatReloader
INFO 2026-04-29 13:16:57,813 basehttp "GET /students HTTP/1.1" 200 420
INFO 2026-04-29 13:16:57,826 basehttp "GET /static/assets/index-6814a6f5.js HTTP/1.1" 304 0
INFO 2026-04-29 13:16:57,828 basehttp "GET /static/assets/index-bf38835e.css HTTP/1.1" 304 0
INFO 2026-04-29 13:16:58,060 basehttp "GET /static/assets/libertinus-serif-600-9f6e3162.woff2 HTTP/1.1" 304 0
INFO 2026-04-29 13:16:58,124 basehttp "GET /favicon.ico HTTP/1.1" 200 420
INFO 2026-04-29 13:16:58,141 basehttp "GET /api/auth/me/ HTTP/1.1" 200 271
INFO 2026-04-29 13:16:58,210 basehttp "GET /static/assets/brand-logo-05bda913.png HTTP/1.1" 304 0
INFO 2026-04-29 13:16:58,218 basehttp "GET /static/assets/libertinus-serif-400-c73c9f3b.woff2 HTTP/1.1" 304 0
INFO 2026-04-29 13:16:58,220 basehttp "GET /api/branches/ HTTP/1.1" 200 1050
INFO 2026-04-29 13:16:58,225 basehttp "GET /static/assets/libertinus-serif-700-8bd2d42a.woff2 HTTP/1.1" 304 0
INFO 2026-04-29 13:16:58,281 basehttp "GET /api/courses/ HTTP/1.1" 200 13612
ERROR 2026-04-29 13:16:58,303 log Internal Server Error: /api/enrollments/
Traceback (most recent call last):
  File "C:\Users\Welcome\Desktop\CRM\March 24\files\.venv\lib\site-packages\django\db\backends\utils.py", line 89, in _execute
    return self.cursor.execute(sql, params)
  File "C:\Users\Welcome\Desktop\CRM\March 24\files\.venv\lib\site-packages\django\db\backends\sqlite3\base.py", line 328, in execute
    return super().execute(query, params)
sqlite3.OperationalError: no such column: enrollments.discount_id

The above exception was the direct cause of the following exception:

Traceback (most recent call last):
  File "C:\Users\Welcome\Desktop\CRM\March 24\files\.venv\lib\site-packages\django\core\handlers\exception.py", line 55, in inner
    response = get_response(request)
  File "C:\Users\Welcome\Desktop\CRM\March 24\files\.venv\lib\site-packages\django\core\handlers\base.py", line 197, in _get_response
    response = wrapped_callback(request, *callback_args, **callback_kwargs)
  File "C:\Users\Welcome\Desktop\CRM\March 24\files\.venv\lib\site-packages\django\views\decorators\csrf.py", line 56, in wrapper_view
    return view_func(*args, **kwargs)
  File "C:\Users\Welcome\Desktop\CRM\March 24\files\.venv\lib\site-packages\rest_framework\viewsets.py", line 125, in view
    return self.dispatch(request, *args, **kwargs)
  File "C:\Users\Welcome\Desktop\CRM\March 24\files\.venv\lib\site-packages\rest_framework\views.py", line 509, in dispatch
    response = self.handle_exception(exc)
  File "C:\Users\Welcome\Desktop\CRM\March 24\files\.venv\lib\site-packages\rest_framework\views.py", line 469, in handle_exception
    self.raise_uncaught_exception(exc)
  File "C:\Users\Welcome\Desktop\CRM\March 24\files\.venv\lib\site-packages\rest_framework\views.py", line 480, in raise_uncaught_exception
    raise exc
  File "C:\Users\Welcome\Desktop\CRM\March 24\files\.venv\lib\site-packages\rest_framework\views.py", line 506, in dispatch
    response = handler(request, *args, **kwargs)
  File "C:\Users\Welcome\Desktop\CRM\March 24\files\.venv\lib\site-packages\rest_framework\mixins.py", line 46, in list
    return Response(serializer.data)
  File "C:\Users\Welcome\Desktop\CRM\March 24\files\.venv\lib\site-packages\rest_framework\serializers.py", line 768, in data
    ret = super().data
  File "C:\Users\Welcome\Desktop\CRM\March 24\files\.venv\lib\site-packages\rest_framework\serializers.py", line 253, in data
    self._data = self.to_representation(self.instance)
  File "C:\Users\Welcome\Desktop\CRM\March 24\files\.venv\lib\site-packages\rest_framework\serializers.py", line 686, in to_representation
    return [
  File "C:\Users\Welcome\Desktop\CRM\March 24\files\.venv\lib\site-packages\django\db\models\query.py", line 398, in __iter__
    self._fetch_all()
  File "C:\Users\Welcome\Desktop\CRM\March 24\files\.venv\lib\site-packages\django\db\models\query.py", line 1881, in _fetch_all
    self._result_cache = list(self._iterable_class(self))
  File "C:\Users\Welcome\Desktop\CRM\March 24\files\.venv\lib\site-packages\django\db\models\query.py", line 91, in __iter__
    results = compiler.execute_sql(
  File "C:\Users\Welcome\Desktop\CRM\March 24\files\.venv\lib\site-packages\django\db\models\sql\compiler.py", line 1562, in execute_sql
    cursor.execute(sql, params)
  File "C:\Users\Welcome\Desktop\CRM\March 24\files\.venv\lib\site-packages\django\db\backends\utils.py", line 102, in execute
    return super().execute(sql, params)
  File "C:\Users\Welcome\Desktop\CRM\March 24\files\.venv\lib\site-packages\django\db\backends\utils.py", line 67, in execute
    return self._execute_with_wrappers(
  File "C:\Users\Welcome\Desktop\CRM\March 24\files\.venv\lib\site-packages\django\db\backends\utils.py", line 80, in _execute_with_wrappers
    return executor(sql, params, many, context)
  File "C:\Users\Welcome\Desktop\CRM\March 24\files\.venv\lib\site-packages\django\db\backends\utils.py", line 84, in _execute
    with self.db.wrap_database_errors:
  File "C:\Users\Welcome\Desktop\CRM\March 24\files\.venv\lib\site-packages\django\db\utils.py", line 91, in __exit__
    raise dj_exc_value.with_traceback(traceback) from exc_value
  File "C:\Users\Welcome\Desktop\CRM\March 24\files\.venv\lib\site-packages\django\db\backends\utils.py", line 89, in _execute
    return self.cursor.execute(sql, params)
  File "C:\Users\Welcome\Desktop\CRM\March 24\files\.venv\lib\site-packages\django\db\backends\sqlite3\base.py", line 328, in execute
    return super().execute(query, params)
django.db.utils.OperationalError: no such column: enrollments.discount_id
ERROR 2026-04-29 13:16:58,306 basehttp "GET /api/enrollments/ HTTP/1.1" 500 209354
INFO 2026-04-29 13:16:59,915 basehttp "GET /favicon.ico HTTP/1.1" 200 420
INFO 2026-04-29 13:16:59,961 basehttp "GET /api/walkins/?sectioned=1 HTTP/1.1" 200 2642
INFO 2026-04-29 13:16:59,968 basehttp "GET /api/courses/ HTTP/1.1" 200 13612
INFO 2026-04-29 13:17:02,708 basehttp "GET /favicon.ico HTTP/1.1" 200 420
INFO 2026-04-29 13:17:02,722 basehttp "GET /api/branches/ HTTP/1.1" 200 1050
INFO 2026-04-29 13:17:02,735 basehttp "GET /api/walkins/11/ HTTP/1.1" 200 821
INFO 2026-04-29 13:17:02,738 basehttp "GET /api/walkins/staff-options/ HTTP/1.1" 200 62
INFO 2026-04-29 13:17:02,787 basehttp "GET /api/courses/ HTTP/1.1" 200 13612
INFO 2026-04-29 13:17:07,788 autoreload C:\Users\Welcome\Desktop\CRM\March 24\files\views.py changed, reloading.
INFO 2026-04-29 13:17:09,016 autoreload Watching for file changes with StatReloader
INFO 2026-04-29 13:17:09,912 basehttp "GET /favicon.ico HTTP/1.1" 200 420
INFO 2026-04-29 13:17:09,932 basehttp "GET /api/leads/ HTTP/1.1" 200 1310
INFO 2026-04-29 13:17:11,819 basehttp "GET /favicon.ico HTTP/1.1" 200 420
INFO 2026-04-29 13:17:11,829 basehttp "GET /api/branches/ HTTP/1.1" 200 1050
INFO 2026-04-29 13:17:11,861 basehttp "GET /api/leads/7/ HTTP/1.1" 200 1285
INFO 2026-04-29 13:17:11,881 basehttp "GET /api/courses/ HTTP/1.1" 200 13612
INFO 2026-04-29 13:17:18,458 autoreload C:\Users\Welcome\Desktop\CRM\March 24\files\views.py changed, reloading.
INFO 2026-04-29 13:17:19,597 autoreload Watching for file changes with StatReloader
INFO 2026-04-29 13:17:20,172 basehttp "GET /favicon.ico HTTP/1.1" 200 420
INFO 2026-04-29 13:17:20,196 basehttp "GET /api/leads/ HTTP/1.1" 200 1310
INFO 2026-04-29 13:17:34,065 autoreload C:\Users\Welcome\Desktop\CRM\March 24\files\views.py changed, reloading.
INFO 2026-04-29 13:17:35,051 autoreload Watching for file changes with StatReloader
INFO 2026-04-29 13:20:34,708 basehttp "GET /favicon.ico HTTP/1.1" 200 420
INFO 2026-04-29 13:20:34,757 basehttp "POST /api/auth/logout/ HTTP/1.1" 200 37
INFO 2026-04-29 13:20:40,578 basehttp "POST /api/auth/login/ HTTP/1.1" 200 866
INFO 2026-04-29 13:20:40,608 basehttp "GET /api/branches/ HTTP/1.1" 200 1050
INFO 2026-04-29 13:20:40,614 basehttp "GET /favicon.ico HTTP/1.1" 200 420
INFO 2026-04-29 13:20:40,628 basehttp "GET /api/dashboard/summary/ HTTP/1.1" 200 568
INFO 2026-04-29 13:20:47,918 basehttp "GET /favicon.ico HTTP/1.1" 200 420
ERROR 2026-04-29 13:20:48,031 log Internal Server Error: /api/payments/
Traceback (most recent call last):
  File "C:\Users\Welcome\Desktop\CRM\March 24\files\.venv\lib\site-packages\django\db\backends\utils.py", line 89, in _execute
    return self.cursor.execute(sql, params)
  File "C:\Users\Welcome\Desktop\CRM\March 24\files\.venv\lib\site-packages\django\db\backends\sqlite3\base.py", line 328, in execute
    return super().execute(query, params)
sqlite3.OperationalError: no such column: enrollments.discount_id

The above exception was the direct cause of the following exception:

Traceback (most recent call last):
  File "C:\Users\Welcome\Desktop\CRM\March 24\files\.venv\lib\site-packages\django\core\handlers\exception.py", line 55, in inner
    response = get_response(request)
  File "C:\Users\Welcome\Desktop\CRM\March 24\files\.venv\lib\site-packages\django\core\handlers\base.py", line 197, in _get_response
    response = wrapped_callback(request, *callback_args, **callback_kwargs)
  File "C:\Users\Welcome\Desktop\CRM\March 24\files\.venv\lib\site-packages\django\views\decorators\csrf.py", line 56, in wrapper_view
    return view_func(*args, **kwargs)
  File "C:\Users\Welcome\Desktop\CRM\March 24\files\.venv\lib\site-packages\rest_framework\viewsets.py", line 125, in view
    return self.dispatch(request, *args, **kwargs)
  File "C:\Users\Welcome\Desktop\CRM\March 24\files\.venv\lib\site-packages\rest_framework\views.py", line 509, in dispatch
    response = self.handle_exception(exc)
  File "C:\Users\Welcome\Desktop\CRM\March 24\files\.venv\lib\site-packages\rest_framework\views.py", line 469, in handle_exception
    self.raise_uncaught_exception(exc)
  File "C:\Users\Welcome\Desktop\CRM\March 24\files\.venv\lib\site-packages\rest_framework\views.py", line 480, in raise_uncaught_exception
    raise exc
  File "C:\Users\Welcome\Desktop\CRM\March 24\files\.venv\lib\site-packages\rest_framework\views.py", line 506, in dispatch
    response = handler(request, *args, **kwargs)
  File "C:\Users\Welcome\Desktop\CRM\March 24\files\.venv\lib\site-packages\rest_framework\mixins.py", line 46, in list
    return Response(serializer.data)
  File "C:\Users\Welcome\Desktop\CRM\March 24\files\.venv\lib\site-packages\rest_framework\serializers.py", line 768, in data
    ret = super().data
  File "C:\Users\Welcome\Desktop\CRM\March 24\files\.venv\lib\site-packages\rest_framework\serializers.py", line 253, in data
    self._data = self.to_representation(self.instance)
  File "C:\Users\Welcome\Desktop\CRM\March 24\files\.venv\lib\site-packages\rest_framework\serializers.py", line 686, in to_representation
    return [
  File "C:\Users\Welcome\Desktop\CRM\March 24\files\.venv\lib\site-packages\django\db\models\query.py", line 398, in __iter__
    self._fetch_all()
  File "C:\Users\Welcome\Desktop\CRM\March 24\files\.venv\lib\site-packages\django\db\models\query.py", line 1881, in _fetch_all
    self._result_cache = list(self._iterable_class(self))
  File "C:\Users\Welcome\Desktop\CRM\March 24\files\.venv\lib\site-packages\django\db\models\query.py", line 91, in __iter__
    results = compiler.execute_sql(
  File "C:\Users\Welcome\Desktop\CRM\March 24\files\.venv\lib\site-packages\django\db\models\sql\compiler.py", line 1562, in execute_sql
    cursor.execute(sql, params)
  File "C:\Users\Welcome\Desktop\CRM\March 24\files\.venv\lib\site-packages\django\db\backends\utils.py", line 102, in execute
    return super().execute(sql, params)
  File "C:\Users\Welcome\Desktop\CRM\March 24\files\.venv\lib\site-packages\django\db\backends\utils.py", line 67, in execute
    return self._execute_with_wrappers(
  File "C:\Users\Welcome\Desktop\CRM\March 24\files\.venv\lib\site-packages\django\db\backends\utils.py", line 80, in _execute_with_wrappers
    return executor(sql, params, many, context)
  File "C:\Users\Welcome\Desktop\CRM\March 24\files\.venv\lib\site-packages\django\db\backends\utils.py", line 84, in _execute
    with self.db.wrap_database_errors:
  File "C:\Users\Welcome\Desktop\CRM\March 24\files\.venv\lib\site-packages\django\db\utils.py", line 91, in __exit__
    raise dj_exc_value.with_traceback(traceback) from exc_value
  File "C:\Users\Welcome\Desktop\CRM\March 24\files\.venv\lib\site-packages\django\db\backends\utils.py", line 89, in _execute
    return self.cursor.execute(sql, params)
  File "C:\Users\Welcome\Desktop\CRM\March 24\files\.venv\lib\site-packages\django\db\backends\sqlite3\base.py", line 328, in execute
    return super().execute(query, params)
django.db.utils.OperationalError: no such column: enrollments.discount_id
ERROR 2026-04-29 13:20:48,037 basehttp "GET /api/payments/ HTTP/1.1" 500 202808
INFO 2026-04-29 13:20:50,861 basehttp "GET /favicon.ico HTTP/1.1" 200 420
INFO 2026-04-29 13:20:50,863 basehttp "GET /api/branches/ HTTP/1.1" 200 1050
INFO 2026-04-29 13:20:50,995 basehttp "GET /api/courses/ HTTP/1.1" 200 13612
ERROR 2026-04-29 13:20:51,074 log Internal Server Error: /api/enrollments/
Traceback (most recent call last):
  File "C:\Users\Welcome\Desktop\CRM\March 24\files\.venv\lib\site-packages\django\db\backends\utils.py", line 89, in _execute
    return self.cursor.execute(sql, params)
  File "C:\Users\Welcome\Desktop\CRM\March 24\files\.venv\lib\site-packages\django\db\backends\sqlite3\base.py", line 328, in execute
    return super().execute(query, params)
sqlite3.OperationalError: no such column: enrollments.discount_id

The above exception was the direct cause of the following exception:

Traceback (most recent call last):
  File "C:\Users\Welcome\Desktop\CRM\March 24\files\.venv\lib\site-packages\django\core\handlers\exception.py", line 55, in inner
    response = get_response(request)
  File "C:\Users\Welcome\Desktop\CRM\March 24\files\.venv\lib\site-packages\django\core\handlers\base.py", line 197, in _get_response
    response = wrapped_callback(request, *callback_args, **callback_kwargs)
  File "C:\Users\Welcome\Desktop\CRM\March 24\files\.venv\lib\site-packages\django\views\decorators\csrf.py", line 56, in wrapper_view
    return view_func(*args, **kwargs)
  File "C:\Users\Welcome\Desktop\CRM\March 24\files\.venv\lib\site-packages\rest_framework\viewsets.py", line 125, in view
    return self.dispatch(request, *args, **kwargs)
  File "C:\Users\Welcome\Desktop\CRM\March 24\files\.venv\lib\site-packages\rest_framework\views.py", line 509, in dispatch
    response = self.handle_exception(exc)
  File "C:\Users\Welcome\Desktop\CRM\March 24\files\.venv\lib\site-packages\rest_framework\views.py", line 469, in handle_exception
    self.raise_uncaught_exception(exc)
  File "C:\Users\Welcome\Desktop\CRM\March 24\files\.venv\lib\site-packages\rest_framework\views.py", line 480, in raise_uncaught_exception
    raise exc
  File "C:\Users\Welcome\Desktop\CRM\March 24\files\.venv\lib\site-packages\rest_framework\views.py", line 506, in dispatch
    response = handler(request, *args, **kwargs)
  File "C:\Users\Welcome\Desktop\CRM\March 24\files\.venv\lib\site-packages\rest_framework\mixins.py", line 46, in list
    return Response(serializer.data)
  File "C:\Users\Welcome\Desktop\CRM\March 24\files\.venv\lib\site-packages\rest_framework\serializers.py", line 768, in data
    ret = super().data
  File "C:\Users\Welcome\Desktop\CRM\March 24\files\.venv\lib\site-packages\rest_framework\serializers.py", line 253, in data
    self._data = self.to_representation(self.instance)
  File "C:\Users\Welcome\Desktop\CRM\March 24\files\.venv\lib\site-packages\rest_framework\serializers.py", line 686, in to_representation
    return [
  File "C:\Users\Welcome\Desktop\CRM\March 24\files\.venv\lib\site-packages\django\db\models\query.py", line 398, in __iter__
    self._fetch_all()
  File "C:\Users\Welcome\Desktop\CRM\March 24\files\.venv\lib\site-packages\django\db\models\query.py", line 1881, in _fetch_all
    self._result_cache = list(self._iterable_class(self))
  File "C:\Users\Welcome\Desktop\CRM\March 24\files\.venv\lib\site-packages\django\db\models\query.py", line 91, in __iter__
    results = compiler.execute_sql(
  File "C:\Users\Welcome\Desktop\CRM\March 24\files\.venv\lib\site-packages\django\db\models\sql\compiler.py", line 1562, in execute_sql
    cursor.execute(sql, params)
  File "C:\Users\Welcome\Desktop\CRM\March 24\files\.venv\lib\site-packages\django\db\backends\utils.py", line 102, in execute
    return super().execute(sql, params)
  File "C:\Users\Welcome\Desktop\CRM\March 24\files\.venv\lib\site-packages\django\db\backends\utils.py", line 67, in execute
    return self._execute_with_wrappers(
  File "C:\Users\Welcome\Desktop\CRM\March 24\files\.venv\lib\site-packages\django\db\backends\utils.py", line 80, in _execute_with_wrappers
    return executor(sql, params, many, context)
  File "C:\Users\Welcome\Desktop\CRM\March 24\files\.venv\lib\site-packages\django\db\backends\utils.py", line 84, in _execute
    with self.db.wrap_database_errors:
  File "C:\Users\Welcome\Desktop\CRM\March 24\files\.venv\lib\site-packages\django\db\utils.py", line 91, in __exit__
    raise dj_exc_value.with_traceback(traceback) from exc_value
  File "C:\Users\Welcome\Desktop\CRM\March 24\files\.venv\lib\site-packages\django\db\backends\utils.py", line 89, in _execute
    return self.cursor.execute(sql, params)
  File "C:\Users\Welcome\Desktop\CRM\March 24\files\.venv\lib\site-packages\django\db\backends\sqlite3\base.py", line 328, in execute
    return super().execute(query, params)
django.db.utils.OperationalError: no such column: enrollments.discount_id
ERROR 2026-04-29 13:20:51,077 basehttp "GET /api/enrollments/ HTTP/1.1" 500 206551
INFO 2026-04-29 13:27:26,050 basehttp "GET /enrollments HTTP/1.1" 200 420
INFO 2026-04-29 13:27:26,119 basehttp "GET /static/assets/index-e2aa5062.css HTTP/1.1" 200 52581
INFO 2026-04-29 13:27:26,241 basehttp "GET /static/assets/index-bc76728b.js HTTP/1.1" 200 432667
INFO 2026-04-29 13:27:26,469 basehttp "GET /static/assets/libertinus-serif-600-9f6e3162.woff2 HTTP/1.1" 200 22872
INFO 2026-04-29 13:27:26,500 basehttp "GET /api/auth/me/ HTTP/1.1" 200 249
INFO 2026-04-29 13:27:26,541 basehttp "GET /api/branches/ HTTP/1.1" 200 1050
INFO 2026-04-29 13:27:26,542 basehttp "GET /static/assets/libertinus-serif-700-8bd2d42a.woff2 HTTP/1.1" 200 23400
INFO 2026-04-29 13:27:26,544 basehttp "GET /static/assets/libertinus-serif-400-c73c9f3b.woff2 HTTP/1.1" 200 23400
INFO 2026-04-29 13:27:26,549 basehttp "GET /favicon.ico HTTP/1.1" 200 420
INFO 2026-04-29 13:27:26,550 basehttp "GET /api/enrollments/ HTTP/1.1" 200 2400
INFO 2026-04-29 13:27:26,577 basehttp "GET /api/courses/ HTTP/1.1" 200 13612
INFO 2026-04-29 13:27:26,579 basehttp "GET /static/assets/brand-logo-05bda913.png HTTP/1.1" 200 572462
INFO 2026-04-29 13:27:32,634 basehttp "GET /favicon.ico HTTP/1.1" 200 420
INFO 2026-04-29 13:27:32,642 basehttp "GET /api/discounts/ HTTP/1.1" 200 2
INFO 2026-04-29 13:27:32,687 basehttp "GET /api/courses/ HTTP/1.1" 200 13612
INFO 2026-04-29 13:29:26,868 autoreload C:\Users\Welcome\Desktop\CRM\March 24\files\views.py changed, reloading.
INFO 2026-04-29 13:29:27,901 autoreload Watching for file changes with StatReloader
INFO 2026-04-29 13:33:37,922 autoreload C:\Users\Welcome\Desktop\CRM\March 24\files\crm\models.py changed, reloading.
INFO 2026-04-29 13:33:39,016 autoreload Watching for file changes with StatReloader
INFO 2026-04-29 13:33:43,763 autoreload C:\Users\Welcome\Desktop\CRM\March 24\files\crm\migrations\0013_discounts_enrollment_discount.py changed, reloading.
INFO 2026-04-29 13:33:44,667 autoreload Watching for file changes with StatReloader
INFO 2026-04-29 13:34:05,366 autoreload C:\Users\Welcome\Desktop\CRM\March 24\files\serializers.py changed, reloading.
INFO 2026-04-29 13:34:06,281 autoreload Watching for file changes with StatReloader
INFO 2026-04-29 13:34:13,200 autoreload C:\Users\Welcome\Desktop\CRM\March 24\files\serializers.py changed, reloading.
INFO 2026-04-29 13:34:14,132 autoreload Watching for file changes with StatReloader
INFO 2026-04-29 13:34:22,227 autoreload C:\Users\Welcome\Desktop\CRM\March 24\files\views.py changed, reloading.
INFO 2026-04-29 13:34:23,137 autoreload Watching for file changes with StatReloader
INFO 2026-04-29 13:34:26,809 autoreload C:\Users\Welcome\Desktop\CRM\March 24\files\views.py changed, reloading.
INFO 2026-04-29 13:34:27,804 autoreload Watching for file changes with StatReloader
INFO 2026-04-29 13:36:37,071 autoreload C:\Users\Welcome\Desktop\CRM\March 24\files\crm\migrations\0013_discounts_enrollment_discount.py changed, reloading.
INFO 2026-04-29 13:36:38,051 autoreload Watching for file changes with StatReloader
INFO 2026-04-29 13:38:19,439 basehttp "GET /admin/discounts HTTP/1.1" 200 420
INFO 2026-04-29 13:38:19,540 basehttp "GET /static/assets/index-027c5f47.css HTTP/1.1" 200 52656
INFO 2026-04-29 13:38:19,767 basehttp "GET /static/assets/index-9ade45e2.js HTTP/1.1" 200 433814
INFO 2026-04-29 13:38:19,995 basehttp "GET /static/assets/libertinus-serif-600-9f6e3162.woff2 HTTP/1.1" 200 22872
INFO 2026-04-29 13:38:20,047 basehttp "GET /favicon.ico HTTP/1.1" 200 420
INFO 2026-04-29 13:38:20,049 basehttp "GET /api/auth/me/ HTTP/1.1" 200 249
INFO 2026-04-29 13:38:20,072 basehttp "GET /api/discounts/ HTTP/1.1" 200 2
INFO 2026-04-29 13:38:20,074 basehttp "GET /api/branches/ HTTP/1.1" 200 1050
INFO 2026-04-29 13:38:20,091 basehttp "GET /static/assets/libertinus-serif-400-c73c9f3b.woff2 HTTP/1.1" 200 23400
INFO 2026-04-29 13:38:20,097 basehttp "GET /static/assets/libertinus-serif-700-8bd2d42a.woff2 HTTP/1.1" 200 23400
INFO 2026-04-29 13:38:20,117 basehttp "GET /api/courses/ HTTP/1.1" 200 13612
INFO 2026-04-29 13:38:20,119 basehttp "GET /static/assets/brand-logo-05bda913.png HTTP/1.1" 200 572462
INFO 2026-04-29 13:39:09,665 basehttp "POST /api/discounts/ HTTP/1.1" 201 447
INFO 2026-04-29 13:39:09,685 basehttp "GET /api/discounts/ HTTP/1.1" 200 449
INFO 2026-04-29 13:44:37,083 autoreload C:\Users\Welcome\Desktop\CRM\March 24\files\crm\models.py changed, reloading.
INFO 2026-04-29 13:44:39,770 autoreload Watching for file changes with StatReloader
INFO 2026-04-29 13:45:04,764 autoreload C:\Users\Welcome\Desktop\CRM\March 24\files\serializers.py changed, reloading.
INFO 2026-04-29 13:45:05,749 autoreload Watching for file changes with StatReloader
INFO 2026-04-29 13:45:12,625 autoreload C:\Users\Welcome\Desktop\CRM\March 24\files\views.py changed, reloading.
INFO 2026-04-29 13:45:14,252 autoreload Watching for file changes with StatReloader
INFO 2026-04-29 13:45:19,088 autoreload C:\Users\Welcome\Desktop\CRM\March 24\files\views.py changed, reloading.
INFO 2026-04-29 13:45:20,084 autoreload Watching for file changes with StatReloader
INFO 2026-04-29 13:47:13,068 autoreload C:\Users\Welcome\Desktop\CRM\March 24\files\crm\migrations\0015_discount_branches.py changed, reloading.
INFO 2026-04-29 13:47:14,032 autoreload Watching for file changes with StatReloader
INFO 2026-04-29 13:47:26,244 autoreload C:\Users\Welcome\Desktop\CRM\March 24\files\serializers.py changed, reloading.
INFO 2026-04-29 13:47:27,115 autoreload Watching for file changes with StatReloader
INFO 2026-04-29 13:49:07,917 basehttp "GET /admin/discounts HTTP/1.1" 200 420
INFO 2026-04-29 13:49:07,995 basehttp "GET /static/assets/index-46951611.css HTTP/1.1" 200 52774
INFO 2026-04-29 13:49:08,219 basehttp "GET /static/assets/index-1252319b.js HTTP/1.1" 200 434902
INFO 2026-04-29 13:49:08,487 basehttp "GET /static/assets/libertinus-serif-600-9f6e3162.woff2 HTTP/1.1" 200 22872
INFO 2026-04-29 13:49:08,507 basehttp "GET /favicon.ico HTTP/1.1" 200 420
INFO 2026-04-29 13:49:08,519 basehttp "GET /api/auth/me/ HTTP/1.1" 200 249
INFO 2026-04-29 13:49:08,564 basehttp "GET /api/branches/ HTTP/1.1" 200 1050
INFO 2026-04-29 13:49:08,576 basehttp "GET /static/assets/libertinus-serif-700-8bd2d42a.woff2 HTTP/1.1" 200 23400
INFO 2026-04-29 13:49:08,578 basehttp "GET /static/assets/libertinus-serif-400-c73c9f3b.woff2 HTTP/1.1" 200 23400
INFO 2026-04-29 13:49:08,578 basehttp "GET /api/discounts/ HTTP/1.1" 200 497
INFO 2026-04-29 13:49:08,618 basehttp "GET /api/courses/ HTTP/1.1" 200 13612
INFO 2026-04-29 13:49:08,619 basehttp "GET /static/assets/brand-logo-05bda913.png HTTP/1.1" 200 572462
INFO 2026-04-29 13:49:24,846 basehttp "PATCH /api/discounts/1/ HTTP/1.1" 200 495
INFO 2026-04-29 13:49:24,876 basehttp "GET /api/discounts/ HTTP/1.1" 200 497
INFO 2026-04-29 13:49:37,197 basehttp "GET / HTTP/1.1" 200 420
INFO 2026-04-29 13:49:37,236 basehttp "GET /static/assets/index-46951611.css HTTP/1.1" 200 52774
INFO 2026-04-29 13:49:37,242 basehttp "GET /static/assets/index-1252319b.js HTTP/1.1" 200 434902
INFO 2026-04-29 13:49:37,275 basehttp "GET /favicon.ico HTTP/1.1" 200 420
INFO 2026-04-29 13:49:37,278 basehttp "GET /favicon.ico HTTP/1.1" 200 420
INFO 2026-04-29 13:49:37,283 basehttp "GET /static/assets/brand-logo-05bda913.png HTTP/1.1" 200 572462
INFO 2026-04-29 13:49:37,318 basehttp "GET /static/assets/libertinus-serif-400-c73c9f3b.woff2 HTTP/1.1" 200 23400
INFO 2026-04-29 13:49:37,319 basehttp "GET /static/assets/libertinus-serif-700-8bd2d42a.woff2 HTTP/1.1" 200 23400
INFO 2026-04-29 13:49:37,319 basehttp "GET /static/assets/libertinus-serif-600-9f6e3162.woff2 HTTP/1.1" 200 22872
WARNING 2026-04-29 13:49:46,325 log Unauthorized: /api/auth/login/
WARNING 2026-04-29 13:49:46,326 basehttp "POST /api/auth/login/ HTTP/1.1" 401 63
INFO 2026-04-29 13:49:46,421 basehttp "GET /login HTTP/1.1" 200 420
INFO 2026-04-29 13:49:46,441 basehttp "GET /static/assets/index-1252319b.js HTTP/1.1" 304 0
INFO 2026-04-29 13:49:46,441 basehttp "GET /static/assets/index-46951611.css HTTP/1.1" 304 0
INFO 2026-04-29 13:49:46,455 basehttp "GET /static/assets/brand-logo-05bda913.png HTTP/1.1" 304 0
INFO 2026-04-29 13:49:46,466 basehttp "GET /favicon.ico HTTP/1.1" 200 420
INFO 2026-04-29 13:49:57,087 basehttp "POST /api/auth/login/ HTTP/1.1" 200 858
INFO 2026-04-29 13:49:57,161 basehttp "GET /favicon.ico HTTP/1.1" 200 420
INFO 2026-04-29 13:49:57,217 basehttp "GET /api/dashboard/summary/ HTTP/1.1" 200 562
INFO 2026-04-29 13:50:01,676 basehttp "GET /favicon.ico HTTP/1.1" 200 420
INFO 2026-04-29 13:50:01,685 basehttp "GET /api/branches/ HTTP/1.1" 200 1050
INFO 2026-04-29 13:50:01,732 basehttp "GET /api/enrollments/ HTTP/1.1" 200 1043
INFO 2026-04-29 13:50:01,773 basehttp "GET /api/courses/ HTTP/1.1" 200 13612
INFO 2026-04-29 13:50:05,301 basehttp "GET /api/branches/ HTTP/1.1" 200 1050
INFO 2026-04-29 13:50:05,309 basehttp "GET /favicon.ico HTTP/1.1" 200 420
INFO 2026-04-29 13:50:05,353 basehttp "GET /api/enrollments/ HTTP/1.1" 200 1043
INFO 2026-04-29 13:50:05,419 basehttp "GET /api/courses/ HTTP/1.1" 200 13612
INFO 2026-04-29 13:50:06,753 basehttp "GET /favicon.ico HTTP/1.1" 200 420
INFO 2026-04-29 13:50:06,797 basehttp "GET /api/walkins/?sectioned=1 HTTP/1.1" 200 2642
INFO 2026-04-29 13:50:06,837 basehttp "GET /api/courses/ HTTP/1.1" 200 13612
INFO 2026-04-29 13:50:08,774 basehttp "GET /api/walkins/10/ HTTP/1.1" 200 756
INFO 2026-04-29 13:50:08,780 basehttp "GET /favicon.ico HTTP/1.1" 200 420
INFO 2026-04-29 13:50:08,786 basehttp "GET /api/walkins/staff-options/ HTTP/1.1" 200 62
INFO 2026-04-29 13:50:08,794 basehttp "GET /api/branches/ HTTP/1.1" 200 1050
INFO 2026-04-29 13:50:08,830 basehttp "GET /api/courses/ HTTP/1.1" 200 13612
INFO 2026-04-29 13:50:08,846 basehttp "GET /api/discounts/?course=2&branch=1&available=1 HTTP/1.1" 200 2
INFO 2026-04-29 13:50:20,089 basehttp "GET /favicon.ico HTTP/1.1" 200 420
INFO 2026-04-29 13:50:20,107 basehttp "GET /api/branches/ HTTP/1.1" 200 1050
INFO 2026-04-29 13:50:20,122 basehttp "GET /api/enrollments/ HTTP/1.1" 200 2400
INFO 2026-04-29 13:50:20,182 basehttp "GET /api/courses/ HTTP/1.1" 200 13612
INFO 2026-04-29 13:50:24,906 basehttp "GET /favicon.ico HTTP/1.1" 200 420
INFO 2026-04-29 13:50:24,959 basehttp "GET /api/users/ HTTP/1.1" 200 523
INFO 2026-04-29 13:50:24,962 basehttp "GET /api/branches/ HTTP/1.1" 200 1050
INFO 2026-04-29 13:50:25,003 basehttp "GET /api/walkins/?sectioned=1 HTTP/1.1" 200 4552
INFO 2026-04-29 13:50:25,065 basehttp "GET /api/courses/ HTTP/1.1" 200 13612
INFO 2026-04-29 13:50:27,151 basehttp "GET /favicon.ico HTTP/1.1" 200 420
INFO 2026-04-29 13:50:27,154 basehttp "GET /api/walkins/staff-options/ HTTP/1.1" 200 110
INFO 2026-04-29 13:50:27,163 basehttp "GET /api/branches/ HTTP/1.1" 200 1050
INFO 2026-04-29 13:50:27,183 basehttp "GET /api/walkins/11/ HTTP/1.1" 200 821
INFO 2026-04-29 13:50:27,211 basehttp "GET /api/courses/ HTTP/1.1" 200 13612
INFO 2026-04-29 13:50:27,261 basehttp "GET /api/discounts/?course=43&branch=1&available=1 HTTP/1.1" 200 497
INFO 2026-04-29 13:51:23,174 basehttp "GET /walkins/11 HTTP/1.1" 200 420
INFO 2026-04-29 13:51:23,197 basehttp "GET /static/assets/index-46951611.css HTTP/1.1" 304 0
INFO 2026-04-29 13:51:23,198 basehttp "GET /static/assets/index-1252319b.js HTTP/1.1" 304 0
INFO 2026-04-29 13:51:23,230 basehttp "GET /api/auth/me/ HTTP/1.1" 200 249
INFO 2026-04-29 13:51:23,430 basehttp "GET /static/assets/libertinus-serif-600-9f6e3162.woff2 HTTP/1.1" 304 0
INFO 2026-04-29 13:51:23,463 basehttp "GET /static/assets/brand-logo-05bda913.png HTTP/1.1" 304 0
INFO 2026-04-29 13:51:23,474 basehttp "GET /static/assets/libertinus-serif-700-8bd2d42a.woff2 HTTP/1.1" 304 0
INFO 2026-04-29 13:51:23,484 basehttp "GET /api/walkins/staff-options/ HTTP/1.1" 200 110
INFO 2026-04-29 13:51:23,484 basehttp "GET /static/assets/libertinus-serif-400-c73c9f3b.woff2 HTTP/1.1" 304 0
INFO 2026-04-29 13:51:23,497 basehttp "GET /api/walkins/11/ HTTP/1.1" 200 821
INFO 2026-04-29 13:51:23,497 basehttp "GET /api/branches/ HTTP/1.1" 200 1050
INFO 2026-04-29 13:51:23,497 basehttp "GET /favicon.ico HTTP/1.1" 200 420
INFO 2026-04-29 13:51:23,563 basehttp "GET /api/courses/ HTTP/1.1" 200 13612
INFO 2026-04-29 13:51:23,976 basehttp "GET /api/discounts/?course=43&branch=1&available=1 HTTP/1.1" 200 497
INFO 2026-04-29 14:05:15,626 basehttp "GET /favicon.ico HTTP/1.1" 200 420
INFO 2026-04-29 14:05:15,634 basehttp "GET /api/branches/ HTTP/1.1" 200 1050
INFO 2026-04-29 14:05:15,650 basehttp "GET /api/discounts/ HTTP/1.1" 200 497
INFO 2026-04-29 14:05:15,669 basehttp "GET /api/courses/ HTTP/1.1" 200 13612
INFO 2026-04-29 14:09:00,186 basehttp "GET /favicon.ico HTTP/1.1" 200 420
INFO 2026-04-29 14:09:00,195 basehttp "GET /api/branches/ HTTP/1.1" 200 1050
INFO 2026-04-29 14:09:00,223 basehttp "GET /api/enrollments/ HTTP/1.1" 200 2400
INFO 2026-04-29 14:09:00,277 basehttp "GET /api/courses/ HTTP/1.1" 200 13612
INFO 2026-04-29 14:09:04,111 basehttp "GET /favicon.ico HTTP/1.1" 200 420
INFO 2026-04-29 14:09:04,128 basehttp "GET /api/users/ HTTP/1.1" 200 523
INFO 2026-04-29 14:09:04,128 basehttp "GET /api/branches/ HTTP/1.1" 200 1050
INFO 2026-04-29 14:09:04,210 basehttp "GET /api/walkins/?sectioned=1 HTTP/1.1" 200 4552
INFO 2026-04-29 14:09:04,257 basehttp "GET /api/courses/ HTTP/1.1" 200 13612
INFO 2026-04-29 14:09:05,720 basehttp "GET /favicon.ico HTTP/1.1" 200 420
INFO 2026-04-29 14:09:05,743 basehttp "GET /api/walkins/11/ HTTP/1.1" 200 821
INFO 2026-04-29 14:09:05,748 basehttp "GET /api/walkins/staff-options/ HTTP/1.1" 200 110
INFO 2026-04-29 14:09:05,754 basehttp "GET /api/branches/ HTTP/1.1" 200 1050
INFO 2026-04-29 14:09:05,803 basehttp "GET /api/courses/ HTTP/1.1" 200 13612
INFO 2026-04-29 14:09:05,838 basehttp "GET /api/discounts/?course=43&branch=1&available=1 HTTP/1.1" 200 497
INFO 2026-04-29 14:09:55,312 autoreload C:\Users\Welcome\Desktop\CRM\March 24\files\views.py changed, reloading.
INFO 2026-04-29 14:09:56,576 autoreload Watching for file changes with StatReloader
INFO 2026-04-29 15:13:30,120 basehttp "GET /walkins/11 HTTP/1.1" 200 420
INFO 2026-04-29 15:13:30,191 basehttp "GET /static/assets/index-46951611.css HTTP/1.1" 200 52774
INFO 2026-04-29 15:13:30,414 basehttp "GET /static/assets/index-6b275741.js HTTP/1.1" 200 434148
INFO 2026-04-29 15:13:30,671 basehttp "GET /static/assets/libertinus-serif-600-9f6e3162.woff2 HTTP/1.1" 200 22872
INFO 2026-04-29 15:13:30,699 basehttp "GET /api/auth/me/ HTTP/1.1" 200 249
INFO 2026-04-29 15:13:30,726 basehttp "GET /api/walkins/11/ HTTP/1.1" 200 821
INFO 2026-04-29 15:13:30,734 basehttp "GET /api/walkins/staff-options/ HTTP/1.1" 200 110
INFO 2026-04-29 15:13:30,738 basehttp "GET /api/branches/ HTTP/1.1" 200 1050
INFO 2026-04-29 15:13:30,747 basehttp "GET /static/assets/libertinus-serif-700-8bd2d42a.woff2 HTTP/1.1" 200 23400
INFO 2026-04-29 15:13:30,749 basehttp "GET /static/assets/libertinus-serif-400-c73c9f3b.woff2 HTTP/1.1" 200 23400
INFO 2026-04-29 15:13:30,773 basehttp "GET /api/courses/ HTTP/1.1" 200 13612
INFO 2026-04-29 15:13:30,775 basehttp "GET /static/assets/brand-logo-05bda913.png HTTP/1.1" 200 572462
INFO 2026-04-29 15:13:30,819 basehttp "GET /favicon.ico HTTP/1.1" 200 420
INFO 2026-04-29 15:13:30,826 basehttp "GET /api/discounts/?course=43&branch=1&available=1 HTTP/1.1" 200 497
INFO 2026-04-29 15:13:46,950 basehttp "GET /favicon.ico HTTP/1.1" 200 420
INFO 2026-04-29 15:13:46,965 basehttp "GET /api/leads/ HTTP/1.1" 200 2267
INFO 2026-04-29 15:13:49,068 basehttp "GET /favicon.ico HTTP/1.1" 200 420
INFO 2026-04-29 15:13:49,080 basehttp "GET /api/branches/ HTTP/1.1" 200 1050
INFO 2026-04-29 15:13:49,080 basehttp "GET /api/leads/7/ HTTP/1.1" 200 1285
INFO 2026-04-29 15:13:49,119 basehttp "GET /api/courses/ HTTP/1.1" 200 13612
INFO 2026-04-29 15:14:01,306 basehttp "GET /favicon.ico HTTP/1.1" 200 420
INFO 2026-04-29 15:14:01,330 basehttp "GET /api/branches/ HTTP/1.1" 200 1050
INFO 2026-04-29 15:14:01,345 basehttp "GET /api/users/ HTTP/1.1" 200 523
INFO 2026-04-29 15:14:01,393 basehttp "GET /api/walkins/?sectioned=1 HTTP/1.1" 200 4552
INFO 2026-04-29 15:14:01,460 basehttp "GET /api/courses/ HTTP/1.1" 200 13612
INFO 2026-04-29 15:14:04,047 basehttp "GET /favicon.ico HTTP/1.1" 200 420
INFO 2026-04-29 15:14:04,071 basehttp "GET /api/walkins/11/ HTTP/1.1" 200 821
INFO 2026-04-29 15:14:04,078 basehttp "GET /api/walkins/staff-options/ HTTP/1.1" 200 110
INFO 2026-04-29 15:14:04,084 basehttp "GET /api/branches/ HTTP/1.1" 200 1050
INFO 2026-04-29 15:14:04,118 basehttp "GET /api/courses/ HTTP/1.1" 200 13612
INFO 2026-04-29 15:14:04,146 basehttp "GET /api/discounts/?course=43&branch=1&available=1 HTTP/1.1" 200 497
INFO 2026-04-29 15:14:09,149 basehttp "GET /favicon.ico HTTP/1.1" 200 420
INFO 2026-04-29 15:14:09,159 basehttp "GET /api/leads/ HTTP/1.1" 200 2267
INFO 2026-04-29 15:16:26,914 basehttp "GET /favicon.ico HTTP/1.1" 200 420
INFO 2026-04-29 15:16:26,931 basehttp "GET /api/branches/ HTTP/1.1" 200 1050
INFO 2026-04-29 15:16:26,940 basehttp "GET /api/leads/7/ HTTP/1.1" 200 1285
INFO 2026-04-29 15:16:27,025 basehttp "GET /api/courses/ HTTP/1.1" 200 13612
INFO 2026-04-29 15:16:28,872 basehttp "GET /api/users/ HTTP/1.1" 200 523
INFO 2026-04-29 15:16:28,872 basehttp "GET /api/branches/ HTTP/1.1" 200 1050
INFO 2026-04-29 15:16:28,887 basehttp "GET /favicon.ico HTTP/1.1" 200 420
INFO 2026-04-29 15:16:28,907 basehttp "GET /api/walkins/?sectioned=1 HTTP/1.1" 200 4552
INFO 2026-04-29 15:16:28,967 basehttp "GET /api/courses/ HTTP/1.1" 200 13612
INFO 2026-04-29 15:16:31,641 basehttp "GET /favicon.ico HTTP/1.1" 200 420
INFO 2026-04-29 15:16:31,658 basehttp "GET /api/walkins/staff-options/ HTTP/1.1" 200 110
INFO 2026-04-29 15:16:31,671 basehttp "GET /api/walkins/11/ HTTP/1.1" 200 821
INFO 2026-04-29 15:16:31,671 basehttp "GET /api/branches/ HTTP/1.1" 200 1050
INFO 2026-04-29 15:16:31,755 basehttp "GET /api/courses/ HTTP/1.1" 200 13612
INFO 2026-04-29 15:16:31,788 basehttp "GET /api/discounts/?course=43&branch=1&available=1 HTTP/1.1" 200 497
INFO 2026-04-29 15:16:38,162 basehttp "GET /api/discounts/?course=43&branch=3&available=1 HTTP/1.1" 200 2
INFO 2026-04-29 15:16:47,610 basehttp "GET /api/discounts/?course=43&branch=1&available=1 HTTP/1.1" 200 497
INFO 2026-04-29 15:19:09,322 basehttp "GET /favicon.ico HTTP/1.1" 200 420
INFO 2026-04-29 15:19:09,327 basehttp "POST /api/auth/logout/ HTTP/1.1" 200 37
INFO 2026-04-29 15:20:01,193 basehttp "POST /api/auth/login/ HTTP/1.1" 200 866
INFO 2026-04-29 15:20:01,227 basehttp "GET /api/branches/ HTTP/1.1" 200 1050
INFO 2026-04-29 15:20:01,227 basehttp "GET /favicon.ico HTTP/1.1" 200 420
INFO 2026-04-29 15:20:01,246 basehttp "GET /api/dashboard/summary/ HTTP/1.1" 200 568
INFO 2026-04-29 15:20:23,766 basehttp "GET /favicon.ico HTTP/1.1" 200 420
INFO 2026-04-29 15:20:23,775 basehttp "GET /api/branches/ HTTP/1.1" 200 1050
INFO 2026-04-29 15:20:23,783 basehttp "GET /api/enrollments/ HTTP/1.1" 200 2400
INFO 2026-04-29 15:20:23,811 basehttp "GET /api/courses/ HTTP/1.1" 200 13612
INFO 2026-04-29 15:20:30,928 basehttp "GET /favicon.ico HTTP/1.1" 200 420
INFO 2026-04-29 15:20:30,945 basehttp "GET /api/enrollments/4/ HTTP/1.1" 200 1458
INFO 2026-04-29 15:20:42,700 basehttp "GET /favicon.ico HTTP/1.1" 200 420
INFO 2026-04-29 15:20:42,708 basehttp "GET /api/leads/ HTTP/1.1" 200 2267
INFO 2026-04-29 15:20:44,509 basehttp "GET /favicon.ico HTTP/1.1" 200 420
INFO 2026-04-29 15:20:44,519 basehttp "GET /api/branches/ HTTP/1.1" 200 1050
INFO 2026-04-29 15:20:44,522 basehttp "GET /api/leads/7/ HTTP/1.1" 200 1285
INFO 2026-04-29 15:20:44,545 basehttp "GET /api/courses/ HTTP/1.1" 200 13612
INFO 2026-04-29 15:20:47,912 basehttp "GET /favicon.ico HTTP/1.1" 200 420
INFO 2026-04-29 15:20:47,930 basehttp "GET /api/users/ HTTP/1.1" 200 523
INFO 2026-04-29 15:20:47,930 basehttp "GET /api/branches/ HTTP/1.1" 200 1050
INFO 2026-04-29 15:20:47,947 basehttp "GET /api/walkins/?sectioned=1 HTTP/1.1" 200 4552
INFO 2026-04-29 15:20:47,964 basehttp "GET /api/courses/ HTTP/1.1" 200 13612
INFO 2026-04-29 15:20:50,004 basehttp "GET /favicon.ico HTTP/1.1" 200 420
INFO 2026-04-29 15:20:50,015 basehttp "GET /api/branches/ HTTP/1.1" 200 1050
INFO 2026-04-29 15:20:50,022 basehttp "GET /api/walkins/staff-options/ HTTP/1.1" 200 110
INFO 2026-04-29 15:20:50,024 basehttp "GET /api/walkins/11/ HTTP/1.1" 200 821
INFO 2026-04-29 15:20:50,050 basehttp "GET /api/courses/ HTTP/1.1" 200 13612
INFO 2026-04-29 15:20:50,067 basehttp "GET /api/discounts/?course=43&branch=1&available=1 HTTP/1.1" 200 497
INFO 2026-04-29 15:21:31,335 basehttp "GET /walkins/11 HTTP/1.1" 200 420
INFO 2026-04-29 15:21:31,351 basehttp "GET /static/assets/index-46951611.css HTTP/1.1" 304 0
INFO 2026-04-29 15:21:31,352 basehttp "GET /static/assets/index-6b275741.js HTTP/1.1" 304 0
INFO 2026-04-29 15:21:31,384 basehttp "GET /api/auth/me/ HTTP/1.1" 200 249
INFO 2026-04-29 15:21:31,586 basehttp "GET /static/assets/libertinus-serif-600-9f6e3162.woff2 HTTP/1.1" 304 0
INFO 2026-04-29 15:21:31,617 basehttp "GET /static/assets/brand-logo-05bda913.png HTTP/1.1" 304 0
INFO 2026-04-29 15:21:31,647 basehttp "GET /api/branches/ HTTP/1.1" 200 1050
INFO 2026-04-29 15:21:31,647 basehttp "GET /static/assets/libertinus-serif-700-8bd2d42a.woff2 HTTP/1.1" 304 0
INFO 2026-04-29 15:21:31,651 basehttp "GET /api/walkins/11/ HTTP/1.1" 200 821
INFO 2026-04-29 15:21:31,651 basehttp "GET /favicon.ico HTTP/1.1" 200 420
INFO 2026-04-29 15:21:31,653 basehttp "GET /static/assets/libertinus-serif-400-c73c9f3b.woff2 HTTP/1.1" 304 0
INFO 2026-04-29 15:21:31,654 basehttp "GET /api/walkins/staff-options/ HTTP/1.1" 200 110
INFO 2026-04-29 15:21:31,682 basehttp "GET /api/courses/ HTTP/1.1" 200 13612
INFO 2026-04-29 15:21:32,123 basehttp "GET /api/discounts/?course=43&branch=1&available=1 HTTP/1.1" 200 497
INFO 2026-04-29 15:29:25,222 basehttp "GET /walkins/11 HTTP/1.1" 200 420
INFO 2026-04-29 15:29:25,291 basehttp "GET /static/assets/index-46951611.css HTTP/1.1" 200 52774
INFO 2026-04-29 15:29:25,362 basehttp "GET /static/assets/index-a072f843.js HTTP/1.1" 200 433567
INFO 2026-04-29 15:29:25,395 basehttp "GET /api/auth/me/ HTTP/1.1" 200 249
INFO 2026-04-29 15:29:25,612 basehttp "GET /static/assets/libertinus-serif-600-9f6e3162.woff2 HTTP/1.1" 200 22872
INFO 2026-04-29 15:29:25,676 basehttp "GET /api/walkins/11/ HTTP/1.1" 200 821
INFO 2026-04-29 15:29:25,687 basehttp "GET /api/walkins/staff-options/ HTTP/1.1" 200 110
INFO 2026-04-29 15:29:25,687 basehttp "GET /api/branches/ HTTP/1.1" 200 1050
INFO 2026-04-29 15:29:25,688 basehttp "GET /static/assets/libertinus-serif-700-8bd2d42a.woff2 HTTP/1.1" 200 23400
INFO 2026-04-29 15:29:25,690 basehttp "GET /favicon.ico HTTP/1.1" 200 420
INFO 2026-04-29 15:29:25,703 basehttp "GET /static/assets/libertinus-serif-400-c73c9f3b.woff2 HTTP/1.1" 200 23400
INFO 2026-04-29 15:29:25,752 basehttp "GET /static/assets/brand-logo-05bda913.png HTTP/1.1" 200 572462
INFO 2026-04-29 15:29:25,759 basehttp "GET /api/courses/ HTTP/1.1" 200 13612
INFO 2026-04-29 15:29:25,791 basehttp "GET /api/discounts/?course=43&branch=1&available=1 HTTP/1.1" 200 497
INFO 2026-04-29 15:52:24,226 autoreload C:\Users\Welcome\Desktop\CRM\March 24\files\crm\models.py changed, reloading.
INFO 2026-04-29 15:52:25,632 autoreload Watching for file changes with StatReloader
INFO 2026-04-29 15:52:27,193 basehttp "GET /favicon.ico HTTP/1.1" 200 420
INFO 2026-04-29 15:52:27,213 basehttp "GET /api/branches/ HTTP/1.1" 200 1050
INFO 2026-04-29 15:52:27,242 basehttp "GET /api/branch-targets/ HTTP/1.1" 200 277
INFO 2026-04-29 15:52:34,840 basehttp "GET /favicon.ico HTTP/1.1" 200 420
INFO 2026-04-29 15:52:34,840 basehttp "GET /api/branches/ HTTP/1.1" 200 1050
INFO 2026-04-29 15:52:34,851 basehttp "GET /api/users/ HTTP/1.1" 200 523
INFO 2026-04-29 15:52:34,858 basehttp "GET /api/enrollments/ HTTP/1.1" 200 2400
INFO 2026-04-29 15:52:36,373 autoreload C:\Users\Welcome\Desktop\CRM\March 24\files\crm\models.py changed, reloading.
INFO 2026-04-29 15:52:37,559 autoreload Watching for file changes with StatReloader
INFO 2026-04-29 15:52:38,312 basehttp "GET /favicon.ico HTTP/1.1" 200 420
INFO 2026-04-29 15:52:38,327 basehttp "GET /api/branches/ HTTP/1.1" 200 1050
INFO 2026-04-29 15:52:42,192 basehttp "GET /favicon.ico HTTP/1.1" 200 420
INFO 2026-04-29 15:52:42,205 basehttp "GET /api/reports/user-performance/?month=2026-04 HTTP/1.1" 200 611
INFO 2026-04-29 15:53:00,769 autoreload C:\Users\Welcome\Desktop\CRM\March 24\files\serializers.py changed, reloading.
INFO 2026-04-29 15:53:02,007 autoreload Watching for file changes with StatReloader
INFO 2026-04-29 15:53:11,338 autoreload C:\Users\Welcome\Desktop\CRM\March 24\files\views.py changed, reloading.
INFO 2026-04-29 15:53:12,363 autoreload Watching for file changes with StatReloader
INFO 2026-04-29 15:54:44,406 autoreload C:\Users\Welcome\Desktop\CRM\March 24\files\views.py changed, reloading.
INFO 2026-04-29 15:54:45,504 autoreload Watching for file changes with StatReloader
INFO 2026-04-29 15:54:51,427 autoreload C:\Users\Welcome\Desktop\CRM\March 24\files\views.py changed, reloading.
INFO 2026-04-29 15:54:52,335 autoreload Watching for file changes with StatReloader
INFO 2026-04-29 15:55:05,884 autoreload C:\Users\Welcome\Desktop\CRM\March 24\files\views.py changed, reloading.
INFO 2026-04-29 15:55:07,058 autoreload Watching for file changes with StatReloader
INFO 2026-04-29 15:55:28,837 autoreload C:\Users\Welcome\Desktop\CRM\March 24\files\views.py changed, reloading.
INFO 2026-04-29 15:55:30,144 autoreload Watching for file changes with StatReloader
INFO 2026-04-29 15:55:37,027 autoreload C:\Users\Welcome\Desktop\CRM\March 24\files\urls.py changed, reloading.
INFO 2026-04-29 15:55:38,206 autoreload Watching for file changes with StatReloader
INFO 2026-04-29 15:55:45,138 autoreload C:\Users\Welcome\Desktop\CRM\March 24\files\views.py changed, reloading.
INFO 2026-04-29 15:55:46,261 autoreload Watching for file changes with StatReloader
INFO 2026-04-29 15:56:06,198 basehttp "GET /favicon.ico HTTP/1.1" 200 420
INFO 2026-04-29 15:56:06,266 basehttp "GET /api/branches/ HTTP/1.1" 200 1050
INFO 2026-04-29 15:56:06,274 basehttp "GET /api/users/ HTTP/1.1" 200 523
INFO 2026-04-29 15:56:06,329 basehttp "GET /api/walkins/?sectioned=1 HTTP/1.1" 200 4552
INFO 2026-04-29 15:56:06,414 basehttp "GET /api/courses/ HTTP/1.1" 200 13612
INFO 2026-04-29 15:56:09,005 basehttp "GET /favicon.ico HTTP/1.1" 200 420
INFO 2026-04-29 15:56:09,040 basehttp "GET /api/walkins/staff-options/ HTTP/1.1" 200 110
INFO 2026-04-29 15:56:09,058 basehttp "GET /api/walkins/11/ HTTP/1.1" 200 821
INFO 2026-04-29 15:56:09,059 basehttp "GET /api/branches/ HTTP/1.1" 200 1050
INFO 2026-04-29 15:56:09,126 basehttp "GET /api/courses/ HTTP/1.1" 200 13612
INFO 2026-04-29 15:56:09,162 basehttp "GET /api/discounts/?course=43&branch=1&available=1 HTTP/1.1" 200 497
INFO 2026-04-29 15:56:12,324 basehttp "POST /api/walkins/11/convert-to-enrollment/ HTTP/1.1" 201 1033
INFO 2026-04-29 15:56:12,339 basehttp "GET /favicon.ico HTTP/1.1" 200 420
INFO 2026-04-29 15:56:12,353 basehttp "GET /api/enrollments/6/ HTTP/1.1" 200 1033
INFO 2026-04-29 16:01:35,174 autoreload C:\Users\Welcome\Desktop\CRM\March 24\files\views.py changed, reloading.
INFO 2026-04-29 16:01:36,510 autoreload Watching for file changes with StatReloader
INFO 2026-04-29 16:07:55,719 autoreload C:\Users\Welcome\Desktop\CRM\March 24\files\views.py changed, reloading.
INFO 2026-04-29 16:07:57,037 autoreload Watching for file changes with StatReloader
INFO 2026-04-29 16:26:07,825 basehttp "GET /enrollments/6 HTTP/1.1" 200 420
INFO 2026-04-29 16:26:07,937 basehttp "GET /static/assets/index-3226fd6b.css HTTP/1.1" 200 53972
INFO 2026-04-29 16:26:08,148 basehttp "GET /static/assets/index-b2522a6b.js HTTP/1.1" 200 440875
INFO 2026-04-29 16:26:08,385 basehttp "GET /static/assets/libertinus-serif-600-9f6e3162.woff2 HTTP/1.1" 200 22872
INFO 2026-04-29 16:26:08,435 basehttp "GET /favicon.ico HTTP/1.1" 200 420
INFO 2026-04-29 16:26:08,436 basehttp "GET /api/auth/me/ HTTP/1.1" 200 249
INFO 2026-04-29 16:26:08,460 basehttp "GET /api/enrollments/6/ HTTP/1.1" 200 1033
INFO 2026-04-29 16:26:08,461 basehttp "GET /static/assets/libertinus-serif-700-8bd2d42a.woff2 HTTP/1.1" 200 23400
INFO 2026-04-29 16:26:08,463 basehttp "GET /static/assets/libertinus-serif-400-c73c9f3b.woff2 HTTP/1.1" 200 23400
INFO 2026-04-29 16:26:08,466 basehttp "GET /static/assets/brand-logo-05bda913.png HTTP/1.1" 200 572462
INFO 2026-04-29 16:26:11,696 basehttp "GET /favicon.ico HTTP/1.1" 200 420
INFO 2026-04-29 16:26:11,705 basehttp "GET /api/branches/ HTTP/1.1" 200 1050
INFO 2026-04-29 16:26:11,721 basehttp "GET /api/dashboard/summary/ HTTP/1.1" 200 598
INFO 2026-04-29 16:26:17,686 basehttp "GET /favicon.ico HTTP/1.1" 200 420
INFO 2026-04-29 16:26:17,757 basehttp "GET /api/courses/ HTTP/1.1" 200 13612
INFO 2026-04-29 16:26:21,081 basehttp "GET /favicon.ico HTTP/1.1" 200 420
INFO 2026-04-29 16:26:21,099 basehttp "GET /api/leads/ HTTP/1.1" 200 2267
INFO 2026-04-29 16:26:24,471 basehttp "GET /api/branches/ HTTP/1.1" 200 1050
INFO 2026-04-29 16:26:24,487 basehttp "GET /api/enrollments/ HTTP/1.1" 200 2908
INFO 2026-04-29 16:26:24,502 basehttp "GET /favicon.ico HTTP/1.1" 200 420
INFO 2026-04-29 16:26:24,551 basehttp "GET /api/courses/ HTTP/1.1" 200 13612
INFO 2026-04-29 16:26:32,559 basehttp "GET /favicon.ico HTTP/1.1" 200 420
INFO 2026-04-29 16:26:32,568 basehttp "GET /api/branches/ HTTP/1.1" 200 1050
INFO 2026-04-29 16:26:32,600 basehttp "GET /api/enrollments/ HTTP/1.1" 200 2908
INFO 2026-04-29 16:26:32,672 basehttp "GET /api/courses/ HTTP/1.1" 200 13612
INFO 2026-04-29 16:26:37,020 basehttp "GET /favicon.ico HTTP/1.1" 200 420
INFO 2026-04-29 16:26:37,037 basehttp "GET /api/leads/ HTTP/1.1" 200 2267
INFO 2026-04-29 16:26:39,309 basehttp "GET /favicon.ico HTTP/1.1" 200 420
INFO 2026-04-29 16:26:39,334 basehttp "GET /api/branches/ HTTP/1.1" 200 1050
INFO 2026-04-29 16:26:39,353 basehttp "GET /api/leads/7/ HTTP/1.1" 200 1285
INFO 2026-04-29 16:26:39,417 basehttp "GET /api/courses/ HTTP/1.1" 200 13612
INFO 2026-04-29 16:26:41,600 basehttp "GET /favicon.ico HTTP/1.1" 200 420
INFO 2026-04-29 16:26:41,618 basehttp "GET /api/branches/ HTTP/1.1" 200 1050
INFO 2026-04-29 16:26:41,627 basehttp "GET /api/users/ HTTP/1.1" 200 523
INFO 2026-04-29 16:26:41,671 basehttp "GET /api/walkins/?sectioned=1 HTTP/1.1" 200 4558
INFO 2026-04-29 16:26:41,732 basehttp "GET /api/courses/ HTTP/1.1" 200 13612
INFO 2026-04-29 16:26:43,270 basehttp "GET /favicon.ico HTTP/1.1" 200 420
INFO 2026-04-29 16:26:43,275 basehttp "GET /api/walkins/11/ HTTP/1.1" 200 827
INFO 2026-04-29 16:26:43,287 basehttp "GET /api/branches/ HTTP/1.1" 200 1050
INFO 2026-04-29 16:26:43,290 basehttp "GET /api/walkins/staff-options/ HTTP/1.1" 200 110
INFO 2026-04-29 16:26:43,293 basehttp "GET /api/transfer-requests/?walkin=11 HTTP/1.1" 200 2
INFO 2026-04-29 16:26:43,348 basehttp "GET /api/courses/ HTTP/1.1" 200 13612
INFO 2026-04-29 16:26:43,374 basehttp "GET /api/discounts/?course=43&branch=1&available=1 HTTP/1.1" 200 497
INFO 2026-04-29 16:27:12,333 basehttp "GET /favicon.ico HTTP/1.1" 200 420
INFO 2026-04-29 16:27:12,347 basehttp "GET /api/leads/ HTTP/1.1" 200 2267
INFO 2026-04-29 16:27:14,379 basehttp "GET /favicon.ico HTTP/1.1" 200 420
INFO 2026-04-29 16:27:14,395 basehttp "GET /api/leads/6/ HTTP/1.1" 200 560
INFO 2026-04-29 16:27:14,401 basehttp "GET /api/branches/ HTTP/1.1" 200 1050
INFO 2026-04-29 16:27:14,442 basehttp "GET /api/courses/ HTTP/1.1" 200 13612
INFO 2026-04-29 16:33:27,752 autoreload Watching for file changes with StatReloader
INFO 2026-04-29 16:33:29,436 basehttp "GET / HTTP/1.1" 200 420
INFO 2026-04-29 16:33:29,483 basehttp "GET /static/assets/index-b2522a6b.js HTTP/1.1" 304 0
INFO 2026-04-29 16:33:29,484 basehttp "GET /static/assets/index-3226fd6b.css HTTP/1.1" 304 0
INFO 2026-04-29 16:33:29,794 basehttp "GET /favicon.ico HTTP/1.1" 200 420
INFO 2026-04-29 16:33:29,797 basehttp "GET /api/auth/me/ HTTP/1.1" 200 249
INFO 2026-04-29 16:33:29,826 basehttp "GET /static/assets/brand-logo-05bda913.png HTTP/1.1" 304 0
INFO 2026-04-29 16:33:29,866 basehttp "GET /static/assets/libertinus-serif-700-8bd2d42a.woff2 HTTP/1.1" 304 0
INFO 2026-04-29 16:33:29,867 basehttp "GET /static/assets/libertinus-serif-400-c73c9f3b.woff2 HTTP/1.1" 304 0
INFO 2026-04-29 16:33:29,869 basehttp "GET /favicon.ico HTTP/1.1" 200 420
INFO 2026-04-29 16:33:29,869 basehttp "GET /static/assets/libertinus-serif-600-9f6e3162.woff2 HTTP/1.1" 304 0
WARNING 2026-04-29 16:33:43,093 log Unauthorized: /api/auth/login/
WARNING 2026-04-29 16:33:43,094 basehttp "POST /api/auth/login/ HTTP/1.1" 401 63
INFO 2026-04-29 16:33:43,124 basehttp "POST /api/auth/token/refresh/ HTTP/1.1" 200 715
WARNING 2026-04-29 16:33:43,452 log Unauthorized: /api/auth/login/
WARNING 2026-04-29 16:33:43,455 basehttp "POST /api/auth/login/ HTTP/1.1" 401 63
INFO 2026-04-29 16:33:54,817 basehttp "POST /api/auth/login/ HTTP/1.1" 200 858
INFO 2026-04-29 16:33:54,847 basehttp "GET /favicon.ico HTTP/1.1" 200 420
INFO 2026-04-29 16:33:54,879 basehttp "GET /api/dashboard/summary/ HTTP/1.1" 200 592
INFO 2026-04-29 16:33:58,132 basehttp "GET /favicon.ico HTTP/1.1" 200 420
INFO 2026-04-29 16:33:58,160 basehttp "GET /api/walkins/?sectioned=1 HTTP/1.1" 200 2648
INFO 2026-04-29 16:33:58,204 basehttp "GET /api/courses/ HTTP/1.1" 200 13612
INFO 2026-04-29 16:34:00,031 basehttp "GET /favicon.ico HTTP/1.1" 200 420
INFO 2026-04-29 16:34:00,079 basehttp "GET /api/branches/ HTTP/1.1" 200 1050
INFO 2026-04-29 16:34:00,079 basehttp "GET /api/walkins/staff-options/ HTTP/1.1" 200 62
INFO 2026-04-29 16:34:00,083 basehttp "GET /api/transfer-requests/?walkin=11 HTTP/1.1" 200 2
INFO 2026-04-29 16:34:00,100 basehttp "GET /api/walkins/11/ HTTP/1.1" 200 827
INFO 2026-04-29 16:34:00,136 basehttp "GET /api/courses/ HTTP/1.1" 200 13612
INFO 2026-04-29 16:34:00,165 basehttp "GET /api/discounts/?course=43&branch=1&available=1 HTTP/1.1" 200 497
INFO 2026-04-29 16:34:26,120 basehttp "GET /walkins/11 HTTP/1.1" 200 420
INFO 2026-04-29 16:34:26,157 basehttp "GET /api/auth/me/ HTTP/1.1" 200 271
INFO 2026-04-29 16:34:26,212 basehttp "GET /favicon.ico HTTP/1.1" 200 420
INFO 2026-04-29 16:34:26,227 basehttp "GET /api/branches/ HTTP/1.1" 200 1050
INFO 2026-04-29 16:34:26,228 basehttp "GET /api/transfer-requests/?walkin=11 HTTP/1.1" 200 2
INFO 2026-04-29 16:34:26,228 basehttp "GET /api/walkins/staff-options/ HTTP/1.1" 200 62
INFO 2026-04-29 16:34:26,242 basehttp "GET /api/walkins/11/ HTTP/1.1" 200 827
INFO 2026-04-29 16:34:26,257 basehttp "GET /api/courses/ HTTP/1.1" 200 13612
INFO 2026-04-29 16:34:26,289 basehttp "GET /api/discounts/?course=43&branch=1&available=1 HTTP/1.1" 200 497
INFO 2026-04-29 16:34:36,330 basehttp "GET /favicon.ico HTTP/1.1" 200 420
INFO 2026-04-29 16:34:36,361 basehttp "GET /api/branches/ HTTP/1.1" 200 1050
INFO 2026-04-29 16:34:36,390 basehttp "GET /api/enrollments/ HTTP/1.1" 200 1551
INFO 2026-04-29 16:34:36,440 basehttp "GET /api/courses/ HTTP/1.1" 200 13612
INFO 2026-04-29 16:34:39,997 basehttp "GET /api/enrollments/6/ HTTP/1.1" 200 1033
INFO 2026-04-29 16:34:40,024 basehttp "GET /favicon.ico HTTP/1.1" 200 420
INFO 2026-04-29 16:34:45,636 basehttp "GET /favicon.ico HTTP/1.1" 200 420
INFO 2026-04-29 16:34:45,653 basehttp "GET /api/leads/ HTTP/1.1" 200 1310
INFO 2026-04-29 16:34:48,020 basehttp "GET /favicon.ico HTTP/1.1" 200 420
INFO 2026-04-29 16:34:48,069 basehttp "GET /api/walkins/?sectioned=1 HTTP/1.1" 200 2648
INFO 2026-04-29 16:34:48,119 basehttp "GET /api/courses/ HTTP/1.1" 200 13612
INFO 2026-04-29 16:34:52,070 basehttp "GET /favicon.ico HTTP/1.1" 200 420
INFO 2026-04-29 16:34:52,086 basehttp "GET /api/branches/ HTTP/1.1" 200 1050
INFO 2026-04-29 16:34:52,092 basehttp "GET /api/enrollments/ HTTP/1.1" 200 1551
INFO 2026-04-29 16:34:52,129 basehttp "GET /api/courses/ HTTP/1.1" 200 13612
INFO 2026-04-29 16:34:54,150 basehttp "GET /favicon.ico HTTP/1.1" 200 420
INFO 2026-04-29 16:34:54,165 basehttp "GET /api/branches/ HTTP/1.1" 200 1050
INFO 2026-04-29 16:34:54,204 basehttp "GET /api/enrollments/ HTTP/1.1" 200 1551
INFO 2026-04-29 16:34:54,251 basehttp "GET /api/courses/ HTTP/1.1" 200 13612
INFO 2026-04-29 16:34:57,777 basehttp "GET /favicon.ico HTTP/1.1" 200 420
INFO 2026-04-29 16:34:57,782 basehttp "GET /api/walkins/?sectioned=1 HTTP/1.1" 200 2648
INFO 2026-04-29 16:34:57,819 basehttp "GET /api/courses/ HTTP/1.1" 200 13612
INFO 2026-04-29 16:35:01,025 basehttp "GET /favicon.ico HTTP/1.1" 200 420
INFO 2026-04-29 16:35:01,038 basehttp "GET /api/walkins/staff-options/ HTTP/1.1" 200 62
INFO 2026-04-29 16:35:01,044 basehttp "GET /api/branches/ HTTP/1.1" 200 1050
INFO 2026-04-29 16:35:01,061 basehttp "GET /api/walkins/10/ HTTP/1.1" 200 756
INFO 2026-04-29 16:35:01,062 basehttp "GET /api/transfer-requests/?walkin=10 HTTP/1.1" 200 2
INFO 2026-04-29 16:35:01,097 basehttp "GET /api/courses/ HTTP/1.1" 200 13612
INFO 2026-04-29 16:35:01,121 basehttp "GET /api/discounts/?course=2&branch=1&available=1 HTTP/1.1" 200 2
INFO 2026-04-29 16:35:13,268 basehttp "GET /favicon.ico HTTP/1.1" 200 420
INFO 2026-04-29 16:35:13,281 basehttp "GET /api/leads/ HTTP/1.1" 200 1310
INFO 2026-04-29 16:35:15,173 basehttp "GET /favicon.ico HTTP/1.1" 200 420
INFO 2026-04-29 16:35:15,189 basehttp "GET /api/branches/ HTTP/1.1" 200 1050
INFO 2026-04-29 16:35:15,189 basehttp "GET /api/leads/6/ HTTP/1.1" 200 560
INFO 2026-04-29 16:35:15,242 basehttp "GET /api/courses/ HTTP/1.1" 200 13612
INFO 2026-04-29 16:36:27,333 basehttp "GET /favicon.ico HTTP/1.1" 200 420
INFO 2026-04-29 16:36:27,337 basehttp "POST /api/auth/logout/ HTTP/1.1" 200 37
INFO 2026-04-29 16:36:33,153 basehttp "POST /api/auth/login/ HTTP/1.1" 200 866
INFO 2026-04-29 16:36:33,181 basehttp "GET /favicon.ico HTTP/1.1" 200 420
INFO 2026-04-29 16:36:33,202 basehttp "GET /api/dashboard/summary/ HTTP/1.1" 200 598
INFO 2026-04-29 16:36:33,202 basehttp "GET /api/branches/ HTTP/1.1" 200 1050
INFO 2026-04-29 16:36:35,653 basehttp "GET /api/transfer-requests/ HTTP/1.1" 200 2
INFO 2026-04-29 16:36:35,653 basehttp "GET /favicon.ico HTTP/1.1" 200 420
INFO 2026-04-29 16:36:38,448 basehttp "GET /favicon.ico HTTP/1.1" 200 420
INFO 2026-04-29 16:36:38,450 basehttp "GET /api/branches/ HTTP/1.1" 200 1050
INFO 2026-04-29 16:36:38,467 basehttp "GET /api/dashboard/summary/ HTTP/1.1" 200 598
INFO 2026-04-29 16:36:47,619 basehttp "GET /favicon.ico HTTP/1.1" 200 420
INFO 2026-04-29 16:36:47,636 basehttp "GET /api/transfer-requests/ HTTP/1.1" 200 2
INFO 2026-04-29 16:36:52,317 basehttp "GET /favicon.ico HTTP/1.1" 200 420
INFO 2026-04-29 16:36:52,332 basehttp "GET /api/branches/ HTTP/1.1" 200 1050
INFO 2026-04-29 16:36:52,360 basehttp "GET /api/dashboard/summary/ HTTP/1.1" 200 598
INFO 2026-04-29 16:36:57,434 basehttp "GET /favicon.ico HTTP/1.1" 200 420
INFO 2026-04-29 16:36:57,446 basehttp "GET /api/branches/ HTTP/1.1" 200 1050
INFO 2026-04-29 16:36:57,446 basehttp "GET /api/users/ HTTP/1.1" 200 523
INFO 2026-04-29 16:36:57,459 basehttp "GET /api/enrollments/ HTTP/1.1" 200 2908
INFO 2026-04-29 16:40:46,447 autoreload C:\Users\Welcome\Desktop\CRM\March 24\files\views.py changed, reloading.
INFO 2026-04-29 16:40:51,016 autoreload Watching for file changes with StatReloader
INFO 2026-04-29 16:40:52,656 autoreload C:\Users\Welcome\Desktop\CRM\March 24\files\views.py changed, reloading.
INFO 2026-04-29 16:40:53,747 autoreload Watching for file changes with StatReloader
INFO 2026-04-29 16:43:58,053 basehttp "GET /admin/users HTTP/1.1" 200 420
INFO 2026-04-29 16:43:58,176 basehttp "GET /static/assets/index-3226fd6b.css HTTP/1.1" 200 53972
INFO 2026-04-29 16:43:58,355 basehttp "GET /static/assets/index-97d48f00.js HTTP/1.1" 200 443598
INFO 2026-04-29 16:43:58,596 basehttp "GET /static/assets/libertinus-serif-600-9f6e3162.woff2 HTTP/1.1" 200 22872
INFO 2026-04-29 16:43:58,652 basehttp "GET /favicon.ico HTTP/1.1" 200 420
INFO 2026-04-29 16:43:58,668 basehttp "GET /api/auth/me/ HTTP/1.1" 200 249
INFO 2026-04-29 16:43:58,718 basehttp "GET /api/users/ HTTP/1.1" 200 523
INFO 2026-04-29 16:43:58,732 basehttp "GET /api/enrollments/ HTTP/1.1" 200 2908
INFO 2026-04-29 16:43:58,735 basehttp "GET /static/assets/libertinus-serif-400-c73c9f3b.woff2 HTTP/1.1" 200 23400
INFO 2026-04-29 16:43:58,735 basehttp "GET /api/branches/ HTTP/1.1" 200 1050
INFO 2026-04-29 16:43:58,738 basehttp "GET /static/assets/libertinus-serif-700-8bd2d42a.woff2 HTTP/1.1" 200 23400
INFO 2026-04-29 16:43:58,740 basehttp "GET /static/assets/brand-logo-05bda913.png HTTP/1.1" 200 572462
INFO 2026-04-29 16:44:01,773 basehttp "GET /favicon.ico HTTP/1.1" 200 420
INFO 2026-04-29 16:44:01,789 basehttp "GET /api/branches/ HTTP/1.1" 200 1050
INFO 2026-04-29 16:44:01,833 basehttp "GET /api/enrollments/ HTTP/1.1" 200 2908
INFO 2026-04-29 16:44:01,908 basehttp "GET /api/courses/ HTTP/1.1" 200 13612
INFO 2026-04-29 16:44:04,558 basehttp "GET /favicon.ico HTTP/1.1" 200 420
INFO 2026-04-29 16:44:04,581 basehttp "GET /api/branches/ HTTP/1.1" 200 1050
INFO 2026-04-29 16:44:04,616 basehttp "GET /api/enrollments/ HTTP/1.1" 200 2908
INFO 2026-04-29 16:44:04,705 basehttp "GET /api/courses/ HTTP/1.1" 200 13612
INFO 2026-04-29 16:44:06,335 basehttp "GET /favicon.ico HTTP/1.1" 200 420
INFO 2026-04-29 16:44:06,384 basehttp "GET /api/branches/ HTTP/1.1" 200 1050
INFO 2026-04-29 16:44:06,391 basehttp "GET /api/users/ HTTP/1.1" 200 523
INFO 2026-04-29 16:44:06,459 basehttp "GET /api/walkins/?sectioned=1 HTTP/1.1" 200 4558
INFO 2026-04-29 16:44:06,539 basehttp "GET /api/courses/ HTTP/1.1" 200 13612
INFO 2026-04-29 16:44:08,441 basehttp "GET /favicon.ico HTTP/1.1" 200 420
INFO 2026-04-29 16:44:08,483 basehttp "GET /api/branches/ HTTP/1.1" 200 1050
INFO 2026-04-29 16:44:08,524 basehttp "GET /api/walkins/staff-options/ HTTP/1.1" 200 110
INFO 2026-04-29 16:44:08,536 basehttp "GET /api/transfer-requests/?walkin=10 HTTP/1.1" 200 2
INFO 2026-04-29 16:44:08,536 basehttp "GET /api/walkins/10/ HTTP/1.1" 200 756
INFO 2026-04-29 16:44:08,615 basehttp "GET /api/courses/ HTTP/1.1" 200 13612
INFO 2026-04-29 16:44:08,644 basehttp "GET /api/discounts/?course=2&branch=1&available=1 HTTP/1.1" 200 2
INFO 2026-04-29 16:44:25,718 basehttp "GET /favicon.ico HTTP/1.1" 200 420
INFO 2026-04-29 16:44:25,731 basehttp "POST /api/auth/logout/ HTTP/1.1" 200 37
INFO 2026-04-29 16:46:10,536 basehttp "POST /api/auth/login/ HTTP/1.1" 200 858
INFO 2026-04-29 16:46:10,575 basehttp "GET /favicon.ico HTTP/1.1" 200 420
INFO 2026-04-29 16:46:10,643 basehttp "GET /api/dashboard/summary/ HTTP/1.1" 200 592
INFO 2026-04-29 16:46:14,339 basehttp "GET /favicon.ico HTTP/1.1" 200 420
INFO 2026-04-29 16:46:14,346 basehttp "GET /api/branches/ HTTP/1.1" 200 1050
INFO 2026-04-29 16:46:14,395 basehttp "GET /api/enrollments/ HTTP/1.1" 200 1551
INFO 2026-04-29 16:46:14,460 basehttp "GET /api/courses/ HTTP/1.1" 200 13612
INFO 2026-04-29 16:46:16,127 basehttp "GET /favicon.ico HTTP/1.1" 200 420
INFO 2026-04-29 16:46:16,198 basehttp "GET /api/walkins/?sectioned=1 HTTP/1.1" 200 2648
INFO 2026-04-29 16:46:16,271 basehttp "GET /api/courses/ HTTP/1.1" 200 13612
INFO 2026-04-29 16:46:18,230 basehttp "GET /api/walkins/10/ HTTP/1.1" 200 756
INFO 2026-04-29 16:46:18,237 basehttp "GET /favicon.ico HTTP/1.1" 200 420
INFO 2026-04-29 16:46:18,238 basehttp "GET /api/walkins/staff-options/ HTTP/1.1" 200 62
INFO 2026-04-29 16:46:18,244 basehttp "GET /api/branches/ HTTP/1.1" 200 1050
INFO 2026-04-29 16:46:18,298 basehttp "GET /api/transfer-requests/?walkin=10 HTTP/1.1" 200 2
INFO 2026-04-29 16:46:18,354 basehttp "GET /api/courses/ HTTP/1.1" 200 13612
INFO 2026-04-29 16:46:18,386 basehttp "GET /api/discounts/?course=2&branch=1&available=1 HTTP/1.1" 200 2
INFO 2026-04-29 16:46:26,962 basehttp "GET /api/leads/ HTTP/1.1" 200 1310
INFO 2026-04-29 16:46:26,963 basehttp "GET /favicon.ico HTTP/1.1" 200 420
INFO 2026-04-29 16:46:28,582 basehttp "GET /favicon.ico HTTP/1.1" 200 420
INFO 2026-04-29 16:46:28,622 basehttp "GET /api/branches/ HTTP/1.1" 200 1050
INFO 2026-04-29 16:46:28,623 basehttp "GET /api/leads/6/ HTTP/1.1" 200 560
INFO 2026-04-29 16:46:28,689 basehttp "GET /api/courses/ HTTP/1.1" 200 13612
INFO 2026-04-29 16:46:50,070 basehttp "GET /api/discounts/?course=2&branch=1&available=1 HTTP/1.1" 200 2
INFO 2026-04-29 16:46:56,189 basehttp "GET /favicon.ico HTTP/1.1" 200 420
INFO 2026-04-29 16:46:56,266 basehttp "GET /api/walkins/?sectioned=1 HTTP/1.1" 200 2648
INFO 2026-04-29 16:46:56,341 basehttp "GET /api/courses/ HTTP/1.1" 200 13612
INFO 2026-04-29 16:46:59,527 basehttp "GET /api/walkins/10/ HTTP/1.1" 200 756
INFO 2026-04-29 16:46:59,531 basehttp "GET /favicon.ico HTTP/1.1" 200 420
INFO 2026-04-29 16:46:59,563 basehttp "GET /api/walkins/staff-options/ HTTP/1.1" 200 62
INFO 2026-04-29 16:46:59,564 basehttp "GET /api/branches/ HTTP/1.1" 200 1050
INFO 2026-04-29 16:46:59,565 basehttp "GET /api/transfer-requests/?walkin=10 HTTP/1.1" 200 2
INFO 2026-04-29 16:46:59,652 basehttp "GET /api/courses/ HTTP/1.1" 200 13612
INFO 2026-04-29 16:46:59,683 basehttp "GET /api/discounts/?course=2&branch=1&available=1 HTTP/1.1" 200 2
INFO 2026-04-29 16:49:52,966 autoreload C:\Users\Welcome\Desktop\CRM\March 24\files\views.py changed, reloading.
INFO 2026-04-29 16:49:54,318 autoreload Watching for file changes with StatReloader
INFO 2026-04-29 16:57:30,963 autoreload C:\Users\Welcome\Desktop\CRM\March 24\files\views.py changed, reloading.
INFO 2026-04-29 16:57:32,260 autoreload Watching for file changes with StatReloader
INFO 2026-04-29 17:07:05,021 basehttp "GET /walkins/10 HTTP/1.1" 200 420
INFO 2026-04-29 17:07:05,120 basehttp "GET /static/assets/index-3226fd6b.css HTTP/1.1" 200 53972
INFO 2026-04-29 17:07:05,344 basehttp "GET /static/assets/index-594e8aea.js HTTP/1.1" 200 443830
INFO 2026-04-29 17:07:05,621 basehttp "GET /static/assets/libertinus-serif-600-9f6e3162.woff2 HTTP/1.1" 200 22872
INFO 2026-04-29 17:07:05,675 basehttp "GET /favicon.ico HTTP/1.1" 200 420
INFO 2026-04-29 17:07:05,677 basehttp "GET /api/auth/me/ HTTP/1.1" 200 271
INFO 2026-04-29 17:07:05,714 basehttp "GET /api/branches/ HTTP/1.1" 200 1050
INFO 2026-04-29 17:07:05,736 basehttp "GET /api/walkins/10/ HTTP/1.1" 200 756
INFO 2026-04-29 17:07:05,739 basehttp "GET /api/transfer-requests/?walkin=10 HTTP/1.1" 200 2
INFO 2026-04-29 17:07:05,740 basehttp "GET /api/walkins/staff-options/ HTTP/1.1" 200 62
INFO 2026-04-29 17:07:05,752 basehttp "GET /static/assets/libertinus-serif-700-8bd2d42a.woff2 HTTP/1.1" 200 23400
INFO 2026-04-29 17:07:05,779 basehttp "GET /static/assets/libertinus-serif-400-c73c9f3b.woff2 HTTP/1.1" 200 23400
INFO 2026-04-29 17:07:05,785 basehttp "GET /api/courses/ HTTP/1.1" 200 13612
INFO 2026-04-29 17:07:05,787 basehttp "GET /static/assets/brand-logo-05bda913.png HTTP/1.1" 200 572462
INFO 2026-04-29 17:07:05,846 basehttp "GET /api/discounts/?course=2&branch=1&available=1 HTTP/1.1" 200 2
INFO 2026-04-29 17:07:11,270 basehttp "GET /api/discounts/?course=2&branch=3&available=1 HTTP/1.1" 200 2
INFO 2026-04-29 17:07:21,573 basehttp "GET /favicon.ico HTTP/1.1" 200 420
INFO 2026-04-29 17:07:21,658 basehttp "GET /api/walkins/?sectioned=1 HTTP/1.1" 200 2648
INFO 2026-04-29 17:07:21,707 basehttp "GET /api/courses/ HTTP/1.1" 200 13612
INFO 2026-04-29 17:07:23,929 basehttp "GET /favicon.ico HTTP/1.1" 200 420
INFO 2026-04-29 17:07:23,989 basehttp "GET /api/branches/ HTTP/1.1" 200 1050
INFO 2026-04-29 17:07:23,993 basehttp "GET /api/transfer-requests/?walkin=11 HTTP/1.1" 200 2
INFO 2026-04-29 17:07:23,994 basehttp "GET /api/walkins/11/ HTTP/1.1" 200 827
INFO 2026-04-29 17:07:23,994 basehttp "GET /api/walkins/staff-options/ HTTP/1.1" 200 62
INFO 2026-04-29 17:07:24,096 basehttp "GET /api/courses/ HTTP/1.1" 200 13612
INFO 2026-04-29 17:07:24,136 basehttp "GET /api/discounts/?course=43&branch=1&available=1 HTTP/1.1" 200 497
INFO 2026-04-29 17:07:26,912 basehttp "GET /api/discounts/?course=43&branch=3&available=1 HTTP/1.1" 200 2
INFO 2026-04-29 17:07:38,137 basehttp "GET /favicon.ico HTTP/1.1" 200 420
INFO 2026-04-29 17:07:38,157 basehttp "GET /api/leads/ HTTP/1.1" 200 1310
INFO 2026-04-29 17:07:40,513 basehttp "GET /favicon.ico HTTP/1.1" 200 420
INFO 2026-04-29 17:07:40,525 basehttp "GET /api/branches/ HTTP/1.1" 200 1050
INFO 2026-04-29 17:07:40,566 basehttp "GET /api/leads/7/ HTTP/1.1" 200 1285
INFO 2026-04-29 17:07:40,646 basehttp "GET /api/courses/ HTTP/1.1" 200 13612
INFO 2026-04-29 17:11:17,484 basehttp "GET /favicon.ico HTTP/1.1" 200 420
INFO 2026-04-29 17:11:17,506 basehttp "GET /api/leads/ HTTP/1.1" 200 1310
INFO 2026-04-29 17:15:00,318 basehttp "GET /leads HTTP/1.1" 200 420
INFO 2026-04-29 17:15:00,339 basehttp "GET /static/assets/index-3226fd6b.css HTTP/1.1" 304 0
INFO 2026-04-29 17:15:00,339 basehttp "GET /static/assets/index-594e8aea.js HTTP/1.1" 304 0
INFO 2026-04-29 17:15:00,595 basehttp "GET /static/assets/libertinus-serif-600-9f6e3162.woff2 HTTP/1.1" 304 0
INFO 2026-04-29 17:15:00,639 basehttp "GET /api/auth/me/ HTTP/1.1" 200 271
INFO 2026-04-29 17:15:00,655 basehttp "GET /static/assets/brand-logo-05bda913.png HTTP/1.1" 304 0
INFO 2026-04-29 17:15:00,662 basehttp "GET /favicon.ico HTTP/1.1" 200 420
INFO 2026-04-29 17:15:00,676 basehttp "GET /static/assets/libertinus-serif-700-8bd2d42a.woff2 HTTP/1.1" 304 0
INFO 2026-04-29 17:15:00,676 basehttp "GET /static/assets/libertinus-serif-400-c73c9f3b.woff2 HTTP/1.1" 304 0
INFO 2026-04-29 17:15:00,679 basehttp "GET /api/leads/ HTTP/1.1" 200 1310
INFO 2026-04-29 17:15:02,266 basehttp "GET /favicon.ico HTTP/1.1" 200 420
INFO 2026-04-29 17:15:02,319 basehttp "GET /api/dashboard/summary/ HTTP/1.1" 200 592
INFO 2026-04-29 17:15:04,244 basehttp "GET /dashboard HTTP/1.1" 200 420
INFO 2026-04-29 17:15:04,299 basehttp "GET /api/auth/me/ HTTP/1.1" 200 271
INFO 2026-04-29 17:15:04,359 basehttp "GET /favicon.ico HTTP/1.1" 200 420
INFO 2026-04-29 17:15:04,376 basehttp "GET /api/dashboard/summary/ HTTP/1.1" 200 592
INFO 2026-04-29 17:15:25,254 autoreload C:\Users\Welcome\Desktop\CRM\March 24\files\crm\models.py changed, reloading.
INFO 2026-04-29 17:15:26,561 autoreload Watching for file changes with StatReloader
INFO 2026-04-29 17:15:32,517 autoreload C:\Users\Welcome\Desktop\CRM\March 24\files\views.py changed, reloading.
INFO 2026-04-29 17:15:33,718 autoreload Watching for file changes with StatReloader
INFO 2026-04-29 17:17:33,327 autoreload C:\Users\Welcome\Desktop\CRM\March 24\files\crm\models.py changed, reloading.
INFO 2026-04-29 17:17:34,486 autoreload Watching for file changes with StatReloader
INFO 2026-04-29 17:17:43,634 autoreload C:\Users\Welcome\Desktop\CRM\March 24\files\serializers.py changed, reloading.
INFO 2026-04-29 17:17:44,853 autoreload Watching for file changes with StatReloader
INFO 2026-04-29 17:19:15,647 basehttp "GET / HTTP/1.1" 200 420
INFO 2026-04-29 17:19:15,773 basehttp "GET /static/assets/index-3226fd6b.css HTTP/1.1" 200 53972
INFO 2026-04-29 17:19:15,984 basehttp "GET /static/assets/index-1db4e622.js HTTP/1.1" 200 444198
INFO 2026-04-29 17:19:16,342 basehttp "GET /api/auth/me/ HTTP/1.1" 200 271
INFO 2026-04-29 17:19:16,346 basehttp "GET /favicon.ico HTTP/1.1" 200 420
INFO 2026-04-29 17:19:16,372 basehttp "GET /static/assets/brand-logo-05bda913.png HTTP/1.1" 200 572462
INFO 2026-04-29 17:19:16,465 basehttp "GET /static/assets/libertinus-serif-400-c73c9f3b.woff2 HTTP/1.1" 200 23400
INFO 2026-04-29 17:19:16,465 basehttp "GET /static/assets/libertinus-serif-700-8bd2d42a.woff2 HTTP/1.1" 200 23400
INFO 2026-04-29 17:19:16,470 basehttp "GET /static/assets/libertinus-serif-600-9f6e3162.woff2 HTTP/1.1" 200 22872
INFO 2026-04-29 17:19:16,485 basehttp "GET /favicon.ico HTTP/1.1" 200 420
INFO 2026-04-29 17:19:24,622 basehttp "POST /api/auth/login/ HTTP/1.1" 200 866
INFO 2026-04-29 17:19:24,679 basehttp "GET /favicon.ico HTTP/1.1" 200 420
INFO 2026-04-29 17:19:24,700 basehttp "GET /api/branches/ HTTP/1.1" 200 1107
INFO 2026-04-29 17:19:24,728 basehttp "GET /api/dashboard/summary/ HTTP/1.1" 200 598
INFO 2026-04-29 17:19:29,488 basehttp "GET /dashboard HTTP/1.1" 200 420
INFO 2026-04-29 17:19:29,510 basehttp "GET /static/assets/index-1db4e622.js HTTP/1.1" 304 0
INFO 2026-04-29 17:19:29,512 basehttp "GET /static/assets/index-3226fd6b.css HTTP/1.1" 304 0
INFO 2026-04-29 17:19:29,540 basehttp "GET /api/auth/me/ HTTP/1.1" 200 249
INFO 2026-04-29 17:19:29,573 basehttp "GET /static/assets/brand-logo-05bda913.png HTTP/1.1" 304 0
INFO 2026-04-29 17:19:29,591 basehttp "GET /api/branches/ HTTP/1.1" 200 1107
INFO 2026-04-29 17:19:29,602 basehttp "GET /favicon.ico HTTP/1.1" 200 420
INFO 2026-04-29 17:19:29,620 basehttp "GET /api/dashboard/summary/ HTTP/1.1" 200 598
INFO 2026-04-29 17:19:38,547 basehttp "GET /favicon.ico HTTP/1.1" 200 420
INFO 2026-04-29 17:19:38,597 basehttp "POST /api/auth/logout/ HTTP/1.1" 200 37
INFO 2026-04-29 17:19:46,303 basehttp "POST /api/auth/login/ HTTP/1.1" 200 858
INFO 2026-04-29 17:19:46,337 basehttp "GET /favicon.ico HTTP/1.1" 200 420
INFO 2026-04-29 17:19:46,394 basehttp "GET /api/dashboard/summary/ HTTP/1.1" 200 592
INFO 2026-04-29 17:19:50,056 basehttp "GET /favicon.ico HTTP/1.1" 200 420
INFO 2026-04-29 17:19:50,064 basehttp "GET /api/leads/ HTTP/1.1" 200 1310
INFO 2026-04-29 17:19:51,651 basehttp "GET /favicon.ico HTTP/1.1" 200 420
INFO 2026-04-29 17:19:51,658 basehttp "GET /api/branches/ HTTP/1.1" 200 1107
INFO 2026-04-29 17:19:51,689 basehttp "GET /api/leads/7/ HTTP/1.1" 200 1285
INFO 2026-04-29 17:19:51,762 basehttp "GET /api/courses/ HTTP/1.1" 200 13612
INFO 2026-04-29 17:21:52,884 basehttp "GET /favicon.ico HTTP/1.1" 200 420
INFO 2026-04-29 17:21:52,911 basehttp "GET /api/leads/ HTTP/1.1" 200 1310
INFO 2026-04-29 17:24:50,407 basehttp "GET /favicon.ico HTTP/1.1" 200 420
INFO 2026-04-29 17:24:50,426 basehttp "GET /api/branches/ HTTP/1.1" 200 1107
INFO 2026-04-29 17:24:50,432 basehttp "GET /api/leads/7/ HTTP/1.1" 200 1285
INFO 2026-04-29 17:24:50,453 basehttp "GET /api/courses/ HTTP/1.1" 200 13612
WARNING 2026-04-29 17:28:10,457 log Bad Request: /api/leads/7/convert-to-walkin/
WARNING 2026-04-29 17:28:10,459 basehttp "POST /api/leads/7/convert-to-walkin/ HTTP/1.1" 400 51
INFO 2026-04-29 17:28:22,816 basehttp "GET /favicon.ico HTTP/1.1" 200 420
INFO 2026-04-29 17:28:22,893 basehttp "GET /api/walkins/?sectioned=1 HTTP/1.1" 200 2648
INFO 2026-04-29 17:28:22,975 basehttp "GET /api/courses/ HTTP/1.1" 200 13612
INFO 2026-04-29 17:28:24,699 basehttp "GET /api/branches/ HTTP/1.1" 200 1107
INFO 2026-04-29 17:28:24,701 basehttp "GET /api/walkins/11/ HTTP/1.1" 200 827
INFO 2026-04-29 17:28:24,704 basehttp "GET /api/walkins/staff-options/ HTTP/1.1" 200 62
INFO 2026-04-29 17:28:24,704 basehttp "GET /favicon.ico HTTP/1.1" 200 420
INFO 2026-04-29 17:28:24,756 basehttp "GET /api/transfer-requests/?walkin=11 HTTP/1.1" 200 2
INFO 2026-04-29 17:28:24,813 basehttp "GET /api/courses/ HTTP/1.1" 200 13612
INFO 2026-04-29 17:28:24,856 basehttp "GET /api/discounts/?course=43&branch=1&available=1 HTTP/1.1" 200 497
INFO 2026-04-29 17:28:36,953 basehttp "GET /api/discounts/?course=43&branch=3&available=1 HTTP/1.1" 200 2
WARNING 2026-04-29 17:31:24,647 log Bad Request: /api/walkins/11/convert-to-enrollment/
WARNING 2026-04-29 17:31:24,648 basehttp "POST /api/walkins/11/convert-to-enrollment/ HTTP/1.1" 400 46
WARNING 2026-04-29 17:31:31,165 log Bad Request: /api/walkins/11/convert-to-enrollment/
WARNING 2026-04-29 17:31:31,167 basehttp "POST /api/walkins/11/convert-to-enrollment/ HTTP/1.1" 400 46
INFO 2026-04-29 17:31:36,429 basehttp "GET /favicon.ico HTTP/1.1" 200 420
INFO 2026-04-29 17:31:36,461 basehttp "POST /api/auth/logout/ HTTP/1.1" 200 37
WARNING 2026-04-29 17:31:44,012 log Unauthorized: /api/auth/login/
WARNING 2026-04-29 17:31:44,015 basehttp "POST /api/auth/login/ HTTP/1.1" 401 63
INFO 2026-04-29 17:31:44,107 basehttp "GET /login HTTP/1.1" 200 420
INFO 2026-04-29 17:31:44,137 basehttp "GET /static/assets/index-1db4e622.js HTTP/1.1" 304 0
INFO 2026-04-29 17:31:44,138 basehttp "GET /static/assets/index-3226fd6b.css HTTP/1.1" 304 0
INFO 2026-04-29 17:31:44,165 basehttp "GET /static/assets/brand-logo-05bda913.png HTTP/1.1" 304 0
INFO 2026-04-29 17:31:44,480 basehttp "GET /favicon.ico HTTP/1.1" 200 420
INFO 2026-04-29 17:31:51,796 basehttp "POST /api/auth/login/ HTTP/1.1" 200 866
INFO 2026-04-29 17:31:51,846 basehttp "GET /favicon.ico HTTP/1.1" 200 420
INFO 2026-04-29 17:31:51,854 basehttp "GET /api/branches/ HTTP/1.1" 200 1107
INFO 2026-04-29 17:31:51,867 basehttp "GET /api/dashboard/summary/ HTTP/1.1" 200 598
INFO 2026-04-29 17:33:10,407 basehttp "GET /favicon.ico HTTP/1.1" 200 420
INFO 2026-04-29 17:33:10,411 basehttp "GET /api/transfer-requests/ HTTP/1.1" 200 2
INFO 2026-04-29 17:33:13,835 basehttp "GET /admin/transfer-requests HTTP/1.1" 200 420
INFO 2026-04-29 17:33:13,859 basehttp "GET /static/assets/index-1db4e622.js HTTP/1.1" 304 0
INFO 2026-04-29 17:33:13,859 basehttp "GET /static/assets/index-3226fd6b.css HTTP/1.1" 304 0
INFO 2026-04-29 17:33:13,887 basehttp "GET /api/auth/me/ HTTP/1.1" 200 249
INFO 2026-04-29 17:33:13,918 basehttp "GET /static/assets/brand-logo-05bda913.png HTTP/1.1" 304 0
INFO 2026-04-29 17:33:13,938 basehttp "GET /api/transfer-requests/ HTTP/1.1" 200 2
INFO 2026-04-29 17:33:13,944 basehttp "GET /favicon.ico HTTP/1.1" 200 420
INFO 2026-04-29 17:36:17,686 autoreload C:\Users\Welcome\Desktop\CRM\March 24\files\crm\models.py changed, reloading.
INFO 2026-04-29 17:36:18,895 autoreload Watching for file changes with StatReloader
INFO 2026-04-29 17:36:56,050 autoreload C:\Users\Welcome\Desktop\CRM\March 24\files\serializers.py changed, reloading.
INFO 2026-04-29 17:36:57,268 autoreload Watching for file changes with StatReloader
INFO 2026-04-29 17:37:25,799 autoreload C:\Users\Welcome\Desktop\CRM\March 24\files\views.py changed, reloading.
INFO 2026-04-29 17:37:26,954 autoreload Watching for file changes with StatReloader
INFO 2026-04-29 17:37:39,429 autoreload C:\Users\Welcome\Desktop\CRM\March 24\files\urls.py changed, reloading.
INFO 2026-04-29 17:37:40,647 autoreload Watching for file changes with StatReloader
INFO 2026-04-29 17:47:11,447 basehttp "GET /admin/transfer-requests HTTP/1.1" 302 0
INFO 2026-04-29 17:47:11,644 basehttp "GET /admin/login/?next=/admin/transfer-requests HTTP/1.1" 200 4219
INFO 2026-04-29 17:47:11,904 basehttp "GET /static/admin/css/nav_sidebar.css HTTP/1.1" 200 2694
INFO 2026-04-29 17:47:11,912 basehttp "GET /static/admin/css/login.css HTTP/1.1" 200 958
INFO 2026-04-29 17:47:11,912 basehttp "GET /static/admin/css/base.css HTTP/1.1" 200 21310
INFO 2026-04-29 17:47:11,918 basehttp "GET /static/admin/css/responsive.css HTTP/1.1" 200 18559
INFO 2026-04-29 17:47:11,918 basehttp "GET /static/admin/css/dark_mode.css HTTP/1.1" 200 2929
INFO 2026-04-29 17:47:11,930 basehttp "GET /static/admin/js/theme.js HTTP/1.1" 200 1943
INFO 2026-04-29 17:47:11,935 basehttp "GET /static/admin/js/nav_sidebar.js HTTP/1.1" 200 3063
INFO 2026-04-29 17:47:12,294 basehttp "GET /favicon.ico HTTP/1.1" 200 420
INFO 2026-04-29 17:47:14,275 basehttp "GET /static/assets/brand-logo-05bda913.png HTTP/1.1" 200 572462
INFO 2026-04-29 17:47:14,289 basehttp "GET /favicon.ico HTTP/1.1" 200 420
INFO 2026-04-29 17:47:14,292 basehttp "GET /api/branches/ HTTP/1.1" 200 1107
INFO 2026-04-29 17:47:14,310 basehttp "GET /api/dashboard/summary/ HTTP/1.1" 200 598
INFO 2026-04-29 17:47:18,454 basehttp "GET /dashboard HTTP/1.1" 200 420
INFO 2026-04-29 17:47:18,494 basehttp "GET /static/assets/index-2eff051f.css HTTP/1.1" 200 52869
INFO 2026-04-29 17:47:18,564 basehttp "GET /static/assets/index-b7681874.js HTTP/1.1" 200 439087
INFO 2026-04-29 17:47:18,603 basehttp "GET /api/auth/me/ HTTP/1.1" 200 249
INFO 2026-04-29 17:47:18,630 basehttp "GET /static/assets/libertinus-serif-600-9f6e3162.woff2 HTTP/1.1" 200 22872
INFO 2026-04-29 17:47:18,647 basehttp "GET /api/branches/ HTTP/1.1" 200 1107
INFO 2026-04-29 17:47:18,652 basehttp "GET /static/assets/libertinus-serif-700-8bd2d42a.woff2 HTTP/1.1" 200 23400
INFO 2026-04-29 17:47:18,653 basehttp "GET /static/assets/libertinus-serif-400-c73c9f3b.woff2 HTTP/1.1" 200 23400
INFO 2026-04-29 17:47:18,671 basehttp "GET /api/dashboard/summary/ HTTP/1.1" 200 598
INFO 2026-04-29 17:47:18,732 basehttp "GET /favicon.ico HTTP/1.1" 200 420
INFO 2026-04-29 17:47:31,770 basehttp "GET /api/reports/user-performance/?month=2026-04 HTTP/1.1" 200 611
INFO 2026-04-29 17:47:31,771 basehttp "GET /favicon.ico HTTP/1.1" 200 420
INFO 2026-04-29 17:47:39,027 basehttp "GET /favicon.ico HTTP/1.1" 200 420
INFO 2026-04-29 17:47:39,034 basehttp "GET /api/branches/ HTTP/1.1" 200 1107
INFO 2026-04-29 17:47:39,055 basehttp "GET /api/dashboard/summary/ HTTP/1.1" 200 598
INFO 2026-04-29 17:48:42,095 autoreload C:\Users\Welcome\Desktop\CRM\March 24\files\crm\models.py changed, reloading.
INFO 2026-04-29 17:48:43,357 autoreload Watching for file changes with StatReloader
INFO 2026-04-29 17:49:16,057 autoreload C:\Users\Welcome\Desktop\CRM\March 24\files\serializers.py changed, reloading.
INFO 2026-04-29 17:49:17,147 autoreload Watching for file changes with StatReloader
INFO 2026-04-29 17:49:29,397 autoreload C:\Users\Welcome\Desktop\CRM\March 24\files\views.py changed, reloading.
INFO 2026-04-29 17:49:30,483 autoreload Watching for file changes with StatReloader
INFO 2026-04-29 17:50:01,100 autoreload C:\Users\Welcome\Desktop\CRM\March 24\files\views.py changed, reloading.
INFO 2026-04-29 17:50:02,117 autoreload Watching for file changes with StatReloader
INFO 2026-04-29 17:50:37,955 autoreload C:\Users\Welcome\Desktop\CRM\March 24\files\views.py changed, reloading.
INFO 2026-04-29 17:50:39,814 autoreload Watching for file changes with StatReloader
INFO 2026-04-29 17:50:59,432 autoreload C:\Users\Welcome\Desktop\CRM\March 24\files\views.py changed, reloading.
INFO 2026-04-29 17:51:00,513 autoreload Watching for file changes with StatReloader
INFO 2026-04-29 17:56:11,961 autoreload C:\Users\Welcome\Desktop\CRM\March 24\files\views.py changed, reloading.
INFO 2026-04-29 17:56:13,057 autoreload Watching for file changes with StatReloader
INFO 2026-04-29 18:00:14,888 autoreload C:\Users\Welcome\Desktop\CRM\March 24\files\crm\models.py changed, reloading.
INFO 2026-04-29 18:00:16,117 autoreload Watching for file changes with StatReloader
INFO 2026-04-29 18:00:22,806 autoreload C:\Users\Welcome\Desktop\CRM\March 24\files\crm\models.py changed, reloading.
INFO 2026-04-29 18:00:23,832 autoreload Watching for file changes with StatReloader
INFO 2026-04-29 18:00:32,661 autoreload C:\Users\Welcome\Desktop\CRM\March 24\files\crm\models.py changed, reloading.
INFO 2026-04-29 18:00:33,643 autoreload Watching for file changes with StatReloader
INFO 2026-04-29 18:00:41,432 autoreload C:\Users\Welcome\Desktop\CRM\March 24\files\crm\models.py changed, reloading.
INFO 2026-04-29 18:00:42,342 autoreload Watching for file changes with StatReloader
INFO 2026-04-29 18:28:32,371 autoreload C:\Users\Welcome\Desktop\CRM\March 24\files\crm\models.py changed, reloading.
INFO 2026-04-29 18:28:33,744 autoreload Watching for file changes with StatReloader
INFO 2026-04-29 18:33:03,770 autoreload Watching for file changes with StatReloader
INFO 2026-04-29 18:33:14,438 autoreload Watching for file changes with StatReloader
INFO 2026-04-29 18:33:41,871 autoreload C:\Users\Welcome\Desktop\CRM\March 24\files\views.py changed, reloading.
INFO 2026-04-29 18:33:43,083 autoreload Watching for file changes with StatReloader
INFO 2026-04-29 18:33:45,560 autoreload C:\Users\Welcome\Desktop\CRM\March 24\files\views.py changed, reloading.
INFO 2026-04-29 18:33:46,654 autoreload Watching for file changes with StatReloader
INFO 2026-04-29 18:34:06,290 autoreload C:\Users\Welcome\Desktop\CRM\March 24\files\views.py changed, reloading.
INFO 2026-04-29 18:34:07,377 autoreload Watching for file changes with StatReloader
INFO 2026-04-29 18:34:47,575 autoreload Watching for file changes with StatReloader
INFO 2026-04-29 18:35:07,318 autoreload C:\Users\Welcome\Desktop\CRM\March 24\files\crm\models.py changed, reloading.
INFO 2026-04-29 18:35:08,562 autoreload Watching for file changes with StatReloader
INFO 2026-04-29 18:35:14,800 basehttp "GET / HTTP/1.1" 200 420
INFO 2026-04-29 18:35:14,944 basehttp "GET /static/assets/index-af7d902b.css HTTP/1.1" 200 53893
INFO 2026-04-29 18:35:15,198 basehttp "GET /static/assets/index-7c5902d9.js HTTP/1.1" 200 453426
INFO 2026-04-29 18:35:15,576 basehttp "GET /favicon.ico HTTP/1.1" 200 420
INFO 2026-04-29 18:35:15,576 basehttp "GET /api/auth/me/ HTTP/1.1" 200 249
INFO 2026-04-29 18:35:15,614 basehttp "GET /favicon.ico HTTP/1.1" 200 420
INFO 2026-04-29 18:35:15,634 basehttp "GET /static/assets/brand-logo-05bda913.png HTTP/1.1" 200 572462
INFO 2026-04-29 18:35:15,767 basehttp "GET /static/assets/libertinus-serif-700-8bd2d42a.woff2 HTTP/1.1" 200 23400
INFO 2026-04-29 18:35:15,769 basehttp "GET /static/assets/libertinus-serif-400-c73c9f3b.woff2 HTTP/1.1" 200 23400
INFO 2026-04-29 18:35:15,772 basehttp "GET /static/assets/libertinus-serif-600-9f6e3162.woff2 HTTP/1.1" 200 22872
INFO 2026-04-29 18:35:24,443 basehttp "POST /api/auth/login/ HTTP/1.1" 200 866
INFO 2026-04-29 18:35:24,506 basehttp "GET /favicon.ico HTTP/1.1" 200 420
INFO 2026-04-29 18:35:24,527 basehttp "GET /api/branches/ HTTP/1.1" 200 1107
INFO 2026-04-29 18:35:24,573 basehttp "GET /api/dashboard/summary/ HTTP/1.1" 200 636
INFO 2026-04-29 18:35:28,950 basehttp "GET /favicon.ico HTTP/1.1" 200 420
INFO 2026-04-29 18:35:28,992 basehttp "GET /api/branches/ HTTP/1.1" 200 1107
INFO 2026-04-29 18:35:28,993 basehttp "GET /api/users/ HTTP/1.1" 200 523
INFO 2026-04-29 18:35:29,109 basehttp "GET /api/courses/ HTTP/1.1" 200 13612
ERROR 2026-04-29 18:35:29,482 log Internal Server Error: /api/walkins/
Traceback (most recent call last):
  File "C:\Users\Welcome\Desktop\CRM\March 24\files\.venv\lib\site-packages\django\core\handlers\exception.py", line 55, in inner
    response = get_response(request)
  File "C:\Users\Welcome\Desktop\CRM\March 24\files\.venv\lib\site-packages\django\core\handlers\base.py", line 197, in _get_response
    response = wrapped_callback(request, *callback_args, **callback_kwargs)
  File "C:\Users\Welcome\Desktop\CRM\March 24\files\.venv\lib\site-packages\django\views\decorators\csrf.py", line 56, in wrapper_view
    return view_func(*args, **kwargs)
  File "C:\Users\Welcome\Desktop\CRM\March 24\files\.venv\lib\site-packages\rest_framework\viewsets.py", line 125, in view
    return self.dispatch(request, *args, **kwargs)
  File "C:\Users\Welcome\Desktop\CRM\March 24\files\.venv\lib\site-packages\rest_framework\views.py", line 509, in dispatch
    response = self.handle_exception(exc)
  File "C:\Users\Welcome\Desktop\CRM\March 24\files\.venv\lib\site-packages\rest_framework\views.py", line 469, in handle_exception
    self.raise_uncaught_exception(exc)
  File "C:\Users\Welcome\Desktop\CRM\March 24\files\.venv\lib\site-packages\rest_framework\views.py", line 480, in raise_uncaught_exception
    raise exc
  File "C:\Users\Welcome\Desktop\CRM\March 24\files\.venv\lib\site-packages\rest_framework\views.py", line 506, in dispatch
    response = handler(request, *args, **kwargs)
  File "C:\Users\Welcome\Desktop\CRM\March 24\files\views.py", line 938, in list
    'current_month_walkins': current_serializer.data,
  File "C:\Users\Welcome\Desktop\CRM\March 24\files\.venv\lib\site-packages\rest_framework\serializers.py", line 768, in data
    ret = super().data
  File "C:\Users\Welcome\Desktop\CRM\March 24\files\.venv\lib\site-packages\rest_framework\serializers.py", line 253, in data
    self._data = self.to_representation(self.instance)
  File "C:\Users\Welcome\Desktop\CRM\March 24\files\.venv\lib\site-packages\rest_framework\serializers.py", line 686, in to_representation
    return [
  File "C:\Users\Welcome\Desktop\CRM\March 24\files\.venv\lib\site-packages\rest_framework\serializers.py", line 687, in <listcomp>
    self.child.to_representation(item) for item in iterable
  File "C:\Users\Welcome\Desktop\CRM\March 24\files\.venv\lib\site-packages\rest_framework\serializers.py", line 507, in to_representation
    for field in fields:
  File "C:\Users\Welcome\Desktop\CRM\March 24\files\.venv\lib\site-packages\rest_framework\serializers.py", line 368, in _readable_fields
    for field in self.fields.values():
  File "C:\Users\Welcome\Desktop\CRM\March 24\files\.venv\lib\site-packages\django\utils\functional.py", line 57, in __get__
    res = instance.__dict__[self.name] = self.func(instance)
  File "C:\Users\Welcome\Desktop\CRM\March 24\files\.venv\lib\site-packages\rest_framework\serializers.py", line 356, in fields
    for key, value in self.get_fields().items():
  File "C:\Users\Welcome\Desktop\CRM\March 24\files\.venv\lib\site-packages\rest_framework\serializers.py", line 1052, in get_fields
    field_names = self.get_field_names(declared_fields, info)
  File "C:\Users\Welcome\Desktop\CRM\March 24\files\.venv\lib\site-packages\rest_framework\serializers.py", line 1148, in get_field_names
    assert field_name in fields, (
AssertionError: The field 'converted_by_name' was declared on serializer WalkInListSerializer, but has not been included in the 'fields' option.
ERROR 2026-04-29 18:35:29,489 basehttp "GET /api/walkins/?sectioned=1 HTTP/1.1" 500 162537
INFO 2026-04-29 18:35:32,230 basehttp "GET /favicon.ico HTTP/1.1" 200 420
INFO 2026-04-29 18:35:32,250 basehttp "GET /api/leads/ HTTP/1.1" 200 2267
INFO 2026-04-29 18:35:33,975 basehttp "GET /favicon.ico HTTP/1.1" 200 420
INFO 2026-04-29 18:35:34,001 basehttp "GET /api/branches/ HTTP/1.1" 200 1107
INFO 2026-04-29 18:35:34,034 basehttp "GET /api/leads/7/ HTTP/1.1" 200 1442
INFO 2026-04-29 18:35:34,102 basehttp "GET /api/courses/ HTTP/1.1" 200 13612
INFO 2026-04-29 18:35:37,356 basehttp "GET /favicon.ico HTTP/1.1" 200 420
INFO 2026-04-29 18:35:37,373 basehttp "GET /api/users/ HTTP/1.1" 200 523
INFO 2026-04-29 18:35:37,403 basehttp "GET /api/branches/ HTTP/1.1" 200 1107
INFO 2026-04-29 18:35:37,543 basehttp "GET /api/courses/ HTTP/1.1" 200 13612
ERROR 2026-04-29 18:35:37,610 log Internal Server Error: /api/walkins/
Traceback (most recent call last):
  File "C:\Users\Welcome\Desktop\CRM\March 24\files\.venv\lib\site-packages\django\core\handlers\exception.py", line 55, in inner
    response = get_response(request)
  File "C:\Users\Welcome\Desktop\CRM\March 24\files\.venv\lib\site-packages\django\core\handlers\base.py", line 197, in _get_response
    response = wrapped_callback(request, *callback_args, **callback_kwargs)
  File "C:\Users\Welcome\Desktop\CRM\March 24\files\.venv\lib\site-packages\django\views\decorators\csrf.py", line 56, in wrapper_view
    return view_func(*args, **kwargs)
  File "C:\Users\Welcome\Desktop\CRM\March 24\files\.venv\lib\site-packages\rest_framework\viewsets.py", line 125, in view
    return self.dispatch(request, *args, **kwargs)
  File "C:\Users\Welcome\Desktop\CRM\March 24\files\.venv\lib\site-packages\rest_framework\views.py", line 509, in dispatch
    response = self.handle_exception(exc)
  File "C:\Users\Welcome\Desktop\CRM\March 24\files\.venv\lib\site-packages\rest_framework\views.py", line 469, in handle_exception
    self.raise_uncaught_exception(exc)
  File "C:\Users\Welcome\Desktop\CRM\March 24\files\.venv\lib\site-packages\rest_framework\views.py", line 480, in raise_uncaught_exception
    raise exc
  File "C:\Users\Welcome\Desktop\CRM\March 24\files\.venv\lib\site-packages\rest_framework\views.py", line 506, in dispatch
    response = handler(request, *args, **kwargs)
  File "C:\Users\Welcome\Desktop\CRM\March 24\files\views.py", line 938, in list
    'current_month_walkins': current_serializer.data,
  File "C:\Users\Welcome\Desktop\CRM\March 24\files\.venv\lib\site-packages\rest_framework\serializers.py", line 768, in data
    ret = super().data
  File "C:\Users\Welcome\Desktop\CRM\March 24\files\.venv\lib\site-packages\rest_framework\serializers.py", line 253, in data
    self._data = self.to_representation(self.instance)
  File "C:\Users\Welcome\Desktop\CRM\March 24\files\.venv\lib\site-packages\rest_framework\serializers.py", line 686, in to_representation
    return [
  File "C:\Users\Welcome\Desktop\CRM\March 24\files\.venv\lib\site-packages\rest_framework\serializers.py", line 687, in <listcomp>
    self.child.to_representation(item) for item in iterable
  File "C:\Users\Welcome\Desktop\CRM\March 24\files\.venv\lib\site-packages\rest_framework\serializers.py", line 507, in to_representation
    for field in fields:
  File "C:\Users\Welcome\Desktop\CRM\March 24\files\.venv\lib\site-packages\rest_framework\serializers.py", line 368, in _readable_fields
    for field in self.fields.values():
  File "C:\Users\Welcome\Desktop\CRM\March 24\files\.venv\lib\site-packages\django\utils\functional.py", line 57, in __get__
    res = instance.__dict__[self.name] = self.func(instance)
  File "C:\Users\Welcome\Desktop\CRM\March 24\files\.venv\lib\site-packages\rest_framework\serializers.py", line 356, in fields
    for key, value in self.get_fields().items():
  File "C:\Users\Welcome\Desktop\CRM\March 24\files\.venv\lib\site-packages\rest_framework\serializers.py", line 1052, in get_fields
    field_names = self.get_field_names(declared_fields, info)
  File "C:\Users\Welcome\Desktop\CRM\March 24\files\.venv\lib\site-packages\rest_framework\serializers.py", line 1148, in get_field_names
    assert field_name in fields, (
AssertionError: The field 'converted_by_name' was declared on serializer WalkInListSerializer, but has not been included in the 'fields' option.
ERROR 2026-04-29 18:35:37,614 basehttp "GET /api/walkins/?sectioned=1 HTTP/1.1" 500 162537
INFO 2026-04-29 18:35:40,921 basehttp "GET /walkins HTTP/1.1" 200 420
INFO 2026-04-29 18:35:41,029 basehttp "GET /api/auth/me/ HTTP/1.1" 200 249
INFO 2026-04-29 18:35:41,079 basehttp "GET /favicon.ico HTTP/1.1" 200 420
INFO 2026-04-29 18:35:41,102 basehttp "GET /api/users/ HTTP/1.1" 200 523
INFO 2026-04-29 18:35:41,106 basehttp "GET /api/branches/ HTTP/1.1" 200 1107
INFO 2026-04-29 18:35:41,232 basehttp "GET /api/courses/ HTTP/1.1" 200 13612
ERROR 2026-04-29 18:35:41,318 log Internal Server Error: /api/walkins/
Traceback (most recent call last):
  File "C:\Users\Welcome\Desktop\CRM\March 24\files\.venv\lib\site-packages\django\core\handlers\exception.py", line 55, in inner
    response = get_response(request)
  File "C:\Users\Welcome\Desktop\CRM\March 24\files\.venv\lib\site-packages\django\core\handlers\base.py", line 197, in _get_response
    response = wrapped_callback(request, *callback_args, **callback_kwargs)
  File "C:\Users\Welcome\Desktop\CRM\March 24\files\.venv\lib\site-packages\django\views\decorators\csrf.py", line 56, in wrapper_view
    return view_func(*args, **kwargs)
  File "C:\Users\Welcome\Desktop\CRM\March 24\files\.venv\lib\site-packages\rest_framework\viewsets.py", line 125, in view
    return self.dispatch(request, *args, **kwargs)
  File "C:\Users\Welcome\Desktop\CRM\March 24\files\.venv\lib\site-packages\rest_framework\views.py", line 509, in dispatch
    response = self.handle_exception(exc)
  File "C:\Users\Welcome\Desktop\CRM\March 24\files\.venv\lib\site-packages\rest_framework\views.py", line 469, in handle_exception
    self.raise_uncaught_exception(exc)
  File "C:\Users\Welcome\Desktop\CRM\March 24\files\.venv\lib\site-packages\rest_framework\views.py", line 480, in raise_uncaught_exception
    raise exc
  File "C:\Users\Welcome\Desktop\CRM\March 24\files\.venv\lib\site-packages\rest_framework\views.py", line 506, in dispatch
    response = handler(request, *args, **kwargs)
  File "C:\Users\Welcome\Desktop\CRM\March 24\files\views.py", line 938, in list
    'current_month_walkins': current_serializer.data,
  File "C:\Users\Welcome\Desktop\CRM\March 24\files\.venv\lib\site-packages\rest_framework\serializers.py", line 768, in data
    ret = super().data
  File "C:\Users\Welcome\Desktop\CRM\March 24\files\.venv\lib\site-packages\rest_framework\serializers.py", line 253, in data
    self._data = self.to_representation(self.instance)
  File "C:\Users\Welcome\Desktop\CRM\March 24\files\.venv\lib\site-packages\rest_framework\serializers.py", line 686, in to_representation
    return [
  File "C:\Users\Welcome\Desktop\CRM\March 24\files\.venv\lib\site-packages\rest_framework\serializers.py", line 687, in <listcomp>
    self.child.to_representation(item) for item in iterable
  File "C:\Users\Welcome\Desktop\CRM\March 24\files\.venv\lib\site-packages\rest_framework\serializers.py", line 507, in to_representation
    for field in fields:
  File "C:\Users\Welcome\Desktop\CRM\March 24\files\.venv\lib\site-packages\rest_framework\serializers.py", line 368, in _readable_fields
    for field in self.fields.values():
  File "C:\Users\Welcome\Desktop\CRM\March 24\files\.venv\lib\site-packages\django\utils\functional.py", line 57, in __get__
    res = instance.__dict__[self.name] = self.func(instance)
  File "C:\Users\Welcome\Desktop\CRM\March 24\files\.venv\lib\site-packages\rest_framework\serializers.py", line 356, in fields
    for key, value in self.get_fields().items():
  File "C:\Users\Welcome\Desktop\CRM\March 24\files\.venv\lib\site-packages\rest_framework\serializers.py", line 1052, in get_fields
    field_names = self.get_field_names(declared_fields, info)
  File "C:\Users\Welcome\Desktop\CRM\March 24\files\.venv\lib\site-packages\rest_framework\serializers.py", line 1148, in get_field_names
    assert field_name in fields, (
AssertionError: The field 'converted_by_name' was declared on serializer WalkInListSerializer, but has not been included in the 'fields' option.
ERROR 2026-04-29 18:35:41,321 basehttp "GET /api/walkins/?sectioned=1 HTTP/1.1" 500 162536
INFO 2026-04-29 18:35:42,217 basehttp "GET /favicon.ico HTTP/1.1" 200 420
INFO 2026-04-29 18:35:42,225 basehttp "GET /api/leads/ HTTP/1.1" 200 2267
INFO 2026-04-29 18:35:43,555 basehttp "GET /favicon.ico HTTP/1.1" 200 420
INFO 2026-04-29 18:35:43,591 basehttp "GET /api/branches/ HTTP/1.1" 200 1107
INFO 2026-04-29 18:35:43,594 basehttp "GET /api/leads/7/ HTTP/1.1" 200 1442
INFO 2026-04-29 18:35:43,664 basehttp "GET /api/courses/ HTTP/1.1" 200 13612
INFO 2026-04-29 18:35:44,981 basehttp "GET /favicon.ico HTTP/1.1" 200 420
INFO 2026-04-29 18:35:45,015 basehttp "GET /api/branches/ HTTP/1.1" 200 1107
INFO 2026-04-29 18:35:45,033 basehttp "GET /api/walkins/staff-options/ HTTP/1.1" 200 110
INFO 2026-04-29 18:35:45,050 basehttp "GET /api/walkins/11/ HTTP/1.1" 200 986
INFO 2026-04-29 18:35:45,138 basehttp "GET /api/courses/ HTTP/1.1" 200 13612
INFO 2026-04-29 18:35:45,183 basehttp "GET /api/discounts/?course=43&branch=1&available=1 HTTP/1.1" 200 497
INFO 2026-04-29 18:35:52,597 basehttp "GET /favicon.ico HTTP/1.1" 200 420
INFO 2026-04-29 18:35:52,627 basehttp "GET /api/enrollments/6/ HTTP/1.1" 200 1182
INFO 2026-04-29 18:36:08,229 basehttp "GET /favicon.ico HTTP/1.1" 200 420
INFO 2026-04-29 18:36:08,250 basehttp "GET /api/leads/ HTTP/1.1" 200 2267
INFO 2026-04-29 18:36:39,439 basehttp "GET /api/branches/ HTTP/1.1" 200 1107
INFO 2026-04-29 18:36:39,473 basehttp "GET /favicon.ico HTTP/1.1" 200 420
INFO 2026-04-29 18:36:39,529 basehttp "GET /api/courses/ HTTP/1.1" 200 13612
INFO 2026-04-29 18:36:41,076 basehttp "POST /api/auth/heartbeat/ HTTP/1.1" 200 57
INFO 2026-04-29 18:37:41,137 basehttp "POST /api/auth/heartbeat/ HTTP/1.1" 200 57
INFO 2026-04-29 18:37:43,101 basehttp "POST /api/leads/ HTTP/1.1" 201 633
INFO 2026-04-29 18:37:43,129 basehttp "GET /favicon.ico HTTP/1.1" 200 420
INFO 2026-04-29 18:37:43,176 basehttp "GET /api/leads/8/ HTTP/1.1" 200 633
INFO 2026-04-29 18:37:43,179 basehttp "GET /api/branches/ HTTP/1.1" 200 1107
INFO 2026-04-29 18:37:43,248 basehttp "GET /api/courses/ HTTP/1.1" 200 13612
INFO 2026-04-29 18:38:26,170 basehttp "POST /api/leads/8/convert-to-walkin/ HTTP/1.1" 201 909
INFO 2026-04-29 18:38:41,130 basehttp "POST /api/auth/heartbeat/ HTTP/1.1" 200 57
INFO 2026-04-29 18:38:52,532 basehttp "POST /api/leads/8/follow-ups/ HTTP/1.1" 201 234
INFO 2026-04-29 18:39:00,480 basehttp "GET /favicon.ico HTTP/1.1" 200 420
INFO 2026-04-29 18:39:00,510 basehttp "GET /api/branches/ HTTP/1.1" 200 1107
INFO 2026-04-29 18:39:00,526 basehttp "GET /api/walkins/staff-options/ HTTP/1.1" 200 110
INFO 2026-04-29 18:39:00,528 basehttp "GET /api/walkins/12/ HTTP/1.1" 200 909
INFO 2026-04-29 18:39:00,613 basehttp "GET /api/courses/ HTTP/1.1" 200 13612
INFO 2026-04-29 18:39:00,656 basehttp "GET /api/discounts/?course=1&branch=1&available=1 HTTP/1.1" 200 497
INFO 2026-04-29 18:39:18,039 basehttp "POST /api/walkins/12/follow-ups/ HTTP/1.1" 201 226
INFO 2026-04-29 18:39:24,864 basehttp "POST /api/walkins/12/convert-to-enrollment/ HTTP/1.1" 201 1198
INFO 2026-04-29 18:39:29,063 basehttp "GET /favicon.ico HTTP/1.1" 200 420
INFO 2026-04-29 18:39:29,093 basehttp "GET /api/enrollments/7/ HTTP/1.1" 200 1198
INFO 2026-04-29 18:39:36,805 basehttp "PATCH /api/enrollments/7/ HTTP/1.1" 200 1220
INFO 2026-04-29 18:39:36,853 basehttp "POST /api/enrollments/7/send-rules-form/ HTTP/1.1" 200 436
INFO 2026-04-29 18:39:42,091 basehttp "POST /api/auth/heartbeat/ HTTP/1.1" 200 57
INFO 2026-04-29 18:40:42,093 basehttp "POST /api/auth/heartbeat/ HTTP/1.1" 200 57
INFO 2026-04-29 18:41:42,095 basehttp "POST /api/auth/heartbeat/ HTTP/1.1" 200 57
INFO 2026-04-29 18:43:02,054 basehttp "POST /api/auth/heartbeat/ HTTP/1.1" 200 57
INFO 2026-04-29 18:44:02,046 basehttp "POST /api/auth/heartbeat/ HTTP/1.1" 200 57
INFO 2026-04-29 18:45:02,042 basehttp "POST /api/auth/heartbeat/ HTTP/1.1" 200 57
INFO 2026-04-29 18:46:02,090 basehttp "POST /api/auth/heartbeat/ HTTP/1.1" 200 57
INFO 2026-04-29 18:47:02,105 basehttp "POST /api/auth/heartbeat/ HTTP/1.1" 200 57
INFO 2026-04-29 18:47:47,015 basehttp "POST /api/auth/heartbeat/ HTTP/1.1" 200 57
INFO 2026-04-29 18:48:05,066 basehttp "GET /favicon.ico HTTP/1.1" 200 420
INFO 2026-04-29 18:48:05,081 basehttp "POST /api/auth/logout/ HTTP/1.1" 200 37
INFO 2026-04-29 18:48:15,818 basehttp "POST /api/auth/login/ HTTP/1.1" 200 858
INFO 2026-04-29 18:48:15,851 basehttp "GET /favicon.ico HTTP/1.1" 200 420
INFO 2026-04-29 18:48:15,908 basehttp "GET /api/dashboard/summary/ HTTP/1.1" 200 782
INFO 2026-04-29 18:49:16,037 basehttp "POST /api/auth/heartbeat/ HTTP/1.1" 200 57
INFO 2026-04-29 18:49:31,515 basehttp "GET /favicon.ico HTTP/1.1" 200 420
INFO 2026-04-29 18:49:31,553 basehttp "GET /api/payments/?status=pending&due_this_week=1 HTTP/1.1" 200 3288
INFO 2026-04-29 18:49:39,676 basehttp "GET /api/payments/3/ HTTP/1.1" 200 1584
INFO 2026-04-29 18:49:39,684 basehttp "GET /favicon.ico HTTP/1.1" 200 420
INFO 2026-04-29 18:49:44,728 basehttp "GET /favicon.ico HTTP/1.1" 200 420
INFO 2026-04-29 18:49:44,734 basehttp "GET /api/branches/ HTTP/1.1" 200 1107
INFO 2026-04-29 18:49:44,785 basehttp "GET /api/enrollments/ HTTP/1.1" 200 2062
INFO 2026-04-29 18:49:44,869 basehttp "GET /api/courses/ HTTP/1.1" 200 13612
INFO 2026-04-29 18:49:49,707 basehttp "GET /favicon.ico HTTP/1.1" 200 420
INFO 2026-04-29 18:49:49,737 basehttp "GET /api/enrollments/7/ HTTP/1.1" 200 1217
INFO 2026-04-29 18:49:54,826 basehttp "GET /favicon.ico HTTP/1.1" 200 420
INFO 2026-04-29 18:49:54,865 basehttp "GET /api/enrollments/7/ HTTP/1.1" 200 1217
INFO 2026-04-29 18:50:00,462 basehttp "GET /favicon.ico HTTP/1.1" 200 420
INFO 2026-04-29 18:50:00,507 basehttp "GET /api/payments/ HTTP/1.1" 200 3288
INFO 2026-04-29 18:50:02,963 basehttp "GET /favicon.ico HTTP/1.1" 200 420
INFO 2026-04-29 18:50:02,985 basehttp "GET /api/payments/7/ HTTP/1.1" 200 322
INFO 2026-04-29 18:50:15,908 basehttp "POST /api/auth/heartbeat/ HTTP/1.1" 200 57
INFO 2026-04-29 18:50:33,613 basehttp "GET /favicon.ico HTTP/1.1" 200 420
INFO 2026-04-29 18:50:33,664 basehttp "GET /api/dashboard/summary/ HTTP/1.1" 200 782
INFO 2026-04-29 18:50:37,121 basehttp "GET /favicon.ico HTTP/1.1" 200 420
INFO 2026-04-29 18:50:37,155 basehttp "GET /api/payments/?status=pending&due_this_week=1 HTTP/1.1" 200 3288
INFO 2026-04-29 18:51:16,090 basehttp "POST /api/auth/heartbeat/ HTTP/1.1" 200 57
INFO 2026-04-29 18:52:16,093 basehttp "POST /api/auth/heartbeat/ HTTP/1.1" 200 57
INFO 2026-04-29 18:53:16,093 basehttp "POST /api/auth/heartbeat/ HTTP/1.1" 200 57
INFO 2026-04-29 18:54:16,035 basehttp "POST /api/auth/heartbeat/ HTTP/1.1" 200 57
INFO 2026-04-29 18:54:46,506 autoreload C:\Users\Welcome\Desktop\CRM\March 24\files\crm\models.py changed, reloading.
INFO 2026-04-29 18:54:47,919 autoreload Watching for file changes with StatReloader
INFO 2026-04-29 18:55:05,293 autoreload C:\Users\Welcome\Desktop\CRM\March 24\files\serializers.py changed, reloading.
INFO 2026-04-29 18:55:06,746 autoreload Watching for file changes with StatReloader
INFO 2026-04-29 18:55:18,542 autoreload C:\Users\Welcome\Desktop\CRM\March 24\files\views.py changed, reloading.
INFO 2026-04-29 18:55:19,778 autoreload Watching for file changes with StatReloader
INFO 2026-04-29 18:55:32,641 autoreload C:\Users\Welcome\Desktop\CRM\March 24\files\views.py changed, reloading.
INFO 2026-04-29 18:55:33,946 autoreload Watching for file changes with StatReloader
INFO 2026-04-29 18:56:45,318 autoreload C:\Users\Welcome\Desktop\CRM\March 24\files\views.py changed, reloading.
INFO 2026-04-29 18:56:46,512 autoreload Watching for file changes with StatReloader
INFO 2026-04-29 18:58:02,115 basehttp "POST /api/auth/heartbeat/ HTTP/1.1" 200 57
INFO 2026-04-29 18:58:22,270 basehttp "POST /api/auth/heartbeat/ HTTP/1.1" 200 57
INFO 2026-04-29 18:58:23,858 basehttp "GET /payments?status=pending&due_this_week=1 HTTP/1.1" 200 420
INFO 2026-04-29 18:58:24,087 basehttp "GET /static/assets/index-5cc51977.css HTTP/1.1" 200 53956
INFO 2026-04-29 18:58:24,303 basehttp "GET /static/assets/index-05a2c314.js HTTP/1.1" 200 456988
INFO 2026-04-29 18:58:24,579 basehttp "GET /static/assets/libertinus-serif-600-9f6e3162.woff2 HTTP/1.1" 200 22872
INFO 2026-04-29 18:58:24,638 basehttp "GET /favicon.ico HTTP/1.1" 200 420
INFO 2026-04-29 18:58:24,654 basehttp "GET /api/auth/me/ HTTP/1.1" 200 271
INFO 2026-04-29 18:58:24,728 basehttp "GET /api/payments/?status=pending&due_this_week=1 HTTP/1.1" 200 4556
INFO 2026-04-29 18:58:24,741 basehttp "GET /static/assets/brand-logo-05bda913.png HTTP/1.1" 200 572462
INFO 2026-04-29 18:58:24,758 basehttp "GET /static/assets/libertinus-serif-700-8bd2d42a.woff2 HTTP/1.1" 200 23400
INFO 2026-04-29 18:58:24,760 basehttp "GET /static/assets/libertinus-serif-400-c73c9f3b.woff2 HTTP/1.1" 200 23400
INFO 2026-04-29 18:58:27,189 basehttp "GET /favicon.ico HTTP/1.1" 200 420
INFO 2026-04-29 18:58:27,245 basehttp "GET /api/dashboard/summary/ HTTP/1.1" 200 782
INFO 2026-04-29 18:58:31,758 basehttp "GET /favicon.ico HTTP/1.1" 200 420
INFO 2026-04-29 18:58:31,794 basehttp "GET /api/payments/?status=pending&due_this_week=1 HTTP/1.1" 200 4556
INFO 2026-04-29 18:58:33,840 basehttp "GET /favicon.ico HTTP/1.1" 200 420
INFO 2026-04-29 18:58:33,869 basehttp "GET /api/payments/3/ HTTP/1.1" 200 1838
INFO 2026-04-29 18:58:56,475 basehttp "GET /favicon.ico HTTP/1.1" 200 420
INFO 2026-04-29 18:58:56,525 basehttp "GET /api/dashboard/summary/ HTTP/1.1" 200 782
INFO 2026-04-29 18:58:59,172 basehttp "GET /favicon.ico HTTP/1.1" 200 420
INFO 2026-04-29 18:58:59,198 basehttp "GET /api/payments/3/ HTTP/1.1" 200 1838
INFO 2026-04-30 10:16:46,065 autoreload Watching for file changes with StatReloader
INFO 2026-04-30 10:16:52,256 basehttp "GET / HTTP/1.1" 200 420
INFO 2026-04-30 10:16:52,319 basehttp "GET /static/assets/index-05a2c314.js HTTP/1.1" 304 0
INFO 2026-04-30 10:16:52,320 basehttp "GET /static/assets/index-5cc51977.css HTTP/1.1" 304 0
INFO 2026-04-30 10:16:53,089 basehttp "GET /favicon.ico HTTP/1.1" 200 420
WARNING 2026-04-30 10:16:53,103 log Unauthorized: /api/auth/me/
WARNING 2026-04-30 10:16:53,130 basehttp "GET /api/auth/me/ HTTP/1.1" 401 183
INFO 2026-04-30 10:16:53,163 basehttp "POST /api/auth/token/refresh/ HTTP/1.1" 200 705
INFO 2026-04-30 10:16:53,202 basehttp "GET /api/auth/me/ HTTP/1.1" 200 271
INFO 2026-04-30 10:16:53,227 basehttp "GET /static/assets/brand-logo-05bda913.png HTTP/1.1" 304 0
INFO 2026-04-30 10:16:53,327 basehttp "GET /static/assets/libertinus-serif-700-8bd2d42a.woff2 HTTP/1.1" 304 0
INFO 2026-04-30 10:16:53,331 basehttp "GET /static/assets/libertinus-serif-400-c73c9f3b.woff2 HTTP/1.1" 304 0
INFO 2026-04-30 10:16:53,334 basehttp "GET /favicon.ico HTTP/1.1" 200 420
INFO 2026-04-30 10:16:53,336 basehttp "GET /static/assets/libertinus-serif-600-9f6e3162.woff2 HTTP/1.1" 304 0
INFO 2026-04-30 10:17:05,365 basehttp "POST /api/auth/login/ HTTP/1.1" 200 866
INFO 2026-04-30 10:17:05,437 basehttp "GET /favicon.ico HTTP/1.1" 200 420
INFO 2026-04-30 10:17:05,451 basehttp "GET /api/branches/ HTTP/1.1" 200 1107
INFO 2026-04-30 10:17:05,497 basehttp "GET /api/dashboard/summary/ HTTP/1.1" 200 640
INFO 2026-04-30 10:17:09,863 basehttp "GET /favicon.ico HTTP/1.1" 200 420
INFO 2026-04-30 10:17:09,944 basehttp "GET /api/payments/ HTTP/1.1" 200 7698
INFO 2026-04-30 10:17:12,417 basehttp "GET /favicon.ico HTTP/1.1" 200 420
INFO 2026-04-30 10:17:12,449 basehttp "GET /api/payments/1/ HTTP/1.1" 200 921
INFO 2026-04-30 10:17:27,640 basehttp "GET /favicon.ico HTTP/1.1" 200 420
INFO 2026-04-30 10:17:27,660 basehttp "GET /api/branches/ HTTP/1.1" 200 1107
INFO 2026-04-30 10:17:27,692 basehttp "GET /api/dashboard/summary/ HTTP/1.1" 200 640
INFO 2026-04-30 10:18:05,743 basehttp "POST /api/auth/heartbeat/ HTTP/1.1" 200 57
INFO 2026-04-30 10:19:05,701 basehttp "POST /api/auth/heartbeat/ HTTP/1.1" 200 57
INFO 2026-04-30 10:20:05,742 basehttp "POST /api/auth/heartbeat/ HTTP/1.1" 200 57
INFO 2026-04-30 10:21:05,512 basehttp "POST /api/auth/heartbeat/ HTTP/1.1" 200 57
INFO 2026-04-30 10:22:05,459 basehttp "POST /api/auth/heartbeat/ HTTP/1.1" 200 57
INFO 2026-04-30 10:23:05,450 basehttp "POST /api/auth/heartbeat/ HTTP/1.1" 200 57
INFO 2026-04-30 10:24:05,507 basehttp "POST /api/auth/heartbeat/ HTTP/1.1" 200 57
INFO 2026-04-30 10:25:05,736 basehttp "POST /api/auth/heartbeat/ HTTP/1.1" 200 57
INFO 2026-04-30 10:27:01,734 basehttp "POST /api/auth/heartbeat/ HTTP/1.1" 200 57
INFO 2026-04-30 10:28:01,741 basehttp "POST /api/auth/heartbeat/ HTTP/1.1" 200 57
INFO 2026-04-30 10:28:50,746 basehttp "POST /api/auth/heartbeat/ HTTP/1.1" 200 57
INFO 2026-04-30 10:28:51,981 basehttp "GET /dashboard HTTP/1.1" 200 420
INFO 2026-04-30 10:28:52,417 basehttp "GET /favicon.ico HTTP/1.1" 200 420
INFO 2026-04-30 10:28:52,450 basehttp "GET /api/auth/me/ HTTP/1.1" 200 249
INFO 2026-04-30 10:28:52,466 basehttp "GET /api/branches/ HTTP/1.1" 200 1107
INFO 2026-04-30 10:28:52,481 basehttp "GET /api/dashboard/summary/ HTTP/1.1" 200 640
INFO 2026-04-30 10:28:55,960 basehttp "GET /favicon.ico HTTP/1.1" 200 420
INFO 2026-04-30 10:28:55,962 basehttp "GET /api/branches/ HTTP/1.1" 200 1107
INFO 2026-04-30 10:28:56,037 basehttp "GET /api/enrollments/ HTTP/1.1" 200 3419
INFO 2026-04-30 10:28:56,108 basehttp "GET /api/courses/ HTTP/1.1" 200 13612
INFO 2026-04-30 10:28:58,430 basehttp "GET /students HTTP/1.1" 200 420
INFO 2026-04-30 10:28:58,529 basehttp "GET /favicon.ico HTTP/1.1" 200 420
INFO 2026-04-30 10:28:58,544 basehttp "GET /api/auth/me/ HTTP/1.1" 200 249
INFO 2026-04-30 10:28:58,626 basehttp "GET /api/branches/ HTTP/1.1" 200 1107
INFO 2026-04-30 10:28:58,667 basehttp "GET /api/enrollments/ HTTP/1.1" 200 3419
INFO 2026-04-30 10:28:58,741 basehttp "GET /api/courses/ HTTP/1.1" 200 13612
INFO 2026-04-30 10:28:59,298 basehttp "GET /students HTTP/1.1" 200 420
INFO 2026-04-30 10:28:59,370 basehttp "GET /favicon.ico HTTP/1.1" 200 420
INFO 2026-04-30 10:28:59,407 basehttp "GET /api/auth/me/ HTTP/1.1" 200 249
INFO 2026-04-30 10:28:59,456 basehttp "GET /api/branches/ HTTP/1.1" 200 1107
INFO 2026-04-30 10:28:59,480 basehttp "GET /api/enrollments/ HTTP/1.1" 200 3419
INFO 2026-04-30 10:28:59,501 basehttp "GET /students HTTP/1.1" 200 420
INFO 2026-04-30 10:28:59,601 basehttp "GET /api/auth/me/ HTTP/1.1" 200 249
INFO 2026-04-30 10:28:59,619 basehttp - Broken pipe from ('127.0.0.1', 62576)
INFO 2026-04-30 10:28:59,663 basehttp "GET /api/branches/ HTTP/1.1" 200 1107
INFO 2026-04-30 10:28:59,684 basehttp "GET /favicon.ico HTTP/1.1" 200 420
INFO 2026-04-30 10:28:59,713 basehttp "GET /students HTTP/1.1" 200 420
INFO 2026-04-30 10:28:59,728 basehttp "GET /api/enrollments/ HTTP/1.1" 200 3419
INFO 2026-04-30 10:28:59,783 basehttp - Broken pipe from ('127.0.0.1', 53198)
INFO 2026-04-30 10:28:59,864 basehttp "GET /api/auth/me/ HTTP/1.1" 200 249
INFO 2026-04-30 10:28:59,916 basehttp "GET /favicon.ico HTTP/1.1" 200 420
INFO 2026-04-30 10:28:59,929 basehttp "GET /api/branches/ HTTP/1.1" 200 1107
INFO 2026-04-30 10:28:59,969 basehttp "GET /api/enrollments/ HTTP/1.1" 200 3419
INFO 2026-04-30 10:29:00,054 basehttp "GET /api/courses/ HTTP/1.1" 200 13612
INFO 2026-04-30 10:29:01,063 basehttp "GET /favicon.ico HTTP/1.1" 200 420
INFO 2026-04-30 10:29:01,081 basehttp "GET /api/branches/ HTTP/1.1" 200 1107
INFO 2026-04-30 10:29:01,107 basehttp "GET /api/dashboard/summary/ HTTP/1.1" 200 640
INFO 2026-04-30 10:29:15,402 autoreload Watching for file changes with StatReloader
INFO 2026-04-30 10:29:17,545 basehttp "GET / HTTP/1.1" 200 420
INFO 2026-04-30 10:29:18,037 basehttp "GET /favicon.ico HTTP/1.1" 200 420
INFO 2026-04-30 10:29:18,097 basehttp "GET /api/auth/me/ HTTP/1.1" 200 249
INFO 2026-04-30 10:29:18,239 basehttp "GET /favicon.ico HTTP/1.1" 200 420
INFO 2026-04-30 10:29:29,965 basehttp "POST /api/auth/login/ HTTP/1.1" 200 858
INFO 2026-04-30 10:29:30,029 basehttp "GET /favicon.ico HTTP/1.1" 200 420
INFO 2026-04-30 10:29:30,088 basehttp "GET /api/dashboard/summary/ HTTP/1.1" 200 782
INFO 2026-04-30 10:29:35,306 basehttp "GET /dashboard HTTP/1.1" 200 420
INFO 2026-04-30 10:29:35,407 basehttp "GET /favicon.ico HTTP/1.1" 200 420
INFO 2026-04-30 10:29:35,414 basehttp "GET /api/auth/me/ HTTP/1.1" 200 271
INFO 2026-04-30 10:29:35,472 basehttp "GET /api/dashboard/summary/ HTTP/1.1" 200 782
INFO 2026-04-30 10:29:37,922 basehttp "GET /favicon.ico HTTP/1.1" 200 420
INFO 2026-04-30 10:29:38,010 basehttp "POST /api/auth/logout/ HTTP/1.1" 200 37
INFO 2026-04-30 10:29:44,517 basehttp "POST /api/auth/login/ HTTP/1.1" 200 866
INFO 2026-04-30 10:29:44,562 basehttp "GET /favicon.ico HTTP/1.1" 200 420
INFO 2026-04-30 10:29:44,577 basehttp "GET /api/branches/ HTTP/1.1" 200 1107
INFO 2026-04-30 10:29:44,616 basehttp "GET /api/dashboard/summary/ HTTP/1.1" 200 640
INFO 2026-04-30 10:30:44,724 basehttp "POST /api/auth/heartbeat/ HTTP/1.1" 200 57
INFO 2026-04-30 10:31:44,809 basehttp "POST /api/auth/heartbeat/ HTTP/1.1" 200 57
INFO 2026-04-30 10:32:44,691 basehttp "POST /api/auth/heartbeat/ HTTP/1.1" 200 57
INFO 2026-04-30 10:33:44,747 basehttp "POST /api/auth/heartbeat/ HTTP/1.1" 200 57
INFO 2026-04-30 10:34:44,731 basehttp "POST /api/auth/heartbeat/ HTTP/1.1" 200 57
INFO 2026-04-30 10:35:05,326 basehttp "GET /dashboard HTTP/1.1" 200 420
INFO 2026-04-30 10:35:05,631 basehttp "GET /favicon.ico HTTP/1.1" 200 420
INFO 2026-04-30 10:35:05,666 basehttp "GET /api/auth/me/ HTTP/1.1" 200 249
INFO 2026-04-30 10:35:05,724 basehttp "GET /api/branches/ HTTP/1.1" 200 1107
INFO 2026-04-30 10:35:05,732 basehttp "GET /api/dashboard/summary/ HTTP/1.1" 200 640
INFO 2026-04-30 10:35:10,483 basehttp "GET /favicon.ico HTTP/1.1" 200 420
INFO 2026-04-30 10:35:10,488 basehttp "GET /api/branch-targets/ HTTP/1.1" 200 277
INFO 2026-04-30 10:35:10,491 basehttp "GET /api/branches/ HTTP/1.1" 200 1107
INFO 2026-04-30 10:35:13,843 basehttp "GET /favicon.ico HTTP/1.1" 200 420
INFO 2026-04-30 10:35:13,852 basehttp "GET /api/branches/ HTTP/1.1" 200 1107
INFO 2026-04-30 10:35:13,871 basehttp "GET /api/dashboard/summary/ HTTP/1.1" 200 640
INFO 2026-04-30 10:35:16,274 basehttp "GET /dashboard HTTP/1.1" 200 420
INFO 2026-04-30 10:35:16,351 basehttp "GET /favicon.ico HTTP/1.1" 200 420
INFO 2026-04-30 10:35:16,371 basehttp "GET /api/auth/me/ HTTP/1.1" 200 249
INFO 2026-04-30 10:35:16,427 basehttp "GET /api/branches/ HTTP/1.1" 200 1107
INFO 2026-04-30 10:35:16,448 basehttp "GET /api/dashboard/summary/ HTTP/1.1" 200 640
INFO 2026-04-30 10:36:16,739 basehttp "POST /api/auth/heartbeat/ HTTP/1.1" 200 57
INFO 2026-04-30 10:37:02,249 basehttp "GET /dashboard HTTP/1.1" 200 420
INFO 2026-04-30 10:37:02,328 basehttp "GET /favicon.ico HTTP/1.1" 200 420
INFO 2026-04-30 10:37:03,532 basehttp "GET /api/auth/me/ HTTP/1.1" 200 249
INFO 2026-04-30 10:37:03,551 basehttp "GET /api/branches/ HTTP/1.1" 200 1107
INFO 2026-04-30 10:37:03,562 basehttp "GET /api/dashboard/summary/ HTTP/1.1" 200 585
INFO 2026-04-30 10:37:08,800 basehttp "GET /favicon.ico HTTP/1.1" 200 420
INFO 2026-04-30 10:37:08,808 basehttp "GET /api/leads/ HTTP/1.1" 200 2
INFO 2026-04-30 10:37:10,132 basehttp "GET /favicon.ico HTTP/1.1" 200 420
INFO 2026-04-30 10:37:10,135 basehttp "GET /api/users/ HTTP/1.1" 200 523
INFO 2026-04-30 10:37:10,138 basehttp "GET /api/branches/ HTTP/1.1" 200 1107
INFO 2026-04-30 10:37:10,153 basehttp "GET /api/walkins/?sectioned=1 HTTP/1.1" 200 95
INFO 2026-04-30 10:37:10,179 basehttp "GET /api/courses/ HTTP/1.1" 200 13612
INFO 2026-04-30 10:37:11,411 basehttp "GET /favicon.ico HTTP/1.1" 200 420
INFO 2026-04-30 10:37:11,421 basehttp "GET /api/branches/ HTTP/1.1" 200 1107
INFO 2026-04-30 10:37:11,424 basehttp "GET /api/enrollments/ HTTP/1.1" 200 2
INFO 2026-04-30 10:37:11,447 basehttp "GET /api/courses/ HTTP/1.1" 200 13612
INFO 2026-04-30 10:37:12,444 basehttp "GET /api/branches/ HTTP/1.1" 200 1107
INFO 2026-04-30 10:37:12,454 basehttp "GET /api/enrollments/ HTTP/1.1" 200 2
INFO 2026-04-30 10:37:12,475 basehttp "GET /api/courses/ HTTP/1.1" 200 13612
INFO 2026-04-30 10:37:12,712 basehttp "GET /favicon.ico HTTP/1.1" 200 420
INFO 2026-04-30 10:37:14,310 basehttp "GET /favicon.ico HTTP/1.1" 200 420
INFO 2026-04-30 10:37:14,345 basehttp "GET /api/courses/ HTTP/1.1" 200 13612
INFO 2026-04-30 10:37:25,997 basehttp "GET /favicon.ico HTTP/1.1" 200 420
INFO 2026-04-30 10:37:26,004 basehttp "GET /api/branches/ HTTP/1.1" 200 1107
INFO 2026-04-30 10:37:26,019 basehttp "GET /api/dashboard/summary/ HTTP/1.1" 200 585
INFO 2026-04-30 10:38:03,563 basehttp "POST /api/auth/heartbeat/ HTTP/1.1" 200 57
INFO 2026-04-30 10:38:23,701 autoreload C:\Users\Welcome\Desktop\CRM\March 24\files\crm\models.py changed, reloading.
INFO 2026-04-30 10:38:31,152 autoreload Watching for file changes with StatReloader
INFO 2026-04-30 10:38:41,267 autoreload C:\Users\Welcome\Desktop\CRM\March 24\files\serializers.py changed, reloading.
INFO 2026-04-30 10:38:42,406 autoreload Watching for file changes with StatReloader
INFO 2026-04-30 10:38:49,453 autoreload C:\Users\Welcome\Desktop\CRM\March 24\files\views.py changed, reloading.
INFO 2026-04-30 10:38:50,772 autoreload Watching for file changes with StatReloader
INFO 2026-04-30 10:39:03,749 basehttp "POST /api/auth/heartbeat/ HTTP/1.1" 200 57
INFO 2026-04-30 10:39:04,435 autoreload C:\Users\Welcome\Desktop\CRM\March 24\files\views.py changed, reloading.
INFO 2026-04-30 10:39:05,432 autoreload Watching for file changes with StatReloader
INFO 2026-04-30 10:39:11,404 autoreload C:\Users\Welcome\Desktop\CRM\March 24\files\views.py changed, reloading.
INFO 2026-04-30 10:39:12,420 autoreload Watching for file changes with StatReloader
INFO 2026-04-30 10:39:21,696 autoreload C:\Users\Welcome\Desktop\CRM\March 24\files\urls.py changed, reloading.
INFO 2026-04-30 10:39:22,685 autoreload Watching for file changes with StatReloader
INFO 2026-04-30 10:47:17,502 basehttp "POST /api/auth/heartbeat/ HTTP/1.1" 200 57
INFO 2026-04-30 10:48:03,692 basehttp "POST /api/auth/heartbeat/ HTTP/1.1" 200 57
INFO 2026-04-30 10:49:03,684 basehttp "POST /api/auth/heartbeat/ HTTP/1.1" 200 57
INFO 2026-04-30 10:49:57,393 autoreload C:\Users\Welcome\Desktop\CRM\March 24\files\crm\admin.py changed, reloading.
INFO 2026-04-30 10:49:58,555 autoreload Watching for file changes with StatReloader
INFO 2026-04-30 10:50:03,704 basehttp "POST /api/auth/heartbeat/ HTTP/1.1" 200 57
INFO 2026-04-30 10:52:01,728 basehttp "POST /api/auth/heartbeat/ HTTP/1.1" 200 57
INFO 2026-04-30 10:54:01,694 basehttp "POST /api/auth/heartbeat/ HTTP/1.1" 200 57
INFO 2026-04-30 10:54:07,035 basehttp "GET /api/admin/user-monitoring/ HTTP/1.1" 200 589
INFO 2026-04-30 10:54:07,066 basehttp "GET /favicon.ico HTTP/1.1" 200 420
INFO 2026-04-30 10:55:03,689 basehttp "POST /api/auth/heartbeat/ HTTP/1.1" 200 57
INFO 2026-04-30 10:57:01,727 basehttp "POST /api/auth/heartbeat/ HTTP/1.1" 200 57
INFO 2026-04-30 10:58:13,654 basehttp "POST /api/auth/heartbeat/ HTTP/1.1" 200 57
INFO 2026-04-30 10:58:14,816 basehttp "GET /admin/user-monitoring HTTP/1.1" 200 420
INFO 2026-04-30 10:58:14,938 basehttp "GET /static/assets/index-6fe780ec.css HTTP/1.1" 200 55007
INFO 2026-04-30 10:58:15,129 basehttp "GET /static/assets/index-33147d18.js HTTP/1.1" 200 467450
INFO 2026-04-30 10:58:15,428 basehttp "GET /favicon.ico HTTP/1.1" 200 420
INFO 2026-04-30 10:58:15,442 basehttp "GET /api/auth/me/ HTTP/1.1" 200 249
INFO 2026-04-30 10:58:15,472 basehttp "GET /api/admin/user-monitoring/ HTTP/1.1" 200 589
INFO 2026-04-30 10:58:16,338 basehttp "GET /favicon.ico HTTP/1.1" 200 420
INFO 2026-04-30 10:58:16,343 basehttp "GET /api/branches/ HTTP/1.1" 200 1107
INFO 2026-04-30 10:58:16,349 basehttp "GET /api/dashboard/historical-analytics/?year=2025&branch=all HTTP/1.1" 200 842
INFO 2026-04-30 10:58:16,366 basehttp "GET /api/dashboard/summary/ HTTP/1.1" 200 585
INFO 2026-04-30 10:58:22,574 basehttp "GET /api/dashboard/historical-analytics/?year=2023&branch=all HTTP/1.1" 200 842
INFO 2026-04-30 10:58:24,540 basehttp "GET /api/dashboard/historical-analytics/?year=2024&branch=all HTTP/1.1" 200 842
INFO 2026-04-30 10:58:29,795 basehttp "GET /dashboard HTTP/1.1" 200 420
INFO 2026-04-30 10:58:29,877 basehttp "GET /favicon.ico HTTP/1.1" 200 420
INFO 2026-04-30 10:58:29,889 basehttp "GET /api/auth/me/ HTTP/1.1" 200 249
INFO 2026-04-30 10:58:29,941 basehttp "GET /api/branches/ HTTP/1.1" 200 1107
INFO 2026-04-30 10:58:29,943 basehttp "GET /api/dashboard/historical-analytics/?year=2025&branch=all HTTP/1.1" 200 842
INFO 2026-04-30 10:58:29,953 basehttp "GET /api/dashboard/summary/ HTTP/1.1" 200 585
INFO 2026-04-30 10:59:30,005 basehttp "POST /api/auth/heartbeat/ HTTP/1.1" 200 57
INFO 2026-04-30 11:00:30,741 basehttp "POST /api/auth/heartbeat/ HTTP/1.1" 200 57
INFO 2026-04-30 11:00:58,523 autoreload C:\Users\Welcome\Desktop\CRM\March 24\files\crm\models.py changed, reloading.
INFO 2026-04-30 11:00:59,732 autoreload Watching for file changes with StatReloader
INFO 2026-04-30 11:01:22,311 autoreload C:\Users\Welcome\Desktop\CRM\March 24\files\serializers.py changed, reloading.
INFO 2026-04-30 11:01:23,576 autoreload Watching for file changes with StatReloader
INFO 2026-04-30 11:01:30,781 basehttp "POST /api/auth/heartbeat/ HTTP/1.1" 200 57
INFO 2026-04-30 11:01:36,424 autoreload C:\Users\Welcome\Desktop\CRM\March 24\files\views.py changed, reloading.
INFO 2026-04-30 11:01:37,601 autoreload Watching for file changes with StatReloader
INFO 2026-04-30 11:02:10,956 autoreload C:\Users\Welcome\Desktop\CRM\March 24\files\views.py changed, reloading.
INFO 2026-04-30 11:02:12,369 autoreload Watching for file changes with StatReloader
INFO 2026-04-30 11:02:23,932 autoreload C:\Users\Welcome\Desktop\CRM\March 24\files\views.py changed, reloading.
INFO 2026-04-30 11:02:25,146 autoreload Watching for file changes with StatReloader
INFO 2026-04-30 11:02:30,760 basehttp "POST /api/auth/heartbeat/ HTTP/1.1" 200 57
INFO 2026-04-30 11:02:32,394 autoreload C:\Users\Welcome\Desktop\CRM\March 24\files\urls.py changed, reloading.
INFO 2026-04-30 11:02:33,688 autoreload Watching for file changes with StatReloader
INFO 2026-04-30 11:03:18,128 basehttp "GET /dashboard HTTP/1.1" 200 420
INFO 2026-04-30 11:03:18,147 basehttp "GET /static/assets/index-6fe780ec.css HTTP/1.1" 304 0
INFO 2026-04-30 11:03:18,147 basehttp "GET /static/assets/index-33147d18.js HTTP/1.1" 304 0
INFO 2026-04-30 11:03:18,453 basehttp "GET /favicon.ico HTTP/1.1" 200 420
INFO 2026-04-30 11:03:18,509 basehttp "GET /api/auth/me/ HTTP/1.1" 200 249
INFO 2026-04-30 11:03:18,557 basehttp "GET /api/dashboard/historical-analytics/?year=2025&branch=all HTTP/1.1" 200 842
INFO 2026-04-30 11:03:18,557 basehttp "GET /api/branches/ HTTP/1.1" 200 1107
INFO 2026-04-30 11:03:18,567 basehttp "GET /api/dashboard/summary/ HTTP/1.1" 200 585
INFO 2026-04-30 11:04:18,737 basehttp "POST /api/auth/heartbeat/ HTTP/1.1" 200 57
INFO 2026-04-30 11:05:09,703 basehttp "GET /dashboard HTTP/1.1" 200 420
INFO 2026-04-30 11:05:09,776 basehttp "GET /static/assets/index-005fbd5e.css HTTP/1.1" 200 55114
INFO 2026-04-30 11:05:10,006 basehttp "GET /static/assets/index-2196144d.js HTTP/1.1" 200 469587
INFO 2026-04-30 11:05:10,083 basehttp "GET /favicon.ico HTTP/1.1" 200 420
INFO 2026-04-30 11:05:10,084 basehttp "GET /api/auth/me/ HTTP/1.1" 200 249
INFO 2026-04-30 11:05:10,106 basehttp "GET /api/branches/ HTTP/1.1" 200 1107
INFO 2026-04-30 11:05:10,118 basehttp "GET /api/dashboard/historical-analytics/?year=2025&branch=all HTTP/1.1" 200 842
INFO 2026-04-30 11:05:10,146 basehttp "GET /api/dashboard/my-rating/ HTTP/1.1" 200 1025
INFO 2026-04-30 11:05:10,158 basehttp "GET /api/dashboard/summary/ HTTP/1.1" 200 585
INFO 2026-04-30 11:06:10,172 basehttp "POST /api/auth/heartbeat/ HTTP/1.1" 200 57
INFO 2026-04-30 11:06:23,958 autoreload C:\Users\Welcome\Desktop\CRM\March 24\files\views.py changed, reloading.
INFO 2026-04-30 11:06:25,341 autoreload Watching for file changes with StatReloader
INFO 2026-04-30 11:06:44,416 basehttp "GET /dashboard HTTP/1.1" 200 420
INFO 2026-04-30 11:06:44,492 basehttp "GET /static/assets/index-005fbd5e.css HTTP/1.1" 200 55114
INFO 2026-04-30 11:06:44,608 basehttp "GET /static/assets/index-76553bba.js HTTP/1.1" 200 469633
INFO 2026-04-30 11:06:44,688 basehttp "GET /favicon.ico HTTP/1.1" 200 420
INFO 2026-04-30 11:06:44,745 basehttp "GET /api/auth/me/ HTTP/1.1" 200 249
INFO 2026-04-30 11:06:44,766 basehttp "GET /api/branches/ HTTP/1.1" 200 1107
INFO 2026-04-30 11:06:44,766 basehttp "GET /api/dashboard/historical-analytics/?year=2025&branch=all HTTP/1.1" 200 842
INFO 2026-04-30 11:06:44,781 basehttp "GET /api/dashboard/summary/ HTTP/1.1" 200 585
INFO 2026-04-30 11:06:46,476 basehttp "GET /favicon.ico HTTP/1.1" 200 420
INFO 2026-04-30 11:06:46,490 basehttp "POST /api/auth/logout/ HTTP/1.1" 200 37
INFO 2026-04-30 11:06:54,521 basehttp "POST /api/auth/login/ HTTP/1.1" 200 858
INFO 2026-04-30 11:06:54,554 basehttp "GET /favicon.ico HTTP/1.1" 200 420
INFO 2026-04-30 11:06:54,568 basehttp "GET /api/dashboard/historical-analytics/?year=2025 HTTP/1.1" 200 839
INFO 2026-04-30 11:06:54,663 basehttp "GET /api/dashboard/my-rating/ HTTP/1.1" 200 1059
INFO 2026-04-30 11:06:54,676 basehttp "GET /api/dashboard/summary/ HTTP/1.1" 200 582
INFO 2026-04-30 11:07:29,698 autoreload C:\Users\Welcome\Desktop\CRM\March 24\files\views.py changed, reloading.
INFO 2026-04-30 11:07:30,840 autoreload Watching for file changes with StatReloader
INFO 2026-04-30 11:07:54,735 basehttp "POST /api/auth/heartbeat/ HTTP/1.1" 200 57
INFO 2026-04-30 11:08:54,752 basehttp "POST /api/auth/heartbeat/ HTTP/1.1" 200 57
INFO 2026-04-30 11:10:20,362 basehttp "POST /api/auth/heartbeat/ HTTP/1.1" 200 57
INFO 2026-04-30 11:10:54,691 basehttp "POST /api/auth/heartbeat/ HTTP/1.1" 200 57
INFO 2026-04-30 11:11:54,052 basehttp "GET /dashboard HTTP/1.1" 200 420
INFO 2026-04-30 11:11:54,173 basehttp "GET /static/assets/index-933805f3.css HTTP/1.1" 200 54955
INFO 2026-04-30 11:11:54,398 basehttp "GET /static/assets/index-d8b22c1f.js HTTP/1.1" 200 469658
INFO 2026-04-30 11:11:54,684 basehttp "GET /favicon.ico HTTP/1.1" 200 420
INFO 2026-04-30 11:11:54,724 basehttp "GET /api/auth/me/ HTTP/1.1" 200 271
INFO 2026-04-30 11:11:54,784 basehttp "GET /api/dashboard/historical-analytics/ HTTP/1.1" 200 286
INFO 2026-04-30 11:11:54,841 basehttp "GET /api/dashboard/my-rating/ HTTP/1.1" 200 1059
INFO 2026-04-30 11:11:54,856 basehttp "GET /api/dashboard/summary/ HTTP/1.1" 200 582
INFO 2026-04-30 11:12:08,576 basehttp "GET /favicon.ico HTTP/1.1" 200 420
INFO 2026-04-30 11:12:08,583 basehttp "GET /api/payments/?status=pending&due_this_week=1 HTTP/1.1" 200 2
INFO 2026-04-30 11:12:09,734 basehttp "GET /favicon.ico HTTP/1.1" 200 420
INFO 2026-04-30 11:12:09,746 basehttp "GET /api/dashboard/historical-analytics/ HTTP/1.1" 200 286
INFO 2026-04-30 11:12:09,775 basehttp "GET /api/dashboard/summary/ HTTP/1.1" 200 582
INFO 2026-04-30 11:12:13,086 basehttp "GET /favicon.ico HTTP/1.1" 200 420
INFO 2026-04-30 11:12:13,153 basehttp "POST /api/auth/logout/ HTTP/1.1" 200 37
INFO 2026-04-30 11:12:21,294 basehttp "POST /api/auth/login/ HTTP/1.1" 200 866
INFO 2026-04-30 11:12:21,336 basehttp "GET /favicon.ico HTTP/1.1" 200 420
INFO 2026-04-30 11:12:21,340 basehttp "GET /api/branches/ HTTP/1.1" 200 1107
INFO 2026-04-30 11:12:21,346 basehttp "GET /api/dashboard/historical-analytics/?branch=all HTTP/1.1" 200 289
INFO 2026-04-30 11:12:21,371 basehttp "GET /api/dashboard/summary/ HTTP/1.1" 200 585
INFO 2026-04-30 11:12:24,925 basehttp "GET /api/dashboard/historical-analytics/?branch=3 HTTP/1.1" 200 285
INFO 2026-04-30 11:13:21,681 basehttp "POST /api/auth/heartbeat/ HTTP/1.1" 200 57
INFO 2026-04-30 11:14:21,688 basehttp "POST /api/auth/heartbeat/ HTTP/1.1" 200 57
INFO 2026-04-30 11:14:46,628 autoreload C:\Users\Welcome\Desktop\CRM\March 24\files\crm\models.py changed, reloading.
INFO 2026-04-30 11:14:48,005 autoreload Watching for file changes with StatReloader
INFO 2026-04-30 11:14:57,243 autoreload C:\Users\Welcome\Desktop\CRM\March 24\files\serializers.py changed, reloading.
INFO 2026-04-30 11:14:58,272 autoreload Watching for file changes with StatReloader
INFO 2026-04-30 11:15:05,218 autoreload C:\Users\Welcome\Desktop\CRM\March 24\files\views.py changed, reloading.
INFO 2026-04-30 11:15:06,266 autoreload Watching for file changes with StatReloader
INFO 2026-04-30 11:15:21,717 basehttp "POST /api/auth/heartbeat/ HTTP/1.1" 200 57
INFO 2026-04-30 11:15:23,314 autoreload C:\Users\Welcome\Desktop\CRM\March 24\files\views.py changed, reloading.
INFO 2026-04-30 11:15:24,447 autoreload Watching for file changes with StatReloader
INFO 2026-04-30 11:15:42,845 autoreload C:\Users\Welcome\Desktop\CRM\March 24\files\views.py changed, reloading.
INFO 2026-04-30 11:15:43,935 autoreload Watching for file changes with StatReloader
INFO 2026-04-30 11:15:55,584 autoreload C:\Users\Welcome\Desktop\CRM\March 24\files\views.py changed, reloading.
INFO 2026-04-30 11:15:56,670 autoreload Watching for file changes with StatReloader
INFO 2026-04-30 11:16:21,706 basehttp "POST /api/auth/heartbeat/ HTTP/1.1" 200 57
INFO 2026-04-30 11:16:27,727 autoreload C:\Users\Welcome\Desktop\CRM\March 24\files\urls.py changed, reloading.
INFO 2026-04-30 11:16:28,807 autoreload Watching for file changes with StatReloader
INFO 2026-04-30 11:16:40,655 autoreload C:\Users\Welcome\Desktop\CRM\March 24\files\crm\models.py changed, reloading.
INFO 2026-04-30 11:16:41,696 autoreload Watching for file changes with StatReloader
INFO 2026-04-30 11:16:52,080 autoreload C:\Users\Welcome\Desktop\CRM\March 24\files\serializers.py changed, reloading.
INFO 2026-04-30 11:16:53,586 autoreload Watching for file changes with StatReloader
INFO 2026-04-30 11:16:55,651 autoreload C:\Users\Welcome\Desktop\CRM\March 24\files\views.py changed, reloading.
INFO 2026-04-30 11:16:57,074 autoreload Watching for file changes with StatReloader
INFO 2026-04-30 11:17:02,560 autoreload C:\Users\Welcome\Desktop\CRM\March 24\files\views.py changed, reloading.
INFO 2026-04-30 11:17:04,090 autoreload Watching for file changes with StatReloader
INFO 2026-04-30 11:17:08,273 autoreload C:\Users\Welcome\Desktop\CRM\March 24\files\views.py changed, reloading.
INFO 2026-04-30 11:17:09,691 autoreload Watching for file changes with StatReloader
INFO 2026-04-30 11:17:12,776 autoreload C:\Users\Welcome\Desktop\CRM\March 24\files\views.py changed, reloading.
INFO 2026-04-30 11:17:14,116 autoreload Watching for file changes with StatReloader
INFO 2026-04-30 11:17:21,719 basehttp "POST /api/auth/heartbeat/ HTTP/1.1" 200 57
INFO 2026-04-30 11:17:32,547 autoreload C:\Users\Welcome\Desktop\CRM\March 24\files\crm\admin.py changed, reloading.
INFO 2026-04-30 11:17:33,720 autoreload Watching for file changes with StatReloader
INFO 2026-04-30 11:18:21,720 basehttp "POST /api/auth/heartbeat/ HTTP/1.1" 200 57
INFO 2026-04-30 11:20:01,733 basehttp "POST /api/auth/heartbeat/ HTTP/1.1" 200 57
INFO 2026-04-30 11:21:40,807 basehttp "POST /api/auth/heartbeat/ HTTP/1.1" 200 57
INFO 2026-04-30 11:23:01,736 basehttp "POST /api/auth/heartbeat/ HTTP/1.1" 200 57
INFO 2026-04-30 11:24:01,732 basehttp "POST /api/auth/heartbeat/ HTTP/1.1" 200 57
INFO 2026-04-30 11:25:01,729 basehttp "POST /api/auth/heartbeat/ HTTP/1.1" 200 57
INFO 2026-04-30 11:26:01,701 basehttp "POST /api/auth/heartbeat/ HTTP/1.1" 200 57
INFO 2026-04-30 11:26:42,081 basehttp "POST /api/auth/heartbeat/ HTTP/1.1" 200 57
INFO 2026-04-30 11:26:46,345 basehttp "GET /api/historical-analytics/ HTTP/1.1" 200 2
INFO 2026-04-30 11:26:46,354 basehttp "GET /api/branches/ HTTP/1.1" 200 1107
INFO 2026-04-30 11:26:46,358 basehttp "GET /favicon.ico HTTP/1.1" 200 420
INFO 2026-04-30 11:27:21,352 basehttp "POST /api/auth/heartbeat/ HTTP/1.1" 200 57
INFO 2026-04-30 11:28:21,687 basehttp "POST /api/auth/heartbeat/ HTTP/1.1" 200 57
INFO 2026-04-30 11:30:01,726 basehttp "POST /api/auth/heartbeat/ HTTP/1.1" 200 57
INFO 2026-04-30 11:31:01,731 basehttp "POST /api/auth/heartbeat/ HTTP/1.1" 200 57
INFO 2026-04-30 11:32:01,738 basehttp "POST /api/auth/heartbeat/ HTTP/1.1" 200 57
INFO 2026-04-30 11:33:01,746 basehttp "POST /api/auth/heartbeat/ HTTP/1.1" 200 57
INFO 2026-04-30 11:59:45,786 basehttp "POST /api/auth/heartbeat/ HTTP/1.1" 200 57
INFO 2026-04-30 12:01:01,695 basehttp "POST /api/auth/heartbeat/ HTTP/1.1" 200 57
INFO 2026-04-30 12:01:21,369 basehttp "POST /api/auth/heartbeat/ HTTP/1.1" 200 57
INFO 2026-04-30 12:02:21,735 basehttp "POST /api/auth/heartbeat/ HTTP/1.1" 200 57
INFO 2026-04-30 12:02:25,594 basehttp "GET /api/users/ HTTP/1.1" 200 523
INFO 2026-04-30 12:02:25,597 basehttp "GET /api/branches/ HTTP/1.1" 200 1107
INFO 2026-04-30 12:02:25,599 basehttp "GET /favicon.ico HTTP/1.1" 200 420
INFO 2026-04-30 12:02:25,612 basehttp "GET /api/walkins/?sectioned=1 HTTP/1.1" 200 95
INFO 2026-04-30 12:02:25,630 basehttp "GET /api/courses/ HTTP/1.1" 200 13612
INFO 2026-04-30 12:02:27,317 basehttp "GET /public/walk-in HTTP/1.1" 200 420
INFO 2026-04-30 12:02:27,493 basehttp "GET /static/assets/index-3e55b7ce.css HTTP/1.1" 200 54975
INFO 2026-04-30 12:02:27,715 basehttp "GET /static/assets/index-9c5b0808.js HTTP/1.1" 200 470550
INFO 2026-04-30 12:02:27,777 basehttp "GET /static/assets/brand-logo-05bda913.png HTTP/1.1" 200 572462
INFO 2026-04-30 12:02:27,994 basehttp "GET /static/assets/libertinus-serif-700-8bd2d42a.woff2 HTTP/1.1" 200 23400
INFO 2026-04-30 12:02:27,994 basehttp "GET /static/assets/libertinus-serif-400-c73c9f3b.woff2 HTTP/1.1" 200 23400
INFO 2026-04-30 12:02:27,995 basehttp "GET /static/assets/libertinus-serif-600-9f6e3162.woff2 HTTP/1.1" 200 22872
INFO 2026-04-30 12:02:28,077 basehttp "GET /api/public/walkin/ HTTP/1.1" 200 2082
INFO 2026-04-30 12:02:28,084 basehttp "GET /api/auth/me/ HTTP/1.1" 200 249
INFO 2026-04-30 12:02:28,111 basehttp "GET /favicon.ico HTTP/1.1" 200 420
INFO 2026-04-30 12:02:37,463 basehttp "GET /favicon.ico HTTP/1.1" 200 420
INFO 2026-04-30 12:02:37,476 basehttp "GET /api/branches/ HTTP/1.1" 200 1107
INFO 2026-04-30 12:02:37,484 basehttp "GET /api/dashboard/historical-analytics/?branch=all HTTP/1.1" 200 289
INFO 2026-04-30 12:02:37,519 basehttp "GET /api/dashboard/summary/ HTTP/1.1" 200 653
INFO 2026-04-30 12:02:40,789 basehttp "GET /favicon.ico HTTP/1.1" 200 420
INFO 2026-04-30 12:02:40,850 basehttp "POST /api/auth/logout/ HTTP/1.1" 200 37
INFO 2026-04-30 12:02:47,683 basehttp "POST /api/auth/login/ HTTP/1.1" 200 858
INFO 2026-04-30 12:02:47,712 basehttp "GET /favicon.ico HTTP/1.1" 200 420
INFO 2026-04-30 12:02:47,733 basehttp "GET /api/dashboard/historical-analytics/ HTTP/1.1" 200 286
INFO 2026-04-30 12:02:47,794 basehttp "GET /api/dashboard/my-rating/ HTTP/1.1" 200 1059
INFO 2026-04-30 12:02:47,809 basehttp "GET /api/dashboard/summary/ HTTP/1.1" 200 648
INFO 2026-04-30 12:02:53,697 basehttp "GET /favicon.ico HTTP/1.1" 200 420
INFO 2026-04-30 12:02:53,701 basehttp "GET /api/payments/?status=pending&due_this_week=1 HTTP/1.1" 200 2
INFO 2026-04-30 12:02:54,187 autoreload C:\Users\Welcome\Desktop\CRM\March 24\files\crm\models.py changed, reloading.
INFO 2026-04-30 12:02:57,272 autoreload Watching for file changes with StatReloader
INFO 2026-04-30 12:02:57,777 basehttp "GET /favicon.ico HTTP/1.1" 200 420
INFO 2026-04-30 12:02:57,823 basehttp "GET /api/dashboard/historical-analytics/ HTTP/1.1" 200 286
INFO 2026-04-30 12:02:57,833 basehttp "GET /api/dashboard/summary/ HTTP/1.1" 200 648
INFO 2026-04-30 12:03:12,635 autoreload C:\Users\Welcome\Desktop\CRM\March 24\files\serializers.py changed, reloading.
INFO 2026-04-30 12:03:13,896 autoreload Watching for file changes with StatReloader
INFO 2026-04-30 12:03:18,751 autoreload C:\Users\Welcome\Desktop\CRM\March 24\files\views.py changed, reloading.
INFO 2026-04-30 12:03:19,937 autoreload Watching for file changes with StatReloader
INFO 2026-04-30 12:03:26,186 basehttp "GET /favicon.ico HTTP/1.1" 200 420
INFO 2026-04-30 12:03:26,231 basehttp "GET /api/walkins/?sectioned=1 HTTP/1.1" 200 95
INFO 2026-04-30 12:03:26,240 basehttp "GET /api/courses/ HTTP/1.1" 200 13612
INFO 2026-04-30 12:03:27,851 autoreload C:\Users\Welcome\Desktop\CRM\March 24\files\views.py changed, reloading.
INFO 2026-04-30 12:03:29,059 autoreload Watching for file changes with StatReloader
INFO 2026-04-30 12:03:29,340 basehttp "GET /public/walk-in HTTP/1.1" 200 420
INFO 2026-04-30 12:03:29,719 basehttp "GET /api/public/walkin/ HTTP/1.1" 200 2082
INFO 2026-04-30 12:03:29,734 basehttp "GET /favicon.ico HTTP/1.1" 200 420
INFO 2026-04-30 12:03:29,795 basehttp "GET /api/auth/me/ HTTP/1.1" 200 271
INFO 2026-04-30 12:03:48,734 basehttp "POST /api/auth/heartbeat/ HTTP/1.1" 200 57
INFO 2026-04-30 12:04:48,696 basehttp "POST /api/auth/heartbeat/ HTTP/1.1" 200 57
INFO 2026-04-30 12:04:51,947 autoreload C:\Users\Welcome\Desktop\CRM\March 24\files\views.py changed, reloading.
INFO 2026-04-30 12:04:52,978 autoreload Watching for file changes with StatReloader
INFO 2026-04-30 12:06:49,675 basehttp "POST /api/auth/heartbeat/ HTTP/1.1" 200 57
INFO 2026-04-30 12:07:17,052 autoreload C:\Users\Welcome\Desktop\CRM\March 24\files\urls.py changed, reloading.
INFO 2026-04-30 12:07:18,192 autoreload Watching for file changes with StatReloader
INFO 2026-04-30 12:07:29,504 autoreload C:\Users\Welcome\Desktop\CRM\March 24\files\urls.py changed, reloading.
INFO 2026-04-30 12:07:30,566 autoreload Watching for file changes with StatReloader
INFO 2026-04-30 12:07:38,491 basehttp "GET /favicon.ico HTTP/1.1" 200 420
INFO 2026-04-30 12:07:38,512 basehttp "GET /api/leads/ HTTP/1.1" 200 2
INFO 2026-04-30 12:07:42,662 basehttp "GET /leads HTTP/1.1" 200 420
INFO 2026-04-30 12:07:42,692 basehttp "GET /static/assets/index-9c5b0808.js HTTP/1.1" 304 0
INFO 2026-04-30 12:07:42,697 basehttp "GET /static/assets/index-3e55b7ce.css HTTP/1.1" 304 0
INFO 2026-04-30 12:07:42,756 basehttp "GET /api/auth/me/ HTTP/1.1" 200 271
INFO 2026-04-30 12:07:43,006 basehttp "GET /api/leads/ HTTP/1.1" 200 2
INFO 2026-04-30 12:07:43,035 basehttp "GET /api/dashboard/my-rating/ HTTP/1.1" 200 1059
INFO 2026-04-30 12:07:43,082 basehttp "GET /static/assets/libertinus-serif-600-9f6e3162.woff2 HTTP/1.1" 200 22872
INFO 2026-04-30 12:07:43,159 basehttp "GET /static/assets/brand-logo-05bda913.png HTTP/1.1" 200 572462
INFO 2026-04-30 12:07:43,169 basehttp "GET /static/assets/libertinus-serif-700-8bd2d42a.woff2 HTTP/1.1" 200 23400
INFO 2026-04-30 12:07:43,174 basehttp "GET /static/assets/libertinus-serif-400-c73c9f3b.woff2 HTTP/1.1" 200 23400
INFO 2026-04-30 12:07:43,191 basehttp "GET /favicon.ico HTTP/1.1" 200 420
INFO 2026-04-30 12:07:44,816 basehttp "GET /favicon.ico HTTP/1.1" 200 420
INFO 2026-04-30 12:07:44,827 basehttp "GET /api/dashboard/historical-analytics/ HTTP/1.1" 200 286
INFO 2026-04-30 12:07:44,857 basehttp "GET /api/dashboard/summary/ HTTP/1.1" 200 648
INFO 2026-04-30 12:08:43,739 basehttp "POST /api/auth/heartbeat/ HTTP/1.1" 200 57
INFO 2026-04-30 12:09:10,875 autoreload C:\Users\Welcome\Desktop\CRM\March 24\files\urls.py changed, reloading.
INFO 2026-04-30 12:09:12,208 autoreload Watching for file changes with StatReloader
INFO 2026-04-30 12:09:20,654 autoreload C:\Users\Welcome\Desktop\CRM\March 24\files\crm\admin.py changed, reloading.
INFO 2026-04-30 12:09:21,908 autoreload Watching for file changes with StatReloader
INFO 2026-04-30 12:09:43,730 basehttp "POST /api/auth/heartbeat/ HTTP/1.1" 200 57
INFO 2026-04-30 12:09:57,913 basehttp "GET /favicon.ico HTTP/1.1" 200 420
INFO 2026-04-30 12:09:57,997 basehttp "POST /api/auth/logout/ HTTP/1.1" 200 37
INFO 2026-04-30 12:10:05,827 basehttp "POST /api/auth/login/ HTTP/1.1" 200 866
INFO 2026-04-30 12:10:05,868 basehttp "GET /api/branches/ HTTP/1.1" 200 1107
INFO 2026-04-30 12:10:05,870 basehttp "GET /favicon.ico HTTP/1.1" 200 420
INFO 2026-04-30 12:10:05,881 basehttp "GET /api/dashboard/historical-analytics/?branch=all HTTP/1.1" 200 289
INFO 2026-04-30 12:10:05,895 basehttp "GET /api/dashboard/summary/ HTTP/1.1" 200 653
INFO 2026-04-30 12:10:10,975 basehttp "GET /favicon.ico HTTP/1.1" 200 420
INFO 2026-04-30 12:10:11,006 basehttp "GET /api/admin/user-monitoring/ HTTP/1.1" 200 589
ERROR 2026-04-30 12:10:56,634 exception Invalid HTTP_HOST header: 'testserver'. You may need to add 'testserver' to ALLOWED_HOSTS.
Traceback (most recent call last):
  File "C:\Users\Welcome\Desktop\CRM\March 24\files\.venv\lib\site-packages\django\core\handlers\exception.py", line 55, in inner
    response = get_response(request)
  File "C:\Users\Welcome\Desktop\CRM\March 24\files\.venv\lib\site-packages\django\utils\deprecation.py", line 133, in __call__
    response = self.process_request(request)
  File "C:\Users\Welcome\Desktop\CRM\March 24\files\.venv\lib\site-packages\django\middleware\common.py", line 48, in process_request
    host = request.get_host()
  File "C:\Users\Welcome\Desktop\CRM\March 24\files\.venv\lib\site-packages\django\http\request.py", line 150, in get_host
    raise DisallowedHost(msg)
django.core.exceptions.DisallowedHost: Invalid HTTP_HOST header: 'testserver'. You may need to add 'testserver' to ALLOWED_HOSTS.
WARNING 2026-04-30 12:10:57,119 log Bad Request: /api/leads/import/
WARNING 2026-04-30 12:11:06,112 log Bad Request: /api/leads/import/
INFO 2026-04-30 12:11:06,697 basehttp "POST /api/auth/heartbeat/ HTTP/1.1" 200 57
INFO 2026-04-30 12:12:06,736 basehttp "POST /api/auth/heartbeat/ HTTP/1.1" 200 57
INFO 2026-04-30 12:21:46,451 basehttp "POST /api/auth/heartbeat/ HTTP/1.1" 200 57
INFO 2026-04-30 12:22:05,869 basehttp "POST /api/auth/heartbeat/ HTTP/1.1" 200 57
INFO 2026-04-30 12:22:59,862 basehttp "GET /admin/user-monitoring HTTP/1.1" 200 420
INFO 2026-04-30 12:22:59,942 basehttp "GET /static/assets/index-48eca5af.css HTTP/1.1" 200 55641
INFO 2026-04-30 12:23:00,149 basehttp "GET /static/assets/index-e6a578e3.js HTTP/1.1" 200 476775
INFO 2026-04-30 12:23:00,186 basehttp "GET /static/assets/libertinus-serif-600-9f6e3162.woff2 HTTP/1.1" 200 22872
INFO 2026-04-30 12:23:00,422 basehttp "GET /api/auth/me/ HTTP/1.1" 200 249
INFO 2026-04-30 12:23:00,449 basehttp "GET /favicon.ico HTTP/1.1" 200 420
INFO 2026-04-30 12:23:00,459 basehttp "GET /static/assets/libertinus-serif-700-8bd2d42a.woff2 HTTP/1.1" 200 23400
INFO 2026-04-30 12:23:00,462 basehttp "GET /static/assets/libertinus-serif-400-c73c9f3b.woff2 HTTP/1.1" 200 23400
INFO 2026-04-30 12:23:00,468 basehttp "GET /api/admin/user-monitoring/ HTTP/1.1" 200 589
INFO 2026-04-30 12:23:00,472 basehttp "GET /static/assets/brand-logo-05bda913.png HTTP/1.1" 200 572462
INFO 2026-04-30 12:23:07,552 basehttp "GET /favicon.ico HTTP/1.1" 200 420
INFO 2026-04-30 12:23:07,568 basehttp "GET /api/branches/ HTTP/1.1" 200 1107
INFO 2026-04-30 12:23:07,570 basehttp "GET /api/dashboard/historical-analytics/?branch=all HTTP/1.1" 200 289
INFO 2026-04-30 12:23:07,603 basehttp "GET /api/dashboard/summary/ HTTP/1.1" 200 653
INFO 2026-04-30 12:23:10,185 basehttp "GET /dashboard HTTP/1.1" 200 420
INFO 2026-04-30 12:23:10,242 basehttp "GET /api/auth/me/ HTTP/1.1" 200 249
INFO 2026-04-30 12:23:10,276 basehttp "GET /favicon.ico HTTP/1.1" 200 420
INFO 2026-04-30 12:23:10,281 basehttp "GET /api/branches/ HTTP/1.1" 200 1107
INFO 2026-04-30 12:23:10,290 basehttp "GET /api/dashboard/historical-analytics/?branch=all HTTP/1.1" 200 289
INFO 2026-04-30 12:23:10,300 basehttp "GET /api/dashboard/summary/ HTTP/1.1" 200 653
INFO 2026-04-30 12:23:21,375 basehttp "GET /dashboard HTTP/1.1" 200 420
INFO 2026-04-30 12:23:21,442 basehttp "GET /favicon.ico HTTP/1.1" 200 420
INFO 2026-04-30 12:23:21,475 basehttp "GET /api/auth/me/ HTTP/1.1" 200 249
INFO 2026-04-30 12:23:21,530 basehttp "GET /api/branches/ HTTP/1.1" 200 1107
INFO 2026-04-30 12:23:21,531 basehttp "GET /api/dashboard/historical-analytics/?branch=all HTTP/1.1" 200 289
INFO 2026-04-30 12:23:21,553 basehttp "GET /api/dashboard/summary/ HTTP/1.1" 200 653
INFO 2026-04-30 12:23:35,698 basehttp "GET /favicon.ico HTTP/1.1" 200 420
INFO 2026-04-30 12:23:35,715 basehttp "POST /api/auth/logout/ HTTP/1.1" 200 37
INFO 2026-04-30 12:23:44,027 basehttp "POST /api/auth/login/ HTTP/1.1" 200 858
INFO 2026-04-30 12:23:44,057 basehttp "GET /favicon.ico HTTP/1.1" 200 420
INFO 2026-04-30 12:23:44,071 basehttp "GET /api/dashboard/historical-analytics/ HTTP/1.1" 200 286
INFO 2026-04-30 12:23:44,128 basehttp "GET /api/dashboard/summary/ HTTP/1.1" 200 648
INFO 2026-04-30 12:23:44,154 basehttp "GET /api/dashboard/my-rating/ HTTP/1.1" 200 1059
INFO 2026-04-30 12:24:44,720 basehttp "POST /api/auth/heartbeat/ HTTP/1.1" 200 57
INFO 2026-04-30 12:25:10,070 autoreload C:\Users\Welcome\Desktop\CRM\March 24\files\views.py changed, reloading.
INFO 2026-04-30 12:25:11,360 autoreload Watching for file changes with StatReloader
INFO 2026-04-30 12:25:11,873 basehttp "GET /favicon.ico HTTP/1.1" 200 420
INFO 2026-04-30 12:25:11,929 basehttp "POST /api/auth/logout/ HTTP/1.1" 200 37
INFO 2026-04-30 12:25:19,563 basehttp "POST /api/auth/login/ HTTP/1.1" 200 866
INFO 2026-04-30 12:25:19,601 basehttp "GET /api/branches/ HTTP/1.1" 200 1107
INFO 2026-04-30 12:25:19,602 basehttp "GET /api/dashboard/historical-analytics/?branch=all HTTP/1.1" 200 289
INFO 2026-04-30 12:25:19,610 basehttp "GET /favicon.ico HTTP/1.1" 200 420
INFO 2026-04-30 12:25:19,621 basehttp "GET /api/dashboard/summary/ HTTP/1.1" 200 653
INFO 2026-04-30 12:26:19,679 basehttp "POST /api/auth/heartbeat/ HTTP/1.1" 200 57
INFO 2026-04-30 12:27:19,680 basehttp "POST /api/auth/heartbeat/ HTTP/1.1" 200 57
INFO 2026-04-30 12:28:19,686 basehttp "POST /api/auth/heartbeat/ HTTP/1.1" 200 57
INFO 2026-04-30 12:29:19,685 basehttp "POST /api/auth/heartbeat/ HTTP/1.1" 200 57
INFO 2026-04-30 12:30:19,677 basehttp "POST /api/auth/heartbeat/ HTTP/1.1" 200 57
INFO 2026-04-30 12:31:19,680 basehttp "POST /api/auth/heartbeat/ HTTP/1.1" 200 57
INFO 2026-04-30 12:32:48,682 basehttp "POST /api/auth/heartbeat/ HTTP/1.1" 200 57
INFO 2026-04-30 12:33:19,679 basehttp "POST /api/auth/heartbeat/ HTTP/1.1" 200 57
INFO 2026-04-30 12:33:46,034 basehttp "GET /api/branches/ HTTP/1.1" 200 1107
INFO 2026-04-30 12:33:46,051 basehttp "GET /api/enrollments/ HTTP/1.1" 200 2
INFO 2026-04-30 12:33:46,053 basehttp "GET /favicon.ico HTTP/1.1" 200 420
INFO 2026-04-30 12:33:46,106 basehttp "GET /api/courses/ HTTP/1.1" 200 13612
INFO 2026-04-30 12:33:48,116 basehttp "GET /favicon.ico HTTP/1.1" 200 420
INFO 2026-04-30 12:33:48,136 basehttp "GET /api/enrollments/ HTTP/1.1" 200 2
INFO 2026-04-30 12:33:48,140 basehttp "GET /api/branches/ HTTP/1.1" 200 1107
INFO 2026-04-30 12:33:48,200 basehttp "GET /api/courses/ HTTP/1.1" 200 13612
INFO 2026-04-30 12:33:49,898 basehttp "GET /favicon.ico HTTP/1.1" 200 420
INFO 2026-04-30 12:33:49,923 basehttp "GET /api/users/ HTTP/1.1" 200 523
INFO 2026-04-30 12:33:49,937 basehttp "GET /api/branches/ HTTP/1.1" 200 1107
INFO 2026-04-30 12:33:49,940 basehttp "GET /api/walkins/?sectioned=1 HTTP/1.1" 200 95
INFO 2026-04-30 12:33:49,983 basehttp "GET /api/courses/ HTTP/1.1" 200 13612
INFO 2026-04-30 12:34:19,684 basehttp "POST /api/auth/heartbeat/ HTTP/1.1" 200 57
INFO 2026-04-30 12:36:01,675 basehttp "POST /api/auth/heartbeat/ HTTP/1.1" 200 57
INFO 2026-04-30 12:37:01,673 basehttp "POST /api/auth/heartbeat/ HTTP/1.1" 200 57
INFO 2026-04-30 12:38:59,222 basehttp "POST /api/auth/heartbeat/ HTTP/1.1" 200 57
INFO 2026-04-30 12:40:01,674 basehttp "POST /api/auth/heartbeat/ HTTP/1.1" 200 57
INFO 2026-04-30 12:41:01,682 basehttp "POST /api/auth/heartbeat/ HTTP/1.1" 200 57
INFO 2026-04-30 12:42:01,688 basehttp "POST /api/auth/heartbeat/ HTTP/1.1" 200 57
INFO 2026-04-30 12:43:01,680 basehttp "POST /api/auth/heartbeat/ HTTP/1.1" 200 57
INFO 2026-04-30 12:44:01,678 basehttp "POST /api/auth/heartbeat/ HTTP/1.1" 200 57
INFO 2026-04-30 12:45:01,687 basehttp "POST /api/auth/heartbeat/ HTTP/1.1" 200 57
INFO 2026-04-30 12:46:01,674 basehttp "POST /api/auth/heartbeat/ HTTP/1.1" 200 57
INFO 2026-04-30 12:47:01,687 basehttp "POST /api/auth/heartbeat/ HTTP/1.1" 200 57
INFO 2026-04-30 12:47:54,805 autoreload C:\Users\Welcome\Desktop\CRM\March 24\files\crm\models.py changed, reloading.
INFO 2026-04-30 12:47:56,082 autoreload Watching for file changes with StatReloader
INFO 2026-04-30 12:48:01,690 basehttp "POST /api/auth/heartbeat/ HTTP/1.1" 200 57
INFO 2026-04-30 12:48:22,776 autoreload C:\Users\Welcome\Desktop\CRM\March 24\files\serializers.py changed, reloading.
INFO 2026-04-30 12:48:23,865 autoreload Watching for file changes with StatReloader
INFO 2026-04-30 12:48:28,822 autoreload C:\Users\Welcome\Desktop\CRM\March 24\files\views.py changed, reloading.
INFO 2026-04-30 12:48:29,811 autoreload Watching for file changes with StatReloader
INFO 2026-04-30 12:48:54,123 autoreload C:\Users\Welcome\Desktop\CRM\March 24\files\views.py changed, reloading.
INFO 2026-04-30 12:48:55,255 autoreload Watching for file changes with StatReloader
INFO 2026-04-30 12:49:01,707 basehttp "POST /api/auth/heartbeat/ HTTP/1.1" 200 57
INFO 2026-04-30 12:49:13,313 autoreload C:\Users\Welcome\Desktop\CRM\March 24\files\crm\admin.py changed, reloading.
INFO 2026-04-30 12:49:14,477 autoreload Watching for file changes with StatReloader
INFO 2026-04-30 12:50:01,813 basehttp "POST /api/auth/heartbeat/ HTTP/1.1" 200 57
INFO 2026-04-30 12:50:30,830 basehttp "POST /api/auth/heartbeat/ HTTP/1.1" 200 57
INFO 2026-04-30 12:51:19,684 basehttp "POST /api/auth/heartbeat/ HTTP/1.1" 200 57
INFO 2026-04-30 12:53:01,685 basehttp "POST /api/auth/heartbeat/ HTTP/1.1" 200 57
INFO 2026-04-30 12:54:01,674 basehttp "POST /api/auth/heartbeat/ HTTP/1.1" 200 57
INFO 2026-04-30 12:55:01,672 basehttp "POST /api/auth/heartbeat/ HTTP/1.1" 200 57
INFO 2026-04-30 12:56:01,685 basehttp "POST /api/auth/heartbeat/ HTTP/1.1" 200 57
INFO 2026-04-30 12:57:01,678 basehttp "POST /api/auth/heartbeat/ HTTP/1.1" 200 57
INFO 2026-04-30 12:58:01,674 basehttp "POST /api/auth/heartbeat/ HTTP/1.1" 200 57
INFO 2026-04-30 12:59:01,684 basehttp "POST /api/auth/heartbeat/ HTTP/1.1" 200 57
INFO 2026-04-30 12:59:19,596 basehttp "POST /api/auth/heartbeat/ HTTP/1.1" 200 57
INFO 2026-04-30 12:59:20,007 basehttp "GET /walkins HTTP/1.1" 200 420
INFO 2026-04-30 12:59:20,213 basehttp "GET /static/assets/index-48eca5af.css HTTP/1.1" 200 55641
INFO 2026-04-30 12:59:20,422 basehttp "GET /static/assets/index-a5b7b006.js HTTP/1.1" 200 476862
INFO 2026-04-30 12:59:20,705 basehttp "GET /static/assets/libertinus-serif-600-9f6e3162.woff2 HTTP/1.1" 200 22872
INFO 2026-04-30 12:59:20,752 basehttp "GET /api/auth/me/ HTTP/1.1" 200 249
INFO 2026-04-30 12:59:20,812 basehttp "GET /favicon.ico HTTP/1.1" 200 420
INFO 2026-04-30 12:59:20,826 basehttp "GET /api/users/ HTTP/1.1" 200 523
INFO 2026-04-30 12:59:20,857 basehttp "GET /api/branches/ HTTP/1.1" 200 1107
INFO 2026-04-30 12:59:20,861 basehttp "GET /api/walkins/?sectioned=1 HTTP/1.1" 200 95
INFO 2026-04-30 12:59:20,863 basehttp "GET /static/assets/libertinus-serif-700-8bd2d42a.woff2 HTTP/1.1" 200 23400
INFO 2026-04-30 12:59:20,879 basehttp "GET /static/assets/libertinus-serif-400-c73c9f3b.woff2 HTTP/1.1" 200 23400
INFO 2026-04-30 12:59:20,924 basehttp "GET /static/assets/brand-logo-05bda913.png HTTP/1.1" 200 572462
INFO 2026-04-30 12:59:20,979 basehttp "GET /api/courses/ HTTP/1.1" 200 13612
INFO 2026-04-30 12:59:28,384 basehttp "GET /favicon.ico HTTP/1.1" 200 420
INFO 2026-04-30 12:59:28,409 basehttp "GET /api/branches/ HTTP/1.1" 200 1107
INFO 2026-04-30 12:59:28,411 basehttp "GET /api/dashboard/historical-analytics/?branch=all HTTP/1.1" 200 289
INFO 2026-04-30 12:59:28,445 basehttp "GET /api/dashboard/summary/ HTTP/1.1" 200 653
INFO 2026-04-30 12:59:30,315 basehttp "GET /dashboard HTTP/1.1" 200 420
INFO 2026-04-30 12:59:30,351 basehttp "GET /static/assets/index-8501eab1.css HTTP/1.1" 200 55741
INFO 2026-04-30 12:59:30,453 basehttp "GET /static/assets/index-3c882b1d.js HTTP/1.1" 200 478842
INFO 2026-04-30 12:59:30,550 basehttp "GET /favicon.ico HTTP/1.1" 200 420
INFO 2026-04-30 12:59:30,555 basehttp "GET /api/auth/me/ HTTP/1.1" 200 249
INFO 2026-04-30 12:59:30,630 basehttp "GET /api/dashboard/historical-analytics/?branch=all HTTP/1.1" 200 289
INFO 2026-04-30 12:59:30,654 basehttp "GET /api/branches/ HTTP/1.1" 200 1107
INFO 2026-04-30 12:59:30,685 basehttp "GET /api/dashboard/summary/ HTTP/1.1" 200 653
INFO 2026-04-30 12:59:42,046 autoreload C:\Users\Welcome\Desktop\CRM\March 24\files\views.py changed, reloading.
INFO 2026-04-30 12:59:43,205 autoreload Watching for file changes with StatReloader
INFO 2026-04-30 13:00:30,694 basehttp "POST /api/auth/heartbeat/ HTTP/1.1" 200 57
INFO 2026-04-30 13:01:30,681 basehttp "POST /api/auth/heartbeat/ HTTP/1.1" 200 57
INFO 2026-04-30 13:02:07,095 basehttp "GET /dashboard HTTP/1.1" 200 420
INFO 2026-04-30 13:02:07,184 basehttp "GET /static/assets/index-8501eab1.css HTTP/1.1" 200 55741
INFO 2026-04-30 13:02:07,420 basehttp "GET /static/assets/index-3c882b1d.js HTTP/1.1" 200 478842
INFO 2026-04-30 13:02:07,451 basehttp "GET /api/auth/me/ HTTP/1.1" 200 249
INFO 2026-04-30 13:02:07,491 basehttp "GET /static/assets/libertinus-serif-600-9f6e3162.woff2 HTTP/1.1" 200 22872
INFO 2026-04-30 13:02:07,521 basehttp "GET /api/branches/ HTTP/1.1" 200 1107
INFO 2026-04-30 13:02:07,528 basehttp "GET /api/dashboard/historical-analytics/?branch=all HTTP/1.1" 200 289
INFO 2026-04-30 13:02:07,530 basehttp "GET /static/assets/libertinus-serif-700-8bd2d42a.woff2 HTTP/1.1" 200 23400
INFO 2026-04-30 13:02:07,531 basehttp "GET /static/assets/libertinus-serif-400-c73c9f3b.woff2 HTTP/1.1" 200 23400
INFO 2026-04-30 13:02:07,546 basehttp "GET /api/dashboard/summary/ HTTP/1.1" 200 653
INFO 2026-04-30 13:02:07,549 basehttp "GET /static/assets/brand-logo-05bda913.png HTTP/1.1" 200 572462
INFO 2026-04-30 13:02:07,622 basehttp "GET /favicon.ico HTTP/1.1" 200 420
INFO 2026-04-30 13:02:14,871 basehttp "GET /favicon.ico HTTP/1.1" 200 420
INFO 2026-04-30 13:02:14,917 basehttp "POST /api/auth/logout/ HTTP/1.1" 200 37
INFO 2026-04-30 13:02:22,098 basehttp "POST /api/auth/login/ HTTP/1.1" 200 878
INFO 2026-04-30 13:02:22,143 basehttp "GET /favicon.ico HTTP/1.1" 200 420
INFO 2026-04-30 13:02:22,174 basehttp "GET /api/dashboard/historical-analytics/ HTTP/1.1" 200 286
INFO 2026-04-30 13:02:22,343 basehttp "GET /api/dashboard/my-rating/ HTTP/1.1" 200 1059
INFO 2026-04-30 13:02:22,344 basehttp "GET /api/dashboard/summary/ HTTP/1.1" 200 648
INFO 2026-04-30 13:03:22,704 basehttp "POST /api/auth/heartbeat/ HTTP/1.1" 200 57
INFO 2026-04-30 13:03:48,148 autoreload C:\Users\Welcome\Desktop\CRM\March 24\files\crm\models.py changed, reloading.
INFO 2026-04-30 13:03:50,080 autoreload Watching for file changes with StatReloader
INFO 2026-04-30 13:04:10,956 autoreload C:\Users\Welcome\Desktop\CRM\March 24\files\serializers.py changed, reloading.
INFO 2026-04-30 13:04:12,675 autoreload Watching for file changes with StatReloader
INFO 2026-04-30 13:04:17,768 autoreload C:\Users\Welcome\Desktop\CRM\March 24\files\views.py changed, reloading.
INFO 2026-04-30 13:04:19,261 autoreload Watching for file changes with StatReloader
INFO 2026-04-30 13:04:22,764 basehttp "POST /api/auth/heartbeat/ HTTP/1.1" 200 57
INFO 2026-04-30 13:04:37,719 autoreload C:\Users\Welcome\Desktop\CRM\March 24\files\views.py changed, reloading.
INFO 2026-04-30 13:04:39,272 autoreload Watching for file changes with StatReloader
INFO 2026-04-30 13:04:50,526 autoreload C:\Users\Welcome\Desktop\CRM\March 24\files\views.py changed, reloading.
INFO 2026-04-30 13:04:52,173 autoreload Watching for file changes with StatReloader
INFO 2026-04-30 13:05:10,320 autoreload C:\Users\Welcome\Desktop\CRM\March 24\files\views.py changed, reloading.
INFO 2026-04-30 13:05:11,993 autoreload Watching for file changes with StatReloader
INFO 2026-04-30 13:05:22,820 basehttp "POST /api/auth/heartbeat/ HTTP/1.1" 200 57
INFO 2026-04-30 13:05:33,044 autoreload C:\Users\Welcome\Desktop\CRM\March 24\files\views.py changed, reloading.
INFO 2026-04-30 13:05:34,813 autoreload Watching for file changes with StatReloader
INFO 2026-04-30 13:06:01,974 autoreload C:\Users\Welcome\Desktop\CRM\March 24\files\views.py changed, reloading.
INFO 2026-04-30 13:06:03,203 autoreload Watching for file changes with StatReloader
INFO 2026-04-30 13:06:15,779 autoreload C:\Users\Welcome\Desktop\CRM\March 24\files\urls.py changed, reloading.
INFO 2026-04-30 13:06:16,995 autoreload Watching for file changes with StatReloader
INFO 2026-04-30 13:06:22,711 basehttp "POST /api/auth/heartbeat/ HTTP/1.1" 200 57
INFO 2026-04-30 13:06:24,390 autoreload C:\Users\Welcome\Desktop\CRM\March 24\files\views.py changed, reloading.
INFO 2026-04-30 13:06:25,642 autoreload Watching for file changes with StatReloader
INFO 2026-04-30 13:06:35,029 autoreload C:\Users\Welcome\Desktop\CRM\March 24\files\views.py changed, reloading.
INFO 2026-04-30 13:06:36,204 autoreload Watching for file changes with StatReloader
INFO 2026-04-30 13:07:22,755 basehttp "POST /api/auth/heartbeat/ HTTP/1.1" 200 57
INFO 2026-04-30 13:11:08,196 basehttp "POST /api/auth/heartbeat/ HTTP/1.1" 200 57
INFO 2026-04-30 13:11:38,100 autoreload C:\Users\Welcome\Desktop\CRM\March 24\files\urls.py changed, reloading.
INFO 2026-04-30 13:11:39,312 autoreload Watching for file changes with StatReloader
INFO 2026-04-30 13:12:01,710 basehttp "POST /api/auth/heartbeat/ HTTP/1.1" 200 57
INFO 2026-04-30 13:13:01,701 basehttp "POST /api/auth/heartbeat/ HTTP/1.1" 200 57
INFO 2026-04-30 13:13:07,367 autoreload C:\Users\Welcome\Desktop\CRM\March 24\files\views.py changed, reloading.
INFO 2026-04-30 13:13:08,627 autoreload Watching for file changes with StatReloader
INFO 2026-04-30 13:13:12,716 autoreload C:\Users\Welcome\Desktop\CRM\March 24\files\views.py changed, reloading.
INFO 2026-04-30 13:13:14,051 autoreload Watching for file changes with StatReloader
INFO 2026-04-30 13:14:01,716 basehttp "POST /api/auth/heartbeat/ HTTP/1.1" 200 57
INFO 2026-04-30 13:15:01,737 basehttp "POST /api/auth/heartbeat/ HTTP/1.1" 200 57
INFO 2026-04-30 13:16:01,746 basehttp "POST /api/auth/heartbeat/ HTTP/1.1" 200 57
INFO 2026-04-30 13:16:10,746 basehttp "GET /dashboard HTTP/1.1" 200 420
INFO 2026-04-30 13:16:10,954 basehttp "GET /static/assets/index-eae99f33.css HTTP/1.1" 200 57174
INFO 2026-04-30 13:16:11,230 basehttp "GET /static/assets/index-c78a81bf.js HTTP/1.1" 200 491645
INFO 2026-04-30 13:16:11,511 basehttp "GET /static/assets/libertinus-serif-600-9f6e3162.woff2 HTTP/1.1" 200 22872
INFO 2026-04-30 13:16:11,567 basehttp "GET /favicon.ico HTTP/1.1" 200 420
INFO 2026-04-30 13:16:11,570 basehttp "GET /api/auth/me/ HTTP/1.1" 200 271
INFO 2026-04-30 13:16:11,660 basehttp "GET /static/assets/libertinus-serif-700-8bd2d42a.woff2 HTTP/1.1" 200 23400
INFO 2026-04-30 13:16:11,662 basehttp "GET /api/dashboard/historical-analytics/ HTTP/1.1" 200 286
INFO 2026-04-30 13:16:11,713 basehttp "GET /static/assets/brand-logo-05bda913.png HTTP/1.1" 200 572462
INFO 2026-04-30 13:16:11,751 basehttp "GET /api/notifications/ HTTP/1.1" 200 2
INFO 2026-04-30 13:16:11,755 basehttp "GET /static/assets/libertinus-serif-400-c73c9f3b.woff2 HTTP/1.1" 200 23400
INFO 2026-04-30 13:16:11,816 basehttp "GET /api/dashboard/my-rating/ HTTP/1.1" 200 1059
INFO 2026-04-30 13:16:11,834 basehttp "GET /api/dashboard/summary/ HTTP/1.1" 200 648
INFO 2026-04-30 13:17:11,742 basehttp "POST /api/auth/heartbeat/ HTTP/1.1" 200 57
INFO 2026-04-30 13:18:11,728 basehttp "POST /api/auth/heartbeat/ HTTP/1.1" 200 57
INFO 2026-04-30 13:19:11,687 basehttp "POST /api/auth/heartbeat/ HTTP/1.1" 200 57
INFO 2026-04-30 13:20:11,727 basehttp "POST /api/auth/heartbeat/ HTTP/1.1" 200 57
INFO 2026-04-30 13:21:11,743 basehttp "POST /api/auth/heartbeat/ HTTP/1.1" 200 57
INFO 2026-04-30 13:22:11,728 basehttp "POST /api/auth/heartbeat/ HTTP/1.1" 200 57
INFO 2026-04-30 13:22:15,265 basehttp "GET /favicon.ico HTTP/1.1" 200 420
INFO 2026-04-30 13:22:15,320 basehttp "POST /api/auth/logout/ HTTP/1.1" 200 37
INFO 2026-04-30 13:22:22,197 basehttp "POST /api/auth/login/ HTTP/1.1" 200 866
INFO 2026-04-30 13:22:22,249 basehttp "GET /api/notifications/ HTTP/1.1" 200 2
INFO 2026-04-30 13:22:22,254 basehttp "GET /favicon.ico HTTP/1.1" 200 420
INFO 2026-04-30 13:22:22,254 basehttp "GET /api/branches/ HTTP/1.1" 200 1107
INFO 2026-04-30 13:22:22,271 basehttp "GET /api/dashboard/historical-analytics/?branch=all HTTP/1.1" 200 289
INFO 2026-04-30 13:22:22,275 basehttp "GET /api/dashboard/summary/ HTTP/1.1" 200 653
INFO 2026-04-30 13:22:26,548 basehttp "GET /favicon.ico HTTP/1.1" 200 420
INFO 2026-04-30 13:22:26,550 basehttp "GET /api/lead-import-history/ HTTP/1.1" 200 2
INFO 2026-04-30 13:22:29,929 basehttp "GET /favicon.ico HTTP/1.1" 200 420
INFO 2026-04-30 13:22:29,947 basehttp "GET /api/admin/user-monitoring/ HTTP/1.1" 200 1785
INFO 2026-04-30 13:22:42,473 basehttp "GET /favicon.ico HTTP/1.1" 200 420
INFO 2026-04-30 13:22:42,478 basehttp "GET /api/leads/ HTTP/1.1" 200 2
INFO 2026-04-30 13:22:44,694 basehttp "GET /api/branches/ HTTP/1.1" 200 1107
INFO 2026-04-30 13:22:44,714 basehttp "GET /favicon.ico HTTP/1.1" 200 420
INFO 2026-04-30 13:22:44,722 basehttp "GET /api/courses/ HTTP/1.1" 200 13612
INFO 2026-04-30 13:22:46,020 basehttp "GET /favicon.ico HTTP/1.1" 200 420
INFO 2026-04-30 13:22:46,029 basehttp "GET /api/leads/ HTTP/1.1" 200 2
INFO 2026-04-30 13:22:49,377 basehttp "GET /favicon.ico HTTP/1.1" 200 420
INFO 2026-04-30 13:22:49,470 basehttp "POST /api/auth/logout/ HTTP/1.1" 200 37
INFO 2026-04-30 13:22:58,152 basehttp "POST /api/auth/login/ HTTP/1.1" 200 878
INFO 2026-04-30 13:22:58,186 basehttp "GET /favicon.ico HTTP/1.1" 200 420
INFO 2026-04-30 13:22:58,218 basehttp "GET /api/notifications/ HTTP/1.1" 200 2
INFO 2026-04-30 13:22:58,228 basehttp "GET /api/dashboard/historical-analytics/ HTTP/1.1" 200 286
INFO 2026-04-30 13:22:58,237 basehttp "GET /api/dashboard/summary/ HTTP/1.1" 200 648
INFO 2026-04-30 13:22:58,256 basehttp "GET /api/dashboard/my-rating/ HTTP/1.1" 200 1059
INFO 2026-04-30 13:23:00,176 basehttp "GET /favicon.ico HTTP/1.1" 200 420
INFO 2026-04-30 13:23:00,185 basehttp "GET /api/leads/ HTTP/1.1" 200 2
INFO 2026-04-30 13:23:58,240 basehttp "POST /api/auth/heartbeat/ HTTP/1.1" 200 57
INFO 2026-04-30 13:24:58,241 basehttp "POST /api/auth/heartbeat/ HTTP/1.1" 200 57
INFO 2026-04-30 13:30:31,789 basehttp "POST /api/auth/heartbeat/ HTTP/1.1" 200 57
INFO 2026-04-30 13:30:58,686 basehttp "POST /api/auth/heartbeat/ HTTP/1.1" 200 57
INFO 2026-04-30 13:31:08,681 basehttp "GET /favicon.ico HTTP/1.1" 200 420
INFO 2026-04-30 13:31:08,698 basehttp "GET /api/walkins/?sectioned=1 HTTP/1.1" 200 95
INFO 2026-04-30 13:31:08,726 basehttp "GET /api/courses/ HTTP/1.1" 200 13612
INFO 2026-04-30 13:31:09,791 basehttp "GET /favicon.ico HTTP/1.1" 200 420
INFO 2026-04-30 13:31:09,793 basehttp "GET /api/leads/ HTTP/1.1" 200 2
INFO 2026-04-30 13:31:11,372 basehttp "GET /favicon.ico HTTP/1.1" 200 420
INFO 2026-04-30 13:31:11,404 basehttp "GET /api/courses/ HTTP/1.1" 200 13612
INFO 2026-04-30 13:31:37,234 basehttp "GET /favicon.ico HTTP/1.1" 200 420
INFO 2026-04-30 13:31:37,250 basehttp "GET /api/whatsapp-templates/?template_type=payment_reminder&is_active=true HTTP/1.1" 200 2
INFO 2026-04-30 13:31:37,259 basehttp "GET /api/payments/ HTTP/1.1" 200 2
INFO 2026-04-30 13:31:38,831 basehttp "GET /favicon.ico HTTP/1.1" 200 420
INFO 2026-04-30 13:31:38,862 basehttp "GET /api/branches/ HTTP/1.1" 200 1107
INFO 2026-04-30 13:31:38,867 basehttp "GET /api/enrollments/ HTTP/1.1" 200 2
INFO 2026-04-30 13:31:38,940 basehttp "GET /api/courses/ HTTP/1.1" 200 13612
INFO 2026-04-30 13:31:42,818 basehttp "GET /favicon.ico HTTP/1.1" 200 420
INFO 2026-04-30 13:31:42,900 basehttp "POST /api/auth/logout/ HTTP/1.1" 200 37
INFO 2026-04-30 13:32:00,246 basehttp "POST /api/auth/login/ HTTP/1.1" 200 866
INFO 2026-04-30 13:32:00,282 basehttp "GET /favicon.ico HTTP/1.1" 200 420
INFO 2026-04-30 13:32:00,293 basehttp "GET /api/notifications/ HTTP/1.1" 200 2
INFO 2026-04-30 13:32:00,307 basehttp "GET /api/dashboard/historical-analytics/?branch=all HTTP/1.1" 200 289
INFO 2026-04-30 13:32:00,315 basehttp "GET /api/branches/ HTTP/1.1" 200 1107
INFO 2026-04-30 13:32:00,339 basehttp "GET /api/dashboard/summary/ HTTP/1.1" 200 653
INFO 2026-04-30 13:32:05,203 basehttp "GET /api/dashboard/historical-analytics/?branch=3 HTTP/1.1" 200 285
INFO 2026-04-30 13:32:05,226 basehttp "GET /api/dashboard/summary/?branch=3 HTTP/1.1" 200 649
INFO 2026-04-30 13:32:06,066 basehttp "GET /api/dashboard/historical-analytics/?branch=2 HTTP/1.1" 200 279
INFO 2026-04-30 13:32:06,112 basehttp "GET /api/dashboard/summary/?branch=2 HTTP/1.1" 200 643
INFO 2026-04-30 13:32:07,494 basehttp "GET /api/dashboard/historical-analytics/?branch=1 HTTP/1.1" 200 286
INFO 2026-04-30 13:32:07,523 basehttp "GET /api/dashboard/summary/?branch=1 HTTP/1.1" 200 650
INFO 2026-04-30 13:32:08,552 basehttp "GET /api/dashboard/historical-analytics/?branch=all HTTP/1.1" 200 289
INFO 2026-04-30 13:32:08,582 basehttp "GET /api/dashboard/summary/ HTTP/1.1" 200 653
INFO 2026-04-30 13:32:10,328 basehttp "GET /api/dashboard/historical-analytics/?branch=3 HTTP/1.1" 200 285
INFO 2026-04-30 13:32:10,337 basehttp "GET /api/dashboard/summary/?branch=3 HTTP/1.1" 200 649
INFO 2026-04-30 13:32:11,865 basehttp "GET /api/dashboard/historical-analytics/?branch=all HTTP/1.1" 200 289
INFO 2026-04-30 13:32:11,908 basehttp "GET /api/dashboard/summary/ HTTP/1.1" 200 653
INFO 2026-04-30 13:32:20,300 basehttp "GET /favicon.ico HTTP/1.1" 200 420
INFO 2026-04-30 13:32:20,398 basehttp "POST /api/auth/logout/ HTTP/1.1" 200 37
INFO 2026-04-30 13:32:44,560 basehttp "POST /api/auth/login/ HTTP/1.1" 200 878
INFO 2026-04-30 13:32:44,591 basehttp "GET /favicon.ico HTTP/1.1" 200 420
INFO 2026-04-30 13:32:44,628 basehttp "GET /api/dashboard/historical-analytics/ HTTP/1.1" 200 286
INFO 2026-04-30 13:32:44,669 basehttp "GET /api/notifications/ HTTP/1.1" 200 2
INFO 2026-04-30 13:32:44,811 basehttp "GET /api/dashboard/summary/ HTTP/1.1" 200 648
INFO 2026-04-30 13:32:44,815 basehttp "GET /api/dashboard/my-rating/ HTTP/1.1" 200 1059
INFO 2026-04-30 13:33:44,688 basehttp "POST /api/auth/heartbeat/ HTTP/1.1" 200 57
INFO 2026-04-30 13:34:44,736 basehttp "POST /api/auth/heartbeat/ HTTP/1.1" 200 57
INFO 2026-04-30 13:35:44,749 basehttp "POST /api/auth/heartbeat/ HTTP/1.1" 200 57
INFO 2026-04-30 13:36:44,742 basehttp "POST /api/auth/heartbeat/ HTTP/1.1" 200 57
INFO 2026-04-30 13:37:44,701 basehttp "POST /api/auth/heartbeat/ HTTP/1.1" 200 57
INFO 2026-04-30 13:38:21,339 basehttp "GET /favicon.ico HTTP/1.1" 200 420
INFO 2026-04-30 13:38:21,399 basehttp "POST /api/auth/logout/ HTTP/1.1" 200 37
INFO 2026-04-30 13:39:02,471 basehttp "POST /api/auth/login/ HTTP/1.1" 200 866
INFO 2026-04-30 13:39:02,511 basehttp "GET /favicon.ico HTTP/1.1" 200 420
INFO 2026-04-30 13:39:02,519 basehttp "GET /api/branches/ HTTP/1.1" 200 1107
INFO 2026-04-30 13:39:02,522 basehttp "GET /api/notifications/ HTTP/1.1" 200 2
INFO 2026-04-30 13:39:02,528 basehttp "GET /api/dashboard/historical-analytics/?branch=all HTTP/1.1" 200 289
INFO 2026-04-30 13:39:02,536 basehttp "GET /api/dashboard/summary/ HTTP/1.1" 200 653
INFO 2026-04-30 13:39:18,646 basehttp "GET /favicon.ico HTTP/1.1" 200 420
INFO 2026-04-30 13:39:18,656 basehttp "GET /api/leads/ HTTP/1.1" 200 2
INFO 2026-04-30 13:39:27,536 basehttp "GET /favicon.ico HTTP/1.1" 200 420
INFO 2026-04-30 13:39:27,554 basehttp "GET /api/enrollments/ HTTP/1.1" 200 2
INFO 2026-04-30 13:39:27,556 basehttp "GET /api/users/ HTTP/1.1" 200 523
INFO 2026-04-30 13:39:27,560 basehttp "GET /api/branches/ HTTP/1.1" 200 1107
INFO 2026-04-30 13:40:02,506 basehttp "POST /api/auth/heartbeat/ HTTP/1.1" 200 57
INFO 2026-04-30 13:41:02,505 basehttp "POST /api/auth/heartbeat/ HTTP/1.1" 200 57
INFO 2026-04-30 13:41:28,846 basehttp "POST /api/auth/logout/ HTTP/1.1" 200 37
INFO 2026-04-30 13:41:28,857 basehttp "GET /favicon.ico HTTP/1.1" 200 420
INFO 2026-04-30 13:41:35,930 basehttp "POST /api/auth/login/ HTTP/1.1" 200 878
INFO 2026-04-30 13:41:35,960 basehttp "GET /favicon.ico HTTP/1.1" 200 420
INFO 2026-04-30 13:41:35,997 basehttp "GET /api/dashboard/historical-analytics/ HTTP/1.1" 200 286
INFO 2026-04-30 13:41:36,016 basehttp "GET /api/notifications/ HTTP/1.1" 200 2
INFO 2026-04-30 13:41:36,045 basehttp "GET /api/dashboard/my-rating/ HTTP/1.1" 200 1059
INFO 2026-04-30 13:41:36,057 basehttp "GET /api/dashboard/summary/ HTTP/1.1" 200 648
INFO 2026-04-30 13:41:37,917 basehttp "GET /favicon.ico HTTP/1.1" 200 420
INFO 2026-04-30 13:41:37,919 basehttp "GET /api/leads/ HTTP/1.1" 200 2
INFO 2026-04-30 13:41:40,381 basehttp "GET /favicon.ico HTTP/1.1" 200 420
INFO 2026-04-30 13:41:40,414 basehttp "GET /api/courses/ HTTP/1.1" 200 13612
INFO 2026-04-30 13:41:49,944 basehttp "GET /api/leads/duplicate-check/?phone=8428709464 HTTP/1.1" 200 45
INFO 2026-04-30 13:42:36,006 basehttp "POST /api/auth/heartbeat/ HTTP/1.1" 200 57
INFO 2026-04-30 13:42:44,762 basehttp "POST /api/leads/ HTTP/1.1" 201 637
INFO 2026-04-30 13:42:44,781 basehttp "GET /favicon.ico HTTP/1.1" 200 420
INFO 2026-04-30 13:42:44,798 basehttp "GET /api/branches/ HTTP/1.1" 200 1107
INFO 2026-04-30 13:42:44,805 basehttp "GET /api/leads/9/ HTTP/1.1" 200 637
INFO 2026-04-30 13:42:44,837 basehttp "GET /api/courses/ HTTP/1.1" 200 13612
INFO 2026-04-30 13:43:35,960 basehttp "POST /api/auth/heartbeat/ HTTP/1.1" 200 57
INFO 2026-04-30 13:44:36,728 basehttp "POST /api/auth/heartbeat/ HTTP/1.1" 200 57
INFO 2026-04-30 13:45:31,427 basehttp "POST /api/leads/9/convert-to-walkin/ HTTP/1.1" 201 941
INFO 2026-04-30 13:45:36,015 basehttp "GET /favicon.ico HTTP/1.1" 200 420
INFO 2026-04-30 13:45:36,017 basehttp "POST /api/auth/heartbeat/ HTTP/1.1" 200 57
INFO 2026-04-30 13:45:36,215 basehttp "GET /api/courses/ HTTP/1.1" 200 13612
ERROR 2026-04-30 13:45:36,441 log Internal Server Error: /api/walkins/
Traceback (most recent call last):
  File "C:\Users\Welcome\Desktop\CRM\March 24\files\.venv\lib\site-packages\django\core\handlers\exception.py", line 55, in inner
    response = get_response(request)
  File "C:\Users\Welcome\Desktop\CRM\March 24\files\.venv\lib\site-packages\django\core\handlers\base.py", line 197, in _get_response
    response = wrapped_callback(request, *callback_args, **callback_kwargs)
  File "C:\Users\Welcome\Desktop\CRM\March 24\files\.venv\lib\site-packages\django\views\decorators\csrf.py", line 56, in wrapper_view
    return view_func(*args, **kwargs)
  File "C:\Users\Welcome\Desktop\CRM\March 24\files\.venv\lib\site-packages\rest_framework\viewsets.py", line 125, in view
    return self.dispatch(request, *args, **kwargs)
  File "C:\Users\Welcome\Desktop\CRM\March 24\files\.venv\lib\site-packages\rest_framework\views.py", line 509, in dispatch
    response = self.handle_exception(exc)
  File "C:\Users\Welcome\Desktop\CRM\March 24\files\.venv\lib\site-packages\rest_framework\views.py", line 469, in handle_exception
    self.raise_uncaught_exception(exc)
  File "C:\Users\Welcome\Desktop\CRM\March 24\files\.venv\lib\site-packages\rest_framework\views.py", line 480, in raise_uncaught_exception
    raise exc
  File "C:\Users\Welcome\Desktop\CRM\March 24\files\.venv\lib\site-packages\rest_framework\views.py", line 506, in dispatch
    response = handler(request, *args, **kwargs)
  File "C:\Users\Welcome\Desktop\CRM\March 24\files\views.py", line 1360, in list
    'current_month_walkins': current_serializer.data,
  File "C:\Users\Welcome\Desktop\CRM\March 24\files\.venv\lib\site-packages\rest_framework\serializers.py", line 768, in data
    ret = super().data
  File "C:\Users\Welcome\Desktop\CRM\March 24\files\.venv\lib\site-packages\rest_framework\serializers.py", line 253, in data
    self._data = self.to_representation(self.instance)
  File "C:\Users\Welcome\Desktop\CRM\March 24\files\.venv\lib\site-packages\rest_framework\serializers.py", line 686, in to_representation
    return [
  File "C:\Users\Welcome\Desktop\CRM\March 24\files\.venv\lib\site-packages\rest_framework\serializers.py", line 687, in <listcomp>
    self.child.to_representation(item) for item in iterable
  File "C:\Users\Welcome\Desktop\CRM\March 24\files\.venv\lib\site-packages\rest_framework\serializers.py", line 507, in to_representation
    for field in fields:
  File "C:\Users\Welcome\Desktop\CRM\March 24\files\.venv\lib\site-packages\rest_framework\serializers.py", line 368, in _readable_fields
    for field in self.fields.values():
  File "C:\Users\Welcome\Desktop\CRM\March 24\files\.venv\lib\site-packages\django\utils\functional.py", line 57, in __get__
    res = instance.__dict__[self.name] = self.func(instance)
  File "C:\Users\Welcome\Desktop\CRM\March 24\files\.venv\lib\site-packages\rest_framework\serializers.py", line 356, in fields
    for key, value in self.get_fields().items():
  File "C:\Users\Welcome\Desktop\CRM\March 24\files\.venv\lib\site-packages\rest_framework\serializers.py", line 1052, in get_fields
    field_names = self.get_field_names(declared_fields, info)
  File "C:\Users\Welcome\Desktop\CRM\March 24\files\.venv\lib\site-packages\rest_framework\serializers.py", line 1148, in get_field_names
    assert field_name in fields, (
AssertionError: The field 'converted_by_name' was declared on serializer WalkInListSerializer, but has not been included in the 'fields' option.
ERROR 2026-04-30 13:45:36,448 basehttp "GET /api/walkins/?sectioned=1 HTTP/1.1" 500 161552
INFO 2026-04-30 13:45:38,684 basehttp "GET /walkins HTTP/1.1" 200 420
INFO 2026-04-30 13:45:38,706 basehttp "GET /static/assets/index-eae99f33.css HTTP/1.1" 304 0
INFO 2026-04-30 13:45:38,706 basehttp "GET /static/assets/index-c78a81bf.js HTTP/1.1" 304 0
INFO 2026-04-30 13:45:38,996 basehttp "GET /static/assets/libertinus-serif-600-9f6e3162.woff2 HTTP/1.1" 304 0
INFO 2026-04-30 13:45:39,066 basehttp "GET /favicon.ico HTTP/1.1" 200 420
INFO 2026-04-30 13:45:39,103 basehttp "GET /api/auth/me/ HTTP/1.1" 200 271
INFO 2026-04-30 13:45:39,163 basehttp "GET /static/assets/brand-logo-05bda913.png HTTP/1.1" 304 0
INFO 2026-04-30 13:45:39,186 basehttp "GET /static/assets/libertinus-serif-700-8bd2d42a.woff2 HTTP/1.1" 304 0
INFO 2026-04-30 13:45:39,187 basehttp "GET /static/assets/libertinus-serif-400-c73c9f3b.woff2 HTTP/1.1" 304 0
INFO 2026-04-30 13:45:39,301 basehttp "GET /api/notifications/ HTTP/1.1" 200 2
INFO 2026-04-30 13:45:39,392 basehttp "GET /api/dashboard/my-rating/ HTTP/1.1" 200 1070
ERROR 2026-04-30 13:45:39,479 log Internal Server Error: /api/walkins/
Traceback (most recent call last):
  File "C:\Users\Welcome\Desktop\CRM\March 24\files\.venv\lib\site-packages\django\core\handlers\exception.py", line 55, in inner
    response = get_response(request)
  File "C:\Users\Welcome\Desktop\CRM\March 24\files\.venv\lib\site-packages\django\core\handlers\base.py", line 197, in _get_response
    response = wrapped_callback(request, *callback_args, **callback_kwargs)
  File "C:\Users\Welcome\Desktop\CRM\March 24\files\.venv\lib\site-packages\django\views\decorators\csrf.py", line 56, in wrapper_view
    return view_func(*args, **kwargs)
  File "C:\Users\Welcome\Desktop\CRM\March 24\files\.venv\lib\site-packages\rest_framework\viewsets.py", line 125, in view
    return self.dispatch(request, *args, **kwargs)
  File "C:\Users\Welcome\Desktop\CRM\March 24\files\.venv\lib\site-packages\rest_framework\views.py", line 509, in dispatch
    response = self.handle_exception(exc)
  File "C:\Users\Welcome\Desktop\CRM\March 24\files\.venv\lib\site-packages\rest_framework\views.py", line 469, in handle_exception
    self.raise_uncaught_exception(exc)
  File "C:\Users\Welcome\Desktop\CRM\March 24\files\.venv\lib\site-packages\rest_framework\views.py", line 480, in raise_uncaught_exception
    raise exc
  File "C:\Users\Welcome\Desktop\CRM\March 24\files\.venv\lib\site-packages\rest_framework\views.py", line 506, in dispatch
    response = handler(request, *args, **kwargs)
  File "C:\Users\Welcome\Desktop\CRM\March 24\files\views.py", line 1360, in list
    'current_month_walkins': current_serializer.data,
  File "C:\Users\Welcome\Desktop\CRM\March 24\files\.venv\lib\site-packages\rest_framework\serializers.py", line 768, in data
    ret = super().data
  File "C:\Users\Welcome\Desktop\CRM\March 24\files\.venv\lib\site-packages\rest_framework\serializers.py", line 253, in data
    self._data = self.to_representation(self.instance)
  File "C:\Users\Welcome\Desktop\CRM\March 24\files\.venv\lib\site-packages\rest_framework\serializers.py", line 686, in to_representation
    return [
  File "C:\Users\Welcome\Desktop\CRM\March 24\files\.venv\lib\site-packages\rest_framework\serializers.py", line 687, in <listcomp>
    self.child.to_representation(item) for item in iterable
  File "C:\Users\Welcome\Desktop\CRM\March 24\files\.venv\lib\site-packages\rest_framework\serializers.py", line 507, in to_representation
    for field in fields:
  File "C:\Users\Welcome\Desktop\CRM\March 24\files\.venv\lib\site-packages\rest_framework\serializers.py", line 368, in _readable_fields
    for field in self.fields.values():
  File "C:\Users\Welcome\Desktop\CRM\March 24\files\.venv\lib\site-packages\django\utils\functional.py", line 57, in __get__
    res = instance.__dict__[self.name] = self.func(instance)
  File "C:\Users\Welcome\Desktop\CRM\March 24\files\.venv\lib\site-packages\rest_framework\serializers.py", line 356, in fields
    for key, value in self.get_fields().items():
  File "C:\Users\Welcome\Desktop\CRM\March 24\files\.venv\lib\site-packages\rest_framework\serializers.py", line 1052, in get_fields
    field_names = self.get_field_names(declared_fields, info)
  File "C:\Users\Welcome\Desktop\CRM\March 24\files\.venv\lib\site-packages\rest_framework\serializers.py", line 1148, in get_field_names
    assert field_name in fields, (
AssertionError: The field 'converted_by_name' was declared on serializer WalkInListSerializer, but has not been included in the 'fields' option.
ERROR 2026-04-30 13:45:39,496 basehttp "GET /api/walkins/?sectioned=1 HTTP/1.1" 500 161553
INFO 2026-04-30 13:45:39,513 basehttp "GET /api/courses/ HTTP/1.1" 200 13612
INFO 2026-04-30 13:45:42,547 basehttp "GET /favicon.ico HTTP/1.1" 200 420
INFO 2026-04-30 13:45:42,568 basehttp "GET /api/leads/ HTTP/1.1" 200 339
INFO 2026-04-30 13:45:44,215 basehttp "GET /favicon.ico HTTP/1.1" 200 420
INFO 2026-04-30 13:45:44,237 basehttp "GET /api/branches/ HTTP/1.1" 200 1107
INFO 2026-04-30 13:45:44,265 basehttp "GET /api/leads/9/ HTTP/1.1" 200 768
INFO 2026-04-30 13:45:44,315 basehttp "GET /api/courses/ HTTP/1.1" 200 13612
INFO 2026-04-30 13:45:45,597 basehttp "GET /api/walkins/13/ HTTP/1.1" 200 941
INFO 2026-04-30 13:45:45,629 basehttp "GET /favicon.ico HTTP/1.1" 200 420
INFO 2026-04-30 13:45:45,644 basehttp "GET /api/branches/ HTTP/1.1" 200 1107
INFO 2026-04-30 13:45:45,662 basehttp "GET /api/walkins/staff-options/ HTTP/1.1" 200 62
INFO 2026-04-30 13:45:45,724 basehttp "GET /api/courses/ HTTP/1.1" 200 13612
INFO 2026-04-30 13:45:45,752 basehttp "GET /api/discounts/?course=1&branch=1&available=1 HTTP/1.1" 200 2
INFO 2026-04-30 13:45:48,237 basehttp "GET /favicon.ico HTTP/1.1" 200 420
INFO 2026-04-30 13:45:48,252 basehttp "GET /api/leads/ HTTP/1.1" 200 339
INFO 2026-04-30 13:45:50,065 basehttp "GET /favicon.ico HTTP/1.1" 200 420
INFO 2026-04-30 13:45:50,092 basehttp "GET /api/branches/ HTTP/1.1" 200 1107
INFO 2026-04-30 13:45:50,101 basehttp "GET /api/leads/9/ HTTP/1.1" 200 768
INFO 2026-04-30 13:45:50,165 basehttp "GET /api/courses/ HTTP/1.1" 200 13612
INFO 2026-04-30 13:45:52,581 basehttp "GET /favicon.ico HTTP/1.1" 200 420
INFO 2026-04-30 13:45:52,716 basehttp "GET /api/courses/ HTTP/1.1" 200 13612
ERROR 2026-04-30 13:45:52,819 log Internal Server Error: /api/walkins/
Traceback (most recent call last):
  File "C:\Users\Welcome\Desktop\CRM\March 24\files\.venv\lib\site-packages\django\core\handlers\exception.py", line 55, in inner
    response = get_response(request)
  File "C:\Users\Welcome\Desktop\CRM\March 24\files\.venv\lib\site-packages\django\core\handlers\base.py", line 197, in _get_response
    response = wrapped_callback(request, *callback_args, **callback_kwargs)
  File "C:\Users\Welcome\Desktop\CRM\March 24\files\.venv\lib\site-packages\django\views\decorators\csrf.py", line 56, in wrapper_view
    return view_func(*args, **kwargs)
  File "C:\Users\Welcome\Desktop\CRM\March 24\files\.venv\lib\site-packages\rest_framework\viewsets.py", line 125, in view
    return self.dispatch(request, *args, **kwargs)
  File "C:\Users\Welcome\Desktop\CRM\March 24\files\.venv\lib\site-packages\rest_framework\views.py", line 509, in dispatch
    response = self.handle_exception(exc)
  File "C:\Users\Welcome\Desktop\CRM\March 24\files\.venv\lib\site-packages\rest_framework\views.py", line 469, in handle_exception
    self.raise_uncaught_exception(exc)
  File "C:\Users\Welcome\Desktop\CRM\March 24\files\.venv\lib\site-packages\rest_framework\views.py", line 480, in raise_uncaught_exception
    raise exc
  File "C:\Users\Welcome\Desktop\CRM\March 24\files\.venv\lib\site-packages\rest_framework\views.py", line 506, in dispatch
    response = handler(request, *args, **kwargs)
  File "C:\Users\Welcome\Desktop\CRM\March 24\files\views.py", line 1360, in list
    'current_month_walkins': current_serializer.data,
  File "C:\Users\Welcome\Desktop\CRM\March 24\files\.venv\lib\site-packages\rest_framework\serializers.py", line 768, in data
    ret = super().data
  File "C:\Users\Welcome\Desktop\CRM\March 24\files\.venv\lib\site-packages\rest_framework\serializers.py", line 253, in data
    self._data = self.to_representation(self.instance)
  File "C:\Users\Welcome\Desktop\CRM\March 24\files\.venv\lib\site-packages\rest_framework\serializers.py", line 686, in to_representation
    return [
  File "C:\Users\Welcome\Desktop\CRM\March 24\files\.venv\lib\site-packages\rest_framework\serializers.py", line 687, in <listcomp>
    self.child.to_representation(item) for item in iterable
  File "C:\Users\Welcome\Desktop\CRM\March 24\files\.venv\lib\site-packages\rest_framework\serializers.py", line 507, in to_representation
    for field in fields:
  File "C:\Users\Welcome\Desktop\CRM\March 24\files\.venv\lib\site-packages\rest_framework\serializers.py", line 368, in _readable_fields
    for field in self.fields.values():
  File "C:\Users\Welcome\Desktop\CRM\March 24\files\.venv\lib\site-packages\django\utils\functional.py", line 57, in __get__
    res = instance.__dict__[self.name] = self.func(instance)
  File "C:\Users\Welcome\Desktop\CRM\March 24\files\.venv\lib\site-packages\rest_framework\serializers.py", line 356, in fields
    for key, value in self.get_fields().items():
  File "C:\Users\Welcome\Desktop\CRM\March 24\files\.venv\lib\site-packages\rest_framework\serializers.py", line 1052, in get_fields
    field_names = self.get_field_names(declared_fields, info)
  File "C:\Users\Welcome\Desktop\CRM\March 24\files\.venv\lib\site-packages\rest_framework\serializers.py", line 1148, in get_field_names
    assert field_name in fields, (
AssertionError: The field 'converted_by_name' was declared on serializer WalkInListSerializer, but has not been included in the 'fields' option.
ERROR 2026-04-30 13:45:52,873 basehttp "GET /api/walkins/?sectioned=1 HTTP/1.1" 500 161553
INFO 2026-04-30 13:45:57,115 basehttp "GET /walkins HTTP/1.1" 200 420
INFO 2026-04-30 13:45:57,198 basehttp "GET /favicon.ico HTTP/1.1" 200 420
INFO 2026-04-30 13:45:57,262 basehttp "GET /api/auth/me/ HTTP/1.1" 200 271
INFO 2026-04-30 13:45:57,430 basehttp "GET /api/notifications/ HTTP/1.1" 200 2
INFO 2026-04-30 13:45:57,466 basehttp "GET /api/dashboard/my-rating/ HTTP/1.1" 200 1070
ERROR 2026-04-30 13:45:57,580 log Internal Server Error: /api/walkins/
Traceback (most recent call last):
  File "C:\Users\Welcome\Desktop\CRM\March 24\files\.venv\lib\site-packages\django\core\handlers\exception.py", line 55, in inner
    response = get_response(request)
  File "C:\Users\Welcome\Desktop\CRM\March 24\files\.venv\lib\site-packages\django\core\handlers\base.py", line 197, in _get_response
    response = wrapped_callback(request, *callback_args, **callback_kwargs)
  File "C:\Users\Welcome\Desktop\CRM\March 24\files\.venv\lib\site-packages\django\views\decorators\csrf.py", line 56, in wrapper_view
    return view_func(*args, **kwargs)
  File "C:\Users\Welcome\Desktop\CRM\March 24\files\.venv\lib\site-packages\rest_framework\viewsets.py", line 125, in view
    return self.dispatch(request, *args, **kwargs)
  File "C:\Users\Welcome\Desktop\CRM\March 24\files\.venv\lib\site-packages\rest_framework\views.py", line 509, in dispatch
    response = self.handle_exception(exc)
  File "C:\Users\Welcome\Desktop\CRM\March 24\files\.venv\lib\site-packages\rest_framework\views.py", line 469, in handle_exception
    self.raise_uncaught_exception(exc)
  File "C:\Users\Welcome\Desktop\CRM\March 24\files\.venv\lib\site-packages\rest_framework\views.py", line 480, in raise_uncaught_exception
    raise exc
  File "C:\Users\Welcome\Desktop\CRM\March 24\files\.venv\lib\site-packages\rest_framework\views.py", line 506, in dispatch
    response = handler(request, *args, **kwargs)
  File "C:\Users\Welcome\Desktop\CRM\March 24\files\views.py", line 1360, in list
    'current_month_walkins': current_serializer.data,
  File "C:\Users\Welcome\Desktop\CRM\March 24\files\.venv\lib\site-packages\rest_framework\serializers.py", line 768, in data
    ret = super().data
  File "C:\Users\Welcome\Desktop\CRM\March 24\files\.venv\lib\site-packages\rest_framework\serializers.py", line 253, in data
    self._data = self.to_representation(self.instance)
  File "C:\Users\Welcome\Desktop\CRM\March 24\files\.venv\lib\site-packages\rest_framework\serializers.py", line 686, in to_representation
    return [
  File "C:\Users\Welcome\Desktop\CRM\March 24\files\.venv\lib\site-packages\rest_framework\serializers.py", line 687, in <listcomp>
    self.child.to_representation(item) for item in iterable
  File "C:\Users\Welcome\Desktop\CRM\March 24\files\.venv\lib\site-packages\rest_framework\serializers.py", line 507, in to_representation
    for field in fields:
  File "C:\Users\Welcome\Desktop\CRM\March 24\files\.venv\lib\site-packages\rest_framework\serializers.py", line 368, in _readable_fields
    for field in self.fields.values():
  File "C:\Users\Welcome\Desktop\CRM\March 24\files\.venv\lib\site-packages\django\utils\functional.py", line 57, in __get__
    res = instance.__dict__[self.name] = self.func(instance)
  File "C:\Users\Welcome\Desktop\CRM\March 24\files\.venv\lib\site-packages\rest_framework\serializers.py", line 356, in fields
    for key, value in self.get_fields().items():
  File "C:\Users\Welcome\Desktop\CRM\March 24\files\.venv\lib\site-packages\rest_framework\serializers.py", line 1052, in get_fields
    field_names = self.get_field_names(declared_fields, info)
  File "C:\Users\Welcome\Desktop\CRM\March 24\files\.venv\lib\site-packages\rest_framework\serializers.py", line 1148, in get_field_names
    assert field_name in fields, (
AssertionError: The field 'converted_by_name' was declared on serializer WalkInListSerializer, but has not been included in the 'fields' option.
ERROR 2026-04-30 13:45:57,593 basehttp "GET /api/walkins/?sectioned=1 HTTP/1.1" 500 161553
INFO 2026-04-30 13:45:57,594 basehttp "GET /api/courses/ HTTP/1.1" 200 13612
INFO 2026-04-30 13:45:58,148 basehttp "GET /favicon.ico HTTP/1.1" 200 420
INFO 2026-04-30 13:45:58,170 basehttp "GET /api/leads/ HTTP/1.1" 200 339
INFO 2026-04-30 13:46:01,263 basehttp "GET /favicon.ico HTTP/1.1" 200 420
INFO 2026-04-30 13:46:01,304 basehttp "GET /api/branches/ HTTP/1.1" 200 1107
INFO 2026-04-30 13:46:01,325 basehttp "GET /api/leads/9/ HTTP/1.1" 200 768
INFO 2026-04-30 13:46:01,390 basehttp "GET /api/courses/ HTTP/1.1" 200 13612
INFO 2026-04-30 13:46:06,823 basehttp "GET /favicon.ico HTTP/1.1" 200 420
INFO 2026-04-30 13:46:06,955 basehttp "GET /api/courses/ HTTP/1.1" 200 13612
ERROR 2026-04-30 13:46:07,027 log Internal Server Error: /api/walkins/
Traceback (most recent call last):
  File "C:\Users\Welcome\Desktop\CRM\March 24\files\.venv\lib\site-packages\django\core\handlers\exception.py", line 55, in inner
    response = get_response(request)
  File "C:\Users\Welcome\Desktop\CRM\March 24\files\.venv\lib\site-packages\django\core\handlers\base.py", line 197, in _get_response
    response = wrapped_callback(request, *callback_args, **callback_kwargs)
  File "C:\Users\Welcome\Desktop\CRM\March 24\files\.venv\lib\site-packages\django\views\decorators\csrf.py", line 56, in wrapper_view
    return view_func(*args, **kwargs)
  File "C:\Users\Welcome\Desktop\CRM\March 24\files\.venv\lib\site-packages\rest_framework\viewsets.py", line 125, in view
    return self.dispatch(request, *args, **kwargs)
  File "C:\Users\Welcome\Desktop\CRM\March 24\files\.venv\lib\site-packages\rest_framework\views.py", line 509, in dispatch
    response = self.handle_exception(exc)
  File "C:\Users\Welcome\Desktop\CRM\March 24\files\.venv\lib\site-packages\rest_framework\views.py", line 469, in handle_exception
    self.raise_uncaught_exception(exc)
  File "C:\Users\Welcome\Desktop\CRM\March 24\files\.venv\lib\site-packages\rest_framework\views.py", line 480, in raise_uncaught_exception
    raise exc
  File "C:\Users\Welcome\Desktop\CRM\March 24\files\.venv\lib\site-packages\rest_framework\views.py", line 506, in dispatch
    response = handler(request, *args, **kwargs)
  File "C:\Users\Welcome\Desktop\CRM\March 24\files\views.py", line 1360, in list
    'current_month_walkins': current_serializer.data,
  File "C:\Users\Welcome\Desktop\CRM\March 24\files\.venv\lib\site-packages\rest_framework\serializers.py", line 768, in data
    ret = super().data
  File "C:\Users\Welcome\Desktop\CRM\March 24\files\.venv\lib\site-packages\rest_framework\serializers.py", line 253, in data
    self._data = self.to_representation(self.instance)
  File "C:\Users\Welcome\Desktop\CRM\March 24\files\.venv\lib\site-packages\rest_framework\serializers.py", line 686, in to_representation
    return [
  File "C:\Users\Welcome\Desktop\CRM\March 24\files\.venv\lib\site-packages\rest_framework\serializers.py", line 687, in <listcomp>
    self.child.to_representation(item) for item in iterable
  File "C:\Users\Welcome\Desktop\CRM\March 24\files\.venv\lib\site-packages\rest_framework\serializers.py", line 507, in to_representation
    for field in fields:
  File "C:\Users\Welcome\Desktop\CRM\March 24\files\.venv\lib\site-packages\rest_framework\serializers.py", line 368, in _readable_fields
    for field in self.fields.values():
  File "C:\Users\Welcome\Desktop\CRM\March 24\files\.venv\lib\site-packages\django\utils\functional.py", line 57, in __get__
    res = instance.__dict__[self.name] = self.func(instance)
  File "C:\Users\Welcome\Desktop\CRM\March 24\files\.venv\lib\site-packages\rest_framework\serializers.py", line 356, in fields
    for key, value in self.get_fields().items():
  File "C:\Users\Welcome\Desktop\CRM\March 24\files\.venv\lib\site-packages\rest_framework\serializers.py", line 1052, in get_fields
    field_names = self.get_field_names(declared_fields, info)
  File "C:\Users\Welcome\Desktop\CRM\March 24\files\.venv\lib\site-packages\rest_framework\serializers.py", line 1148, in get_field_names
    assert field_name in fields, (
AssertionError: The field 'converted_by_name' was declared on serializer WalkInListSerializer, but has not been included in the 'fields' option.
ERROR 2026-04-30 13:46:07,030 basehttp "GET /api/walkins/?sectioned=1 HTTP/1.1" 500 161552
INFO 2026-04-30 13:46:57,737 basehttp "POST /api/auth/heartbeat/ HTTP/1.1" 200 57
INFO 2026-04-30 13:47:04,161 basehttp "GET /favicon.ico HTTP/1.1" 200 420
INFO 2026-04-30 13:47:04,185 basehttp "GET /api/branches/ HTTP/1.1" 200 1107
INFO 2026-04-30 13:47:04,188 basehttp "GET /api/enrollments/ HTTP/1.1" 200 2
INFO 2026-04-30 13:47:04,281 basehttp "GET /api/courses/ HTTP/1.1" 200 13612
INFO 2026-04-30 13:47:05,783 basehttp "GET /favicon.ico HTTP/1.1" 200 420
INFO 2026-04-30 13:47:05,814 basehttp "GET /api/branches/ HTTP/1.1" 200 1107
INFO 2026-04-30 13:47:05,823 basehttp "GET /api/enrollments/ HTTP/1.1" 200 2
INFO 2026-04-30 13:47:05,897 basehttp "GET /api/courses/ HTTP/1.1" 200 13612
INFO 2026-04-30 13:47:07,020 basehttp "GET /favicon.ico HTTP/1.1" 200 420
INFO 2026-04-30 13:47:07,041 basehttp "GET /api/leads/ HTTP/1.1" 200 339
INFO 2026-04-30 13:47:08,336 basehttp "GET /favicon.ico HTTP/1.1" 200 420
INFO 2026-04-30 13:47:08,354 basehttp "GET /api/branches/ HTTP/1.1" 200 1107
INFO 2026-04-30 13:47:08,384 basehttp "GET /api/leads/9/ HTTP/1.1" 200 768
INFO 2026-04-30 13:47:08,440 basehttp "GET /api/courses/ HTTP/1.1" 200 13612
INFO 2026-04-30 13:47:09,624 basehttp "GET /favicon.ico HTTP/1.1" 200 420
INFO 2026-04-30 13:47:09,646 basehttp "GET /api/branches/ HTTP/1.1" 200 1107
INFO 2026-04-30 13:47:09,686 basehttp "GET /api/walkins/staff-options/ HTTP/1.1" 200 62
INFO 2026-04-30 13:47:09,687 basehttp "GET /api/walkins/13/ HTTP/1.1" 200 941
INFO 2026-04-30 13:47:09,747 basehttp "GET /api/courses/ HTTP/1.1" 200 13612
INFO 2026-04-30 13:47:09,770 basehttp "GET /api/discounts/?course=1&branch=1&available=1 HTTP/1.1" 200 2
INFO 2026-04-30 13:47:57,693 basehttp "POST /api/auth/heartbeat/ HTTP/1.1" 200 57
INFO 2026-04-30 13:48:57,737 basehttp "POST /api/auth/heartbeat/ HTTP/1.1" 200 57
INFO 2026-04-30 13:49:57,734 basehttp "POST /api/auth/heartbeat/ HTTP/1.1" 200 57
INFO 2026-04-30 13:50:57,734 basehttp "POST /api/auth/heartbeat/ HTTP/1.1" 200 57
INFO 2026-04-30 13:51:57,691 basehttp "POST /api/auth/heartbeat/ HTTP/1.1" 200 57
INFO 2026-04-30 13:53:01,747 basehttp "POST /api/auth/heartbeat/ HTTP/1.1" 200 57
INFO 2026-04-30 13:54:01,750 basehttp "POST /api/auth/heartbeat/ HTTP/1.1" 200 57
INFO 2026-04-30 13:55:01,755 basehttp "POST /api/auth/heartbeat/ HTTP/1.1" 200 57
INFO 2026-04-30 13:56:01,684 basehttp "POST /api/auth/heartbeat/ HTTP/1.1" 200 57
INFO 2026-04-30 13:57:01,742 basehttp "POST /api/auth/heartbeat/ HTTP/1.1" 200 57
INFO 2026-04-30 14:02:19,397 autoreload Watching for file changes with StatReloader
INFO 2026-04-30 14:02:21,753 basehttp "GET / HTTP/1.1" 200 420
INFO 2026-04-30 14:02:21,793 basehttp "GET /static/assets/index-eae99f33.css HTTP/1.1" 304 0
INFO 2026-04-30 14:02:21,793 basehttp "GET /static/assets/index-c78a81bf.js HTTP/1.1" 304 0
INFO 2026-04-30 14:02:22,130 basehttp "GET /favicon.ico HTTP/1.1" 200 420
INFO 2026-04-30 14:02:22,211 basehttp "GET /api/auth/me/ HTTP/1.1" 200 271
INFO 2026-04-30 14:02:22,267 basehttp "GET /static/assets/brand-logo-05bda913.png HTTP/1.1" 304 0
INFO 2026-04-30 14:02:22,322 basehttp "GET /static/assets/libertinus-serif-700-8bd2d42a.woff2 HTTP/1.1" 304 0
INFO 2026-04-30 14:02:22,324 basehttp "GET /static/assets/libertinus-serif-400-c73c9f3b.woff2 HTTP/1.1" 304 0
INFO 2026-04-30 14:02:22,328 basehttp "GET /static/assets/libertinus-serif-600-9f6e3162.woff2 HTTP/1.1" 304 0
INFO 2026-04-30 14:02:22,329 basehttp "GET /favicon.ico HTTP/1.1" 200 420
INFO 2026-04-30 14:02:30,340 basehttp "POST /api/auth/login/ HTTP/1.1" 200 878
INFO 2026-04-30 14:02:30,393 basehttp "GET /favicon.ico HTTP/1.1" 200 420
INFO 2026-04-30 14:02:30,438 basehttp "GET /api/dashboard/historical-analytics/ HTTP/1.1" 200 286
INFO 2026-04-30 14:02:30,507 basehttp "GET /api/notifications/ HTTP/1.1" 200 2
INFO 2026-04-30 14:02:30,614 basehttp "GET /api/dashboard/my-rating/ HTTP/1.1" 200 1070
INFO 2026-04-30 14:02:30,615 basehttp "GET /api/dashboard/summary/ HTTP/1.1" 200 650
INFO 2026-04-30 14:04:12,329 basehttp "POST /api/auth/heartbeat/ HTTP/1.1" 200 57
INFO 2026-04-30 15:29:02,303 basehttp "POST /api/auth/heartbeat/ HTTP/1.1" 200 57
INFO 2026-04-30 15:29:02,368 basehttp "POST /api/auth/logout/ HTTP/1.1" 200 37
INFO 2026-04-30 15:29:02,534 basehttp "GET /login HTTP/1.1" 200 420
INFO 2026-04-30 15:29:02,546 basehttp "GET /favicon.ico HTTP/1.1" 200 420
INFO 2026-04-30 15:29:02,566 basehttp "GET /static/assets/index-eae99f33.css HTTP/1.1" 304 0
INFO 2026-04-30 15:29:02,566 basehttp "GET /static/assets/index-c78a81bf.js HTTP/1.1" 304 0
INFO 2026-04-30 15:29:02,719 basehttp "GET /static/assets/brand-logo-05bda913.png HTTP/1.1" 304 0
INFO 2026-04-30 15:29:03,737 basehttp "GET /static/assets/libertinus-serif-700-8bd2d42a.woff2 HTTP/1.1" 304 0
INFO 2026-04-30 15:29:03,737 basehttp "GET /static/assets/libertinus-serif-400-c73c9f3b.woff2 HTTP/1.1" 304 0
INFO 2026-04-30 15:29:03,738 basehttp "GET /static/assets/libertinus-serif-600-9f6e3162.woff2 HTTP/1.1" 304 0
INFO 2026-04-30 15:29:03,764 basehttp "GET /favicon.ico HTTP/1.1" 200 420
INFO 2026-04-30 15:52:34,372 basehttp "GET /login HTTP/1.1" 200 420
INFO 2026-04-30 15:52:34,595 basehttp "GET /static/assets/index-eae99f33.css HTTP/1.1" 200 57174
INFO 2026-04-30 15:52:34,816 basehttp "GET /static/assets/index-6ad552ed.js HTTP/1.1" 200 491382
INFO 2026-04-30 15:52:34,859 basehttp "GET /static/assets/brand-logo-05bda913.png HTTP/1.1" 200 572462
INFO 2026-04-30 15:52:35,094 basehttp "GET /static/assets/libertinus-serif-700-8bd2d42a.woff2 HTTP/1.1" 200 23400
INFO 2026-04-30 15:52:35,099 basehttp "GET /static/assets/libertinus-serif-600-9f6e3162.woff2 HTTP/1.1" 200 22872
INFO 2026-04-30 15:52:35,107 basehttp "GET /static/assets/libertinus-serif-400-c73c9f3b.woff2 HTTP/1.1" 200 23400
INFO 2026-04-30 15:52:35,186 basehttp "GET /favicon.ico HTTP/1.1" 200 420
INFO 2026-04-30 15:52:46,017 basehttp "POST /api/auth/login/ HTTP/1.1" 200 878
INFO 2026-04-30 15:52:46,079 basehttp "GET /favicon.ico HTTP/1.1" 200 420
INFO 2026-04-30 15:52:46,109 basehttp "GET /api/dashboard/historical-analytics/ HTTP/1.1" 200 286
INFO 2026-04-30 15:52:46,203 basehttp "GET /api/notifications/ HTTP/1.1" 200 2
INFO 2026-04-30 15:52:46,248 basehttp "GET /api/dashboard/my-rating/ HTTP/1.1" 200 1070
INFO 2026-04-30 15:52:46,258 basehttp "GET /api/dashboard/summary/ HTTP/1.1" 200 650
INFO 2026-04-30 15:52:52,520 basehttp "GET /favicon.ico HTTP/1.1" 200 420
INFO 2026-04-30 15:52:52,542 basehttp "GET /api/leads/ HTTP/1.1" 200 339
INFO 2026-04-30 15:52:54,009 basehttp "GET /favicon.ico HTTP/1.1" 200 420
INFO 2026-04-30 15:52:54,198 basehttp "GET /api/courses/ HTTP/1.1" 200 13612
ERROR 2026-04-30 15:52:54,270 log Internal Server Error: /api/walkins/
Traceback (most recent call last):
  File "C:\Users\Welcome\Desktop\CRM\March 24\files\.venv\lib\site-packages\django\core\handlers\exception.py", line 55, in inner
    response = get_response(request)
  File "C:\Users\Welcome\Desktop\CRM\March 24\files\.venv\lib\site-packages\django\core\handlers\base.py", line 197, in _get_response
    response = wrapped_callback(request, *callback_args, **callback_kwargs)
  File "C:\Users\Welcome\Desktop\CRM\March 24\files\.venv\lib\site-packages\django\views\decorators\csrf.py", line 56, in wrapper_view
    return view_func(*args, **kwargs)
  File "C:\Users\Welcome\Desktop\CRM\March 24\files\.venv\lib\site-packages\rest_framework\viewsets.py", line 125, in view
    return self.dispatch(request, *args, **kwargs)
  File "C:\Users\Welcome\Desktop\CRM\March 24\files\.venv\lib\site-packages\rest_framework\views.py", line 509, in dispatch
    response = self.handle_exception(exc)
  File "C:\Users\Welcome\Desktop\CRM\March 24\files\.venv\lib\site-packages\rest_framework\views.py", line 469, in handle_exception
    self.raise_uncaught_exception(exc)
  File "C:\Users\Welcome\Desktop\CRM\March 24\files\.venv\lib\site-packages\rest_framework\views.py", line 480, in raise_uncaught_exception
    raise exc
  File "C:\Users\Welcome\Desktop\CRM\March 24\files\.venv\lib\site-packages\rest_framework\views.py", line 506, in dispatch
    response = handler(request, *args, **kwargs)
  File "C:\Users\Welcome\Desktop\CRM\March 24\files\views.py", line 1360, in list
    'current_month_walkins': current_serializer.data,
  File "C:\Users\Welcome\Desktop\CRM\March 24\files\.venv\lib\site-packages\rest_framework\serializers.py", line 768, in data
    ret = super().data
  File "C:\Users\Welcome\Desktop\CRM\March 24\files\.venv\lib\site-packages\rest_framework\serializers.py", line 253, in data
    self._data = self.to_representation(self.instance)
  File "C:\Users\Welcome\Desktop\CRM\March 24\files\.venv\lib\site-packages\rest_framework\serializers.py", line 686, in to_representation
    return [
  File "C:\Users\Welcome\Desktop\CRM\March 24\files\.venv\lib\site-packages\rest_framework\serializers.py", line 687, in <listcomp>
    self.child.to_representation(item) for item in iterable
  File "C:\Users\Welcome\Desktop\CRM\March 24\files\.venv\lib\site-packages\rest_framework\serializers.py", line 507, in to_representation
    for field in fields:
  File "C:\Users\Welcome\Desktop\CRM\March 24\files\.venv\lib\site-packages\rest_framework\serializers.py", line 368, in _readable_fields
    for field in self.fields.values():
  File "C:\Users\Welcome\Desktop\CRM\March 24\files\.venv\lib\site-packages\django\utils\functional.py", line 57, in __get__
    res = instance.__dict__[self.name] = self.func(instance)
  File "C:\Users\Welcome\Desktop\CRM\March 24\files\.venv\lib\site-packages\rest_framework\serializers.py", line 356, in fields
    for key, value in self.get_fields().items():
  File "C:\Users\Welcome\Desktop\CRM\March 24\files\.venv\lib\site-packages\rest_framework\serializers.py", line 1052, in get_fields
    field_names = self.get_field_names(declared_fields, info)
  File "C:\Users\Welcome\Desktop\CRM\March 24\files\.venv\lib\site-packages\rest_framework\serializers.py", line 1148, in get_field_names
    assert field_name in fields, (
AssertionError: The field 'converted_by_name' was declared on serializer WalkInListSerializer, but has not been included in the 'fields' option.
ERROR 2026-04-30 15:52:54,277 basehttp "GET /api/walkins/?sectioned=1 HTTP/1.1" 500 161857
INFO 2026-04-30 15:53:46,760 basehttp "POST /api/auth/heartbeat/ HTTP/1.1" 200 57
INFO 2026-04-30 15:54:13,192 autoreload C:\Users\Welcome\Desktop\CRM\March 24\files\views.py changed, reloading.
INFO 2026-04-30 15:54:14,843 autoreload Watching for file changes with StatReloader
INFO 2026-04-30 15:54:46,758 basehttp "POST /api/auth/heartbeat/ HTTP/1.1" 200 57
INFO 2026-04-30 15:55:00,557 basehttp "GET /walkins HTTP/1.1" 200 420
INFO 2026-04-30 15:55:00,691 basehttp "GET /static/assets/index-eae99f33.css HTTP/1.1" 200 57174
INFO 2026-04-30 15:55:00,895 basehttp "GET /static/assets/index-2d0d17ed.js HTTP/1.1" 200 491551
INFO 2026-04-30 15:55:01,278 basehttp "GET /static/assets/libertinus-serif-600-9f6e3162.woff2 HTTP/1.1" 200 22872
INFO 2026-04-30 15:55:01,377 basehttp "GET /favicon.ico HTTP/1.1" 200 420
INFO 2026-04-30 15:55:01,379 basehttp "GET /api/auth/me/ HTTP/1.1" 200 271
INFO 2026-04-30 15:55:01,510 basehttp "GET /static/assets/libertinus-serif-700-8bd2d42a.woff2 HTTP/1.1" 200 23400
INFO 2026-04-30 15:55:01,517 basehttp "GET /static/assets/brand-logo-05bda913.png HTTP/1.1" 200 572462
INFO 2026-04-30 15:55:01,533 basehttp "GET /api/dashboard/my-rating/ HTTP/1.1" 200 1070
INFO 2026-04-30 15:55:01,539 basehttp "GET /static/assets/libertinus-serif-400-c73c9f3b.woff2 HTTP/1.1" 200 23400
INFO 2026-04-30 15:55:01,557 basehttp "GET /api/notifications/ HTTP/1.1" 200 2
INFO 2026-04-30 15:55:01,661 basehttp "GET /api/courses/ HTTP/1.1" 200 13612
ERROR 2026-04-30 15:55:01,713 log Internal Server Error: /api/walkins/
Traceback (most recent call last):
  File "C:\Users\Welcome\Desktop\CRM\March 24\files\.venv\lib\site-packages\django\core\handlers\exception.py", line 55, in inner
    response = get_response(request)
  File "C:\Users\Welcome\Desktop\CRM\March 24\files\.venv\lib\site-packages\django\core\handlers\base.py", line 197, in _get_response
    response = wrapped_callback(request, *callback_args, **callback_kwargs)
  File "C:\Users\Welcome\Desktop\CRM\March 24\files\.venv\lib\site-packages\django\views\decorators\csrf.py", line 56, in wrapper_view
    return view_func(*args, **kwargs)
  File "C:\Users\Welcome\Desktop\CRM\March 24\files\.venv\lib\site-packages\rest_framework\viewsets.py", line 125, in view
    return self.dispatch(request, *args, **kwargs)
  File "C:\Users\Welcome\Desktop\CRM\March 24\files\.venv\lib\site-packages\rest_framework\views.py", line 509, in dispatch
    response = self.handle_exception(exc)
  File "C:\Users\Welcome\Desktop\CRM\March 24\files\.venv\lib\site-packages\rest_framework\views.py", line 469, in handle_exception
    self.raise_uncaught_exception(exc)
  File "C:\Users\Welcome\Desktop\CRM\March 24\files\.venv\lib\site-packages\rest_framework\views.py", line 480, in raise_uncaught_exception
    raise exc
  File "C:\Users\Welcome\Desktop\CRM\March 24\files\.venv\lib\site-packages\rest_framework\views.py", line 506, in dispatch
    response = handler(request, *args, **kwargs)
  File "C:\Users\Welcome\Desktop\CRM\March 24\files\views.py", line 1367, in list
    'current_month_walkins': current_serializer.data,
  File "C:\Users\Welcome\Desktop\CRM\March 24\files\.venv\lib\site-packages\rest_framework\serializers.py", line 768, in data
    ret = super().data
  File "C:\Users\Welcome\Desktop\CRM\March 24\files\.venv\lib\site-packages\rest_framework\serializers.py", line 253, in data
    self._data = self.to_representation(self.instance)
  File "C:\Users\Welcome\Desktop\CRM\March 24\files\.venv\lib\site-packages\rest_framework\serializers.py", line 686, in to_representation
    return [
  File "C:\Users\Welcome\Desktop\CRM\March 24\files\.venv\lib\site-packages\rest_framework\serializers.py", line 687, in <listcomp>
    self.child.to_representation(item) for item in iterable
  File "C:\Users\Welcome\Desktop\CRM\March 24\files\.venv\lib\site-packages\rest_framework\serializers.py", line 507, in to_representation
    for field in fields:
  File "C:\Users\Welcome\Desktop\CRM\March 24\files\.venv\lib\site-packages\rest_framework\serializers.py", line 368, in _readable_fields
    for field in self.fields.values():
  File "C:\Users\Welcome\Desktop\CRM\March 24\files\.venv\lib\site-packages\django\utils\functional.py", line 57, in __get__
    res = instance.__dict__[self.name] = self.func(instance)
  File "C:\Users\Welcome\Desktop\CRM\March 24\files\.venv\lib\site-packages\rest_framework\serializers.py", line 356, in fields
    for key, value in self.get_fields().items():
  File "C:\Users\Welcome\Desktop\CRM\March 24\files\.venv\lib\site-packages\rest_framework\serializers.py", line 1052, in get_fields
    field_names = self.get_field_names(declared_fields, info)
  File "C:\Users\Welcome\Desktop\CRM\March 24\files\.venv\lib\site-packages\rest_framework\serializers.py", line 1148, in get_field_names
    assert field_name in fields, (
AssertionError: The field 'converted_by_name' was declared on serializer WalkInListSerializer, but has not been included in the 'fields' option.
ERROR 2026-04-30 15:55:01,720 basehttp "GET /api/walkins/?sectioned=1 HTTP/1.1" 500 161857
INFO 2026-04-30 15:55:04,430 basehttp "GET /favicon.ico HTTP/1.1" 200 420
INFO 2026-04-30 15:55:04,450 basehttp "GET /api/leads/ HTTP/1.1" 200 339
INFO 2026-04-30 15:55:05,883 basehttp "GET /favicon.ico HTTP/1.1" 200 420
INFO 2026-04-30 15:55:05,901 basehttp "GET /api/branches/ HTTP/1.1" 200 1107
INFO 2026-04-30 15:55:05,933 basehttp "GET /api/leads/9/ HTTP/1.1" 200 768
INFO 2026-04-30 15:55:05,991 basehttp "GET /api/courses/ HTTP/1.1" 200 13612
INFO 2026-04-30 15:55:08,446 basehttp "GET /api/walkins/13/ HTTP/1.1" 200 941
INFO 2026-04-30 15:55:08,510 basehttp "GET /favicon.ico HTTP/1.1" 200 420
INFO 2026-04-30 15:55:08,532 basehttp "GET /api/branches/ HTTP/1.1" 200 1107
INFO 2026-04-30 15:55:08,535 basehttp "GET /api/walkins/staff-options/ HTTP/1.1" 200 62
INFO 2026-04-30 15:55:08,635 basehttp "GET /api/courses/ HTTP/1.1" 200 13612
INFO 2026-04-30 15:55:08,680 basehttp "GET /api/discounts/?course=1&branch=1&available=1 HTTP/1.1" 200 2
INFO 2026-04-30 15:55:12,361 basehttp "GET /favicon.ico HTTP/1.1" 200 420
INFO 2026-04-30 15:55:12,548 basehttp "GET /api/courses/ HTTP/1.1" 200 13612
ERROR 2026-04-30 15:55:12,610 log Internal Server Error: /api/walkins/
Traceback (most recent call last):
  File "C:\Users\Welcome\Desktop\CRM\March 24\files\.venv\lib\site-packages\django\core\handlers\exception.py", line 55, in inner
    response = get_response(request)
  File "C:\Users\Welcome\Desktop\CRM\March 24\files\.venv\lib\site-packages\django\core\handlers\base.py", line 197, in _get_response
    response = wrapped_callback(request, *callback_args, **callback_kwargs)
  File "C:\Users\Welcome\Desktop\CRM\March 24\files\.venv\lib\site-packages\django\views\decorators\csrf.py", line 56, in wrapper_view
    return view_func(*args, **kwargs)
  File "C:\Users\Welcome\Desktop\CRM\March 24\files\.venv\lib\site-packages\rest_framework\viewsets.py", line 125, in view
    return self.dispatch(request, *args, **kwargs)
  File "C:\Users\Welcome\Desktop\CRM\March 24\files\.venv\lib\site-packages\rest_framework\views.py", line 509, in dispatch
    response = self.handle_exception(exc)
  File "C:\Users\Welcome\Desktop\CRM\March 24\files\.venv\lib\site-packages\rest_framework\views.py", line 469, in handle_exception
    self.raise_uncaught_exception(exc)
  File "C:\Users\Welcome\Desktop\CRM\March 24\files\.venv\lib\site-packages\rest_framework\views.py", line 480, in raise_uncaught_exception
    raise exc
  File "C:\Users\Welcome\Desktop\CRM\March 24\files\.venv\lib\site-packages\rest_framework\views.py", line 506, in dispatch
    response = handler(request, *args, **kwargs)
  File "C:\Users\Welcome\Desktop\CRM\March 24\files\views.py", line 1367, in list
    'current_month_walkins': current_serializer.data,
  File "C:\Users\Welcome\Desktop\CRM\March 24\files\.venv\lib\site-packages\rest_framework\serializers.py", line 768, in data
    ret = super().data
  File "C:\Users\Welcome\Desktop\CRM\March 24\files\.venv\lib\site-packages\rest_framework\serializers.py", line 253, in data
    self._data = self.to_representation(self.instance)
  File "C:\Users\Welcome\Desktop\CRM\March 24\files\.venv\lib\site-packages\rest_framework\serializers.py", line 686, in to_representation
    return [
  File "C:\Users\Welcome\Desktop\CRM\March 24\files\.venv\lib\site-packages\rest_framework\serializers.py", line 687, in <listcomp>
    self.child.to_representation(item) for item in iterable
  File "C:\Users\Welcome\Desktop\CRM\March 24\files\.venv\lib\site-packages\rest_framework\serializers.py", line 507, in to_representation
    for field in fields:
  File "C:\Users\Welcome\Desktop\CRM\March 24\files\.venv\lib\site-packages\rest_framework\serializers.py", line 368, in _readable_fields
    for field in self.fields.values():
  File "C:\Users\Welcome\Desktop\CRM\March 24\files\.venv\lib\site-packages\django\utils\functional.py", line 57, in __get__
    res = instance.__dict__[self.name] = self.func(instance)
  File "C:\Users\Welcome\Desktop\CRM\March 24\files\.venv\lib\site-packages\rest_framework\serializers.py", line 356, in fields
    for key, value in self.get_fields().items():
  File "C:\Users\Welcome\Desktop\CRM\March 24\files\.venv\lib\site-packages\rest_framework\serializers.py", line 1052, in get_fields
    field_names = self.get_field_names(declared_fields, info)
  File "C:\Users\Welcome\Desktop\CRM\March 24\files\.venv\lib\site-packages\rest_framework\serializers.py", line 1148, in get_field_names
    assert field_name in fields, (
AssertionError: The field 'converted_by_name' was declared on serializer WalkInListSerializer, but has not been included in the 'fields' option.
ERROR 2026-04-30 15:55:12,613 basehttp "GET /api/walkins/?sectioned=1 HTTP/1.1" 500 161858
INFO 2026-04-30 15:55:16,352 basehttp "GET /walkins HTTP/1.1" 200 420
INFO 2026-04-30 15:55:16,381 basehttp "GET /static/assets/index-eae99f33.css HTTP/1.1" 304 0
INFO 2026-04-30 15:55:16,381 basehttp "GET /static/assets/index-2d0d17ed.js HTTP/1.1" 304 0
INFO 2026-04-30 15:55:16,466 basehttp "GET /api/auth/me/ HTTP/1.1" 200 271
INFO 2026-04-30 15:55:16,512 basehttp "GET /static/assets/libertinus-serif-600-9f6e3162.woff2 HTTP/1.1" 304 0
INFO 2026-04-30 15:55:16,530 basehttp "GET /static/assets/brand-logo-05bda913.png HTTP/1.1" 304 0
INFO 2026-04-30 15:55:16,541 basehttp "GET /static/assets/libertinus-serif-400-c73c9f3b.woff2 HTTP/1.1" 304 0
INFO 2026-04-30 15:55:16,557 basehttp "GET /favicon.ico HTTP/1.1" 200 420
INFO 2026-04-30 15:55:16,567 basehttp "GET /static/assets/libertinus-serif-700-8bd2d42a.woff2 HTTP/1.1" 304 0
INFO 2026-04-30 15:55:16,659 basehttp "GET /api/notifications/ HTTP/1.1" 200 2
INFO 2026-04-30 15:55:16,709 basehttp "GET /api/dashboard/my-rating/ HTTP/1.1" 200 1070
ERROR 2026-04-30 15:55:16,792 log Internal Server Error: /api/walkins/
Traceback (most recent call last):
  File "C:\Users\Welcome\Desktop\CRM\March 24\files\.venv\lib\site-packages\django\core\handlers\exception.py", line 55, in inner
    response = get_response(request)
  File "C:\Users\Welcome\Desktop\CRM\March 24\files\.venv\lib\site-packages\django\core\handlers\base.py", line 197, in _get_response
    response = wrapped_callback(request, *callback_args, **callback_kwargs)
  File "C:\Users\Welcome\Desktop\CRM\March 24\files\.venv\lib\site-packages\django\views\decorators\csrf.py", line 56, in wrapper_view
    return view_func(*args, **kwargs)
  File "C:\Users\Welcome\Desktop\CRM\March 24\files\.venv\lib\site-packages\rest_framework\viewsets.py", line 125, in view
    return self.dispatch(request, *args, **kwargs)
  File "C:\Users\Welcome\Desktop\CRM\March 24\files\.venv\lib\site-packages\rest_framework\views.py", line 509, in dispatch
    response = self.handle_exception(exc)
  File "C:\Users\Welcome\Desktop\CRM\March 24\files\.venv\lib\site-packages\rest_framework\views.py", line 469, in handle_exception
    self.raise_uncaught_exception(exc)
  File "C:\Users\Welcome\Desktop\CRM\March 24\files\.venv\lib\site-packages\rest_framework\views.py", line 480, in raise_uncaught_exception
    raise exc
  File "C:\Users\Welcome\Desktop\CRM\March 24\files\.venv\lib\site-packages\rest_framework\views.py", line 506, in dispatch
    response = handler(request, *args, **kwargs)
  File "C:\Users\Welcome\Desktop\CRM\March 24\files\views.py", line 1367, in list
    'current_month_walkins': current_serializer.data,
  File "C:\Users\Welcome\Desktop\CRM\March 24\files\.venv\lib\site-packages\rest_framework\serializers.py", line 768, in data
    ret = super().data
  File "C:\Users\Welcome\Desktop\CRM\March 24\files\.venv\lib\site-packages\rest_framework\serializers.py", line 253, in data
    self._data = self.to_representation(self.instance)
  File "C:\Users\Welcome\Desktop\CRM\March 24\files\.venv\lib\site-packages\rest_framework\serializers.py", line 686, in to_representation
    return [
  File "C:\Users\Welcome\Desktop\CRM\March 24\files\.venv\lib\site-packages\rest_framework\serializers.py", line 687, in <listcomp>
    self.child.to_representation(item) for item in iterable
  File "C:\Users\Welcome\Desktop\CRM\March 24\files\.venv\lib\site-packages\rest_framework\serializers.py", line 507, in to_representation
    for field in fields:
  File "C:\Users\Welcome\Desktop\CRM\March 24\files\.venv\lib\site-packages\rest_framework\serializers.py", line 368, in _readable_fields
    for field in self.fields.values():
  File "C:\Users\Welcome\Desktop\CRM\March 24\files\.venv\lib\site-packages\django\utils\functional.py", line 57, in __get__
    res = instance.__dict__[self.name] = self.func(instance)
  File "C:\Users\Welcome\Desktop\CRM\March 24\files\.venv\lib\site-packages\rest_framework\serializers.py", line 356, in fields
    for key, value in self.get_fields().items():
  File "C:\Users\Welcome\Desktop\CRM\March 24\files\.venv\lib\site-packages\rest_framework\serializers.py", line 1052, in get_fields
    field_names = self.get_field_names(declared_fields, info)
  File "C:\Users\Welcome\Desktop\CRM\March 24\files\.venv\lib\site-packages\rest_framework\serializers.py", line 1148, in get_field_names
    assert field_name in fields, (
AssertionError: The field 'converted_by_name' was declared on serializer WalkInListSerializer, but has not been included in the 'fields' option.
INFO 2026-04-30 15:55:16,802 basehttp "GET /api/courses/ HTTP/1.1" 200 13612
ERROR 2026-04-30 15:55:16,803 basehttp "GET /api/walkins/?sectioned=1 HTTP/1.1" 500 161858
INFO 2026-04-30 15:55:17,855 basehttp "GET /walkins HTTP/1.1" 200 420
INFO 2026-04-30 15:55:17,930 basehttp "GET /api/auth/me/ HTTP/1.1" 200 271
INFO 2026-04-30 15:55:17,963 basehttp "GET /favicon.ico HTTP/1.1" 200 420
INFO 2026-04-30 15:55:18,034 basehttp "GET /walkins HTTP/1.1" 200 420
INFO 2026-04-30 15:55:18,083 basehttp - Broken pipe from ('127.0.0.1', 57918)
INFO 2026-04-30 15:55:18,142 basehttp "GET /favicon.ico HTTP/1.1" 200 420
INFO 2026-04-30 15:55:18,145 basehttp - Broken pipe from ('127.0.0.1', 58866)
INFO 2026-04-30 15:55:18,169 basehttp "GET /api/auth/me/ HTTP/1.1" 200 271
INFO 2026-04-30 15:55:18,209 basehttp "GET /walkins HTTP/1.1" 200 420
ERROR 2026-04-30 15:55:18,277 log Internal Server Error: /api/walkins/
Traceback (most recent call last):
  File "C:\Users\Welcome\Desktop\CRM\March 24\files\.venv\lib\site-packages\django\core\handlers\exception.py", line 55, in inner
    response = get_response(request)
  File "C:\Users\Welcome\Desktop\CRM\March 24\files\.venv\lib\site-packages\django\core\handlers\base.py", line 197, in _get_response
    response = wrapped_callback(request, *callback_args, **callback_kwargs)
  File "C:\Users\Welcome\Desktop\CRM\March 24\files\.venv\lib\site-packages\django\views\decorators\csrf.py", line 56, in wrapper_view
    return view_func(*args, **kwargs)
  File "C:\Users\Welcome\Desktop\CRM\March 24\files\.venv\lib\site-packages\rest_framework\viewsets.py", line 125, in view
    return self.dispatch(request, *args, **kwargs)
  File "C:\Users\Welcome\Desktop\CRM\March 24\files\.venv\lib\site-packages\rest_framework\views.py", line 509, in dispatch
    response = self.handle_exception(exc)
  File "C:\Users\Welcome\Desktop\CRM\March 24\files\.venv\lib\site-packages\rest_framework\views.py", line 469, in handle_exception
    self.raise_uncaught_exception(exc)
  File "C:\Users\Welcome\Desktop\CRM\March 24\files\.venv\lib\site-packages\rest_framework\views.py", line 480, in raise_uncaught_exception
    raise exc
  File "C:\Users\Welcome\Desktop\CRM\March 24\files\.venv\lib\site-packages\rest_framework\views.py", line 506, in dispatch
    response = handler(request, *args, **kwargs)
  File "C:\Users\Welcome\Desktop\CRM\March 24\files\views.py", line 1367, in list
    'current_month_walkins': current_serializer.data,
  File "C:\Users\Welcome\Desktop\CRM\March 24\files\.venv\lib\site-packages\rest_framework\serializers.py", line 768, in data
    ret = super().data
  File "C:\Users\Welcome\Desktop\CRM\March 24\files\.venv\lib\site-packages\rest_framework\serializers.py", line 253, in data
    self._data = self.to_representation(self.instance)
  File "C:\Users\Welcome\Desktop\CRM\March 24\files\.venv\lib\site-packages\rest_framework\serializers.py", line 686, in to_representation
    return [
  File "C:\Users\Welcome\Desktop\CRM\March 24\files\.venv\lib\site-packages\rest_framework\serializers.py", line 687, in <listcomp>
    self.child.to_representation(item) for item in iterable
  File "C:\Users\Welcome\Desktop\CRM\March 24\files\.venv\lib\site-packages\rest_framework\serializers.py", line 507, in to_representation
    for field in fields:
  File "C:\Users\Welcome\Desktop\CRM\March 24\files\.venv\lib\site-packages\rest_framework\serializers.py", line 368, in _readable_fields
    for field in self.fields.values():
  File "C:\Users\Welcome\Desktop\CRM\March 24\files\.venv\lib\site-packages\django\utils\functional.py", line 57, in __get__
    res = instance.__dict__[self.name] = self.func(instance)
  File "C:\Users\Welcome\Desktop\CRM\March 24\files\.venv\lib\site-packages\rest_framework\serializers.py", line 356, in fields
    for key, value in self.get_fields().items():
  File "C:\Users\Welcome\Desktop\CRM\March 24\files\.venv\lib\site-packages\rest_framework\serializers.py", line 1052, in get_fields
    field_names = self.get_field_names(declared_fields, info)
  File "C:\Users\Welcome\Desktop\CRM\March 24\files\.venv\lib\site-packages\rest_framework\serializers.py", line 1148, in get_field_names
    assert field_name in fields, (
AssertionError: The field 'converted_by_name' was declared on serializer WalkInListSerializer, but has not been included in the 'fields' option.
INFO 2026-04-30 15:55:18,295 basehttp - Broken pipe from ('127.0.0.1', 55809)
INFO 2026-04-30 15:55:18,296 basehttp - Broken pipe from ('127.0.0.1', 59100)
INFO 2026-04-30 15:55:18,315 basehttp "GET /api/auth/me/ HTTP/1.1" 200 271
INFO 2026-04-30 15:55:18,315 basehttp "GET /favicon.ico HTTP/1.1" 200 420
INFO 2026-04-30 15:55:18,435 basehttp "GET /walkins HTTP/1.1" 200 420
INFO 2026-04-30 15:55:18,486 basehttp - Broken pipe from ('127.0.0.1', 60706)
INFO 2026-04-30 15:55:18,510 basehttp "GET /favicon.ico HTTP/1.1" 200 420
INFO 2026-04-30 15:55:18,581 basehttp "GET /api/auth/me/ HTTP/1.1" 200 271
ERROR 2026-04-30 15:55:18,710 log Internal Server Error: /api/walkins/
Traceback (most recent call last):
  File "C:\Users\Welcome\Desktop\CRM\March 24\files\.venv\lib\site-packages\django\core\handlers\exception.py", line 55, in inner
    response = get_response(request)
  File "C:\Users\Welcome\Desktop\CRM\March 24\files\.venv\lib\site-packages\django\core\handlers\base.py", line 197, in _get_response
    response = wrapped_callback(request, *callback_args, **callback_kwargs)
  File "C:\Users\Welcome\Desktop\CRM\March 24\files\.venv\lib\site-packages\django\views\decorators\csrf.py", line 56, in wrapper_view
    return view_func(*args, **kwargs)
  File "C:\Users\Welcome\Desktop\CRM\March 24\files\.venv\lib\site-packages\rest_framework\viewsets.py", line 125, in view
    return self.dispatch(request, *args, **kwargs)
  File "C:\Users\Welcome\Desktop\CRM\March 24\files\.venv\lib\site-packages\rest_framework\views.py", line 509, in dispatch
    response = self.handle_exception(exc)
  File "C:\Users\Welcome\Desktop\CRM\March 24\files\.venv\lib\site-packages\rest_framework\views.py", line 469, in handle_exception
    self.raise_uncaught_exception(exc)
  File "C:\Users\Welcome\Desktop\CRM\March 24\files\.venv\lib\site-packages\rest_framework\views.py", line 480, in raise_uncaught_exception
    raise exc
  File "C:\Users\Welcome\Desktop\CRM\March 24\files\.venv\lib\site-packages\rest_framework\views.py", line 506, in dispatch
    response = handler(request, *args, **kwargs)
  File "C:\Users\Welcome\Desktop\CRM\March 24\files\views.py", line 1367, in list
    'current_month_walkins': current_serializer.data,
  File "C:\Users\Welcome\Desktop\CRM\March 24\files\.venv\lib\site-packages\rest_framework\serializers.py", line 768, in data
    ret = super().data
  File "C:\Users\Welcome\Desktop\CRM\March 24\files\.venv\lib\site-packages\rest_framework\serializers.py", line 253, in data
    self._data = self.to_representation(self.instance)
  File "C:\Users\Welcome\Desktop\CRM\March 24\files\.venv\lib\site-packages\rest_framework\serializers.py", line 686, in to_representation
    return [
  File "C:\Users\Welcome\Desktop\CRM\March 24\files\.venv\lib\site-packages\rest_framework\serializers.py", line 687, in <listcomp>
    self.child.to_representation(item) for item in iterable
  File "C:\Users\Welcome\Desktop\CRM\March 24\files\.venv\lib\site-packages\rest_framework\serializers.py", line 507, in to_representation
    for field in fields:
  File "C:\Users\Welcome\Desktop\CRM\March 24\files\.venv\lib\site-packages\rest_framework\serializers.py", line 368, in _readable_fields
    for field in self.fields.values():
  File "C:\Users\Welcome\Desktop\CRM\March 24\files\.venv\lib\site-packages\django\utils\functional.py", line 57, in __get__
    res = instance.__dict__[self.name] = self.func(instance)
  File "C:\Users\Welcome\Desktop\CRM\March 24\files\.venv\lib\site-packages\rest_framework\serializers.py", line 356, in fields
    for key, value in self.get_fields().items():
  File "C:\Users\Welcome\Desktop\CRM\March 24\files\.venv\lib\site-packages\rest_framework\serializers.py", line 1052, in get_fields
    field_names = self.get_field_names(declared_fields, info)
  File "C:\Users\Welcome\Desktop\CRM\March 24\files\.venv\lib\site-packages\rest_framework\serializers.py", line 1148, in get_field_names
    assert field_name in fields, (
AssertionError: The field 'converted_by_name' was declared on serializer WalkInListSerializer, but has not been included in the 'fields' option.
INFO 2026-04-30 15:55:18,754 basehttp - Broken pipe from ('127.0.0.1', 62214)
INFO 2026-04-30 15:55:18,768 basehttp - Broken pipe from ('127.0.0.1', 51438)
INFO 2026-04-30 15:55:18,839 basehttp "GET /api/notifications/ HTTP/1.1" 200 2
INFO 2026-04-30 15:55:18,995 basehttp "GET /api/dashboard/my-rating/ HTTP/1.1" 200 1070
INFO 2026-04-30 15:55:19,014 basehttp - Broken pipe from ('127.0.0.1', 64860)
INFO 2026-04-30 15:55:19,076 basehttp "GET /api/courses/ HTTP/1.1" 200 13612
ERROR 2026-04-30 15:55:19,126 log Internal Server Error: /api/walkins/
Traceback (most recent call last):
  File "C:\Users\Welcome\Desktop\CRM\March 24\files\.venv\lib\site-packages\django\core\handlers\exception.py", line 55, in inner
    response = get_response(request)
  File "C:\Users\Welcome\Desktop\CRM\March 24\files\.venv\lib\site-packages\django\core\handlers\base.py", line 197, in _get_response
    response = wrapped_callback(request, *callback_args, **callback_kwargs)
  File "C:\Users\Welcome\Desktop\CRM\March 24\files\.venv\lib\site-packages\django\views\decorators\csrf.py", line 56, in wrapper_view
    return view_func(*args, **kwargs)
  File "C:\Users\Welcome\Desktop\CRM\March 24\files\.venv\lib\site-packages\rest_framework\viewsets.py", line 125, in view
    return self.dispatch(request, *args, **kwargs)
  File "C:\Users\Welcome\Desktop\CRM\March 24\files\.venv\lib\site-packages\rest_framework\views.py", line 509, in dispatch
    response = self.handle_exception(exc)
  File "C:\Users\Welcome\Desktop\CRM\March 24\files\.venv\lib\site-packages\rest_framework\views.py", line 469, in handle_exception
    self.raise_uncaught_exception(exc)
  File "C:\Users\Welcome\Desktop\CRM\March 24\files\.venv\lib\site-packages\rest_framework\views.py", line 480, in raise_uncaught_exception
    raise exc
  File "C:\Users\Welcome\Desktop\CRM\March 24\files\.venv\lib\site-packages\rest_framework\views.py", line 506, in dispatch
    response = handler(request, *args, **kwargs)
  File "C:\Users\Welcome\Desktop\CRM\March 24\files\views.py", line 1367, in list
    'current_month_walkins': current_serializer.data,
  File "C:\Users\Welcome\Desktop\CRM\March 24\files\.venv\lib\site-packages\rest_framework\serializers.py", line 768, in data
    ret = super().data
  File "C:\Users\Welcome\Desktop\CRM\March 24\files\.venv\lib\site-packages\rest_framework\serializers.py", line 253, in data
    self._data = self.to_representation(self.instance)
  File "C:\Users\Welcome\Desktop\CRM\March 24\files\.venv\lib\site-packages\rest_framework\serializers.py", line 686, in to_representation
    return [
  File "C:\Users\Welcome\Desktop\CRM\March 24\files\.venv\lib\site-packages\rest_framework\serializers.py", line 687, in <listcomp>
    self.child.to_representation(item) for item in iterable
  File "C:\Users\Welcome\Desktop\CRM\March 24\files\.venv\lib\site-packages\rest_framework\serializers.py", line 507, in to_representation
    for field in fields:
  File "C:\Users\Welcome\Desktop\CRM\March 24\files\.venv\lib\site-packages\rest_framework\serializers.py", line 368, in _readable_fields
    for field in self.fields.values():
  File "C:\Users\Welcome\Desktop\CRM\March 24\files\.venv\lib\site-packages\django\utils\functional.py", line 57, in __get__
    res = instance.__dict__[self.name] = self.func(instance)
  File "C:\Users\Welcome\Desktop\CRM\March 24\files\.venv\lib\site-packages\rest_framework\serializers.py", line 356, in fields
    for key, value in self.get_fields().items():
  File "C:\Users\Welcome\Desktop\CRM\March 24\files\.venv\lib\site-packages\rest_framework\serializers.py", line 1052, in get_fields
    field_names = self.get_field_names(declared_fields, info)
  File "C:\Users\Welcome\Desktop\CRM\March 24\files\.venv\lib\site-packages\rest_framework\serializers.py", line 1148, in get_field_names
    assert field_name in fields, (
AssertionError: The field 'converted_by_name' was declared on serializer WalkInListSerializer, but has not been included in the 'fields' option.
ERROR 2026-04-30 15:55:19,131 basehttp "GET /api/walkins/?sectioned=1 HTTP/1.1" 500 161858
INFO 2026-04-30 15:56:26,926 autoreload C:\Users\Welcome\Desktop\CRM\March 24\files\views.py changed, reloading.
INFO 2026-04-30 15:56:28,567 autoreload Watching for file changes with StatReloader
INFO 2026-04-30 15:56:33,548 autoreload C:\Users\Welcome\Desktop\CRM\March 24\files\views.py changed, reloading.
INFO 2026-04-30 15:56:34,764 autoreload Watching for file changes with StatReloader
INFO 2026-04-30 15:57:52,814 basehttp "GET / HTTP/1.1" 200 420
INFO 2026-04-30 15:57:52,932 basehttp "GET /static/assets/index-eae99f33.css HTTP/1.1" 200 57174
INFO 2026-04-30 15:57:53,133 basehttp "GET /static/assets/index-bba42d6e.js HTTP/1.1" 200 491971
INFO 2026-04-30 15:57:53,203 basehttp "GET /favicon.ico HTTP/1.1" 200 420
WARNING 2026-04-30 15:57:53,220 log Unauthorized: /api/auth/me/
WARNING 2026-04-30 15:57:53,221 basehttp "GET /api/auth/me/ HTTP/1.1" 401 183
INFO 2026-04-30 15:57:53,239 basehttp "POST /api/auth/token/refresh/ HTTP/1.1" 200 705
INFO 2026-04-30 15:57:53,261 basehttp "GET /api/auth/me/ HTTP/1.1" 200 271
INFO 2026-04-30 15:57:53,273 basehttp "GET /favicon.ico HTTP/1.1" 200 420
INFO 2026-04-30 15:57:53,287 basehttp "GET /static/assets/brand-logo-05bda913.png HTTP/1.1" 200 572462
INFO 2026-04-30 15:57:53,327 basehttp "GET /static/assets/libertinus-serif-400-c73c9f3b.woff2 HTTP/1.1" 200 23400
INFO 2026-04-30 15:57:53,327 basehttp "GET /static/assets/libertinus-serif-700-8bd2d42a.woff2 HTTP/1.1" 200 23400
INFO 2026-04-30 15:57:53,330 basehttp "GET /static/assets/libertinus-serif-600-9f6e3162.woff2 HTTP/1.1" 200 22872
INFO 2026-04-30 15:58:14,316 basehttp "GET /login HTTP/1.1" 200 420
INFO 2026-04-30 15:58:14,396 basehttp "GET /static/assets/index-bba42d6e.js HTTP/1.1" 200 491971
INFO 2026-04-30 15:58:14,399 basehttp "GET /static/assets/index-eae99f33.css HTTP/1.1" 200 57174
INFO 2026-04-30 15:58:14,465 basehttp "GET /static/assets/brand-logo-05bda913.png HTTP/1.1" 200 572462
INFO 2026-04-30 15:58:14,500 basehttp "GET /static/assets/libertinus-serif-700-8bd2d42a.woff2 HTTP/1.1" 200 23400
INFO 2026-04-30 15:58:14,501 basehttp "GET /static/assets/libertinus-serif-400-c73c9f3b.woff2 HTTP/1.1" 200 23400
INFO 2026-04-30 15:58:14,503 basehttp "GET /static/assets/libertinus-serif-600-9f6e3162.woff2 HTTP/1.1" 200 22872
INFO 2026-04-30 15:58:14,905 basehttp "GET /favicon.ico HTTP/1.1" 200 420
INFO 2026-04-30 15:58:14,965 basehttp "GET /api/auth/me/ HTTP/1.1" 200 271
INFO 2026-04-30 15:59:42,856 basehttp "POST /api/auth/login/ HTTP/1.1" 200 878
INFO 2026-04-30 15:59:42,927 basehttp "GET /favicon.ico HTTP/1.1" 200 420
INFO 2026-04-30 15:59:42,989 basehttp "GET /api/dashboard/historical-analytics/ HTTP/1.1" 200 286
INFO 2026-04-30 15:59:43,037 basehttp "GET /api/notifications/ HTTP/1.1" 200 2
INFO 2026-04-30 15:59:43,094 basehttp "GET /api/dashboard/my-rating/ HTTP/1.1" 200 1070
INFO 2026-04-30 15:59:43,105 basehttp "GET /api/dashboard/summary/ HTTP/1.1" 200 650
INFO 2026-04-30 15:59:55,405 basehttp "GET /favicon.ico HTTP/1.1" 200 420
INFO 2026-04-30 15:59:55,569 basehttp "GET /api/courses/ HTTP/1.1" 200 13612
ERROR 2026-04-30 15:59:55,665 log Internal Server Error: /api/walkins/
Traceback (most recent call last):
  File "C:\Users\Welcome\Desktop\CRM\March 24\files\.venv\lib\site-packages\django\core\handlers\exception.py", line 55, in inner
    response = get_response(request)
  File "C:\Users\Welcome\Desktop\CRM\March 24\files\.venv\lib\site-packages\django\core\handlers\base.py", line 197, in _get_response
    response = wrapped_callback(request, *callback_args, **callback_kwargs)
  File "C:\Users\Welcome\Desktop\CRM\March 24\files\.venv\lib\site-packages\django\views\decorators\csrf.py", line 56, in wrapper_view
    return view_func(*args, **kwargs)
  File "C:\Users\Welcome\Desktop\CRM\March 24\files\.venv\lib\site-packages\rest_framework\viewsets.py", line 125, in view
    return self.dispatch(request, *args, **kwargs)
  File "C:\Users\Welcome\Desktop\CRM\March 24\files\.venv\lib\site-packages\rest_framework\views.py", line 509, in dispatch
    response = self.handle_exception(exc)
  File "C:\Users\Welcome\Desktop\CRM\March 24\files\.venv\lib\site-packages\rest_framework\views.py", line 469, in handle_exception
    self.raise_uncaught_exception(exc)
  File "C:\Users\Welcome\Desktop\CRM\March 24\files\.venv\lib\site-packages\rest_framework\views.py", line 480, in raise_uncaught_exception
    raise exc
  File "C:\Users\Welcome\Desktop\CRM\March 24\files\.venv\lib\site-packages\rest_framework\views.py", line 506, in dispatch
    response = handler(request, *args, **kwargs)
  File "C:\Users\Welcome\Desktop\CRM\March 24\files\views.py", line 1374, in list
    'current_month_walkins': current_serializer.data,
  File "C:\Users\Welcome\Desktop\CRM\March 24\files\.venv\lib\site-packages\rest_framework\serializers.py", line 768, in data
    ret = super().data
  File "C:\Users\Welcome\Desktop\CRM\March 24\files\.venv\lib\site-packages\rest_framework\serializers.py", line 253, in data
    self._data = self.to_representation(self.instance)
  File "C:\Users\Welcome\Desktop\CRM\March 24\files\.venv\lib\site-packages\rest_framework\serializers.py", line 686, in to_representation
    return [
  File "C:\Users\Welcome\Desktop\CRM\March 24\files\.venv\lib\site-packages\rest_framework\serializers.py", line 687, in <listcomp>
    self.child.to_representation(item) for item in iterable
  File "C:\Users\Welcome\Desktop\CRM\March 24\files\.venv\lib\site-packages\rest_framework\serializers.py", line 507, in to_representation
    for field in fields:
  File "C:\Users\Welcome\Desktop\CRM\March 24\files\.venv\lib\site-packages\rest_framework\serializers.py", line 368, in _readable_fields
    for field in self.fields.values():
  File "C:\Users\Welcome\Desktop\CRM\March 24\files\.venv\lib\site-packages\django\utils\functional.py", line 57, in __get__
    res = instance.__dict__[self.name] = self.func(instance)
  File "C:\Users\Welcome\Desktop\CRM\March 24\files\.venv\lib\site-packages\rest_framework\serializers.py", line 356, in fields
    for key, value in self.get_fields().items():
  File "C:\Users\Welcome\Desktop\CRM\March 24\files\.venv\lib\site-packages\rest_framework\serializers.py", line 1052, in get_fields
    field_names = self.get_field_names(declared_fields, info)
  File "C:\Users\Welcome\Desktop\CRM\March 24\files\.venv\lib\site-packages\rest_framework\serializers.py", line 1148, in get_field_names
    assert field_name in fields, (
AssertionError: The field 'converted_by_name' was declared on serializer WalkInListSerializer, but has not been included in the 'fields' option.
ERROR 2026-04-30 15:59:55,672 basehttp "GET /api/walkins/?sectioned=1 HTTP/1.1" 500 161858
INFO 2026-04-30 15:59:58,204 basehttp "GET /favicon.ico HTTP/1.1" 200 420
INFO 2026-04-30 15:59:58,212 basehttp "GET /api/leads/ HTTP/1.1" 200 339
INFO 2026-04-30 15:59:59,731 basehttp "GET /favicon.ico HTTP/1.1" 200 420
INFO 2026-04-30 15:59:59,759 basehttp "GET /api/branches/ HTTP/1.1" 200 1107
INFO 2026-04-30 15:59:59,785 basehttp "GET /api/leads/9/ HTTP/1.1" 200 768
INFO 2026-04-30 15:59:59,857 basehttp "GET /api/courses/ HTTP/1.1" 200 13612
INFO 2026-04-30 16:00:42,972 basehttp "POST /api/auth/heartbeat/ HTTP/1.1" 200 57
INFO 2026-04-30 16:01:03,021 basehttp "GET /favicon.ico HTTP/1.1" 200 420
INFO 2026-04-30 16:01:03,151 basehttp "GET /api/courses/ HTTP/1.1" 200 13612
ERROR 2026-04-30 16:01:03,244 log Internal Server Error: /api/walkins/
Traceback (most recent call last):
  File "C:\Users\Welcome\Desktop\CRM\March 24\files\.venv\lib\site-packages\django\core\handlers\exception.py", line 55, in inner
    response = get_response(request)
  File "C:\Users\Welcome\Desktop\CRM\March 24\files\.venv\lib\site-packages\django\core\handlers\base.py", line 197, in _get_response
    response = wrapped_callback(request, *callback_args, **callback_kwargs)
  File "C:\Users\Welcome\Desktop\CRM\March 24\files\.venv\lib\site-packages\django\views\decorators\csrf.py", line 56, in wrapper_view
    return view_func(*args, **kwargs)
  File "C:\Users\Welcome\Desktop\CRM\March 24\files\.venv\lib\site-packages\rest_framework\viewsets.py", line 125, in view
    return self.dispatch(request, *args, **kwargs)
  File "C:\Users\Welcome\Desktop\CRM\March 24\files\.venv\lib\site-packages\rest_framework\views.py", line 509, in dispatch
    response = self.handle_exception(exc)
  File "C:\Users\Welcome\Desktop\CRM\March 24\files\.venv\lib\site-packages\rest_framework\views.py", line 469, in handle_exception
    self.raise_uncaught_exception(exc)
  File "C:\Users\Welcome\Desktop\CRM\March 24\files\.venv\lib\site-packages\rest_framework\views.py", line 480, in raise_uncaught_exception
    raise exc
  File "C:\Users\Welcome\Desktop\CRM\March 24\files\.venv\lib\site-packages\rest_framework\views.py", line 506, in dispatch
    response = handler(request, *args, **kwargs)
  File "C:\Users\Welcome\Desktop\CRM\March 24\files\views.py", line 1374, in list
    'current_month_walkins': current_serializer.data,
  File "C:\Users\Welcome\Desktop\CRM\March 24\files\.venv\lib\site-packages\rest_framework\serializers.py", line 768, in data
    ret = super().data
  File "C:\Users\Welcome\Desktop\CRM\March 24\files\.venv\lib\site-packages\rest_framework\serializers.py", line 253, in data
    self._data = self.to_representation(self.instance)
  File "C:\Users\Welcome\Desktop\CRM\March 24\files\.venv\lib\site-packages\rest_framework\serializers.py", line 686, in to_representation
    return [
  File "C:\Users\Welcome\Desktop\CRM\March 24\files\.venv\lib\site-packages\rest_framework\serializers.py", line 687, in <listcomp>
    self.child.to_representation(item) for item in iterable
  File "C:\Users\Welcome\Desktop\CRM\March 24\files\.venv\lib\site-packages\rest_framework\serializers.py", line 507, in to_representation
    for field in fields:
  File "C:\Users\Welcome\Desktop\CRM\March 24\files\.venv\lib\site-packages\rest_framework\serializers.py", line 368, in _readable_fields
    for field in self.fields.values():
  File "C:\Users\Welcome\Desktop\CRM\March 24\files\.venv\lib\site-packages\django\utils\functional.py", line 57, in __get__
    res = instance.__dict__[self.name] = self.func(instance)
  File "C:\Users\Welcome\Desktop\CRM\March 24\files\.venv\lib\site-packages\rest_framework\serializers.py", line 356, in fields
    for key, value in self.get_fields().items():
  File "C:\Users\Welcome\Desktop\CRM\March 24\files\.venv\lib\site-packages\rest_framework\serializers.py", line 1052, in get_fields
    field_names = self.get_field_names(declared_fields, info)
  File "C:\Users\Welcome\Desktop\CRM\March 24\files\.venv\lib\site-packages\rest_framework\serializers.py", line 1148, in get_field_names
    assert field_name in fields, (
AssertionError: The field 'converted_by_name' was declared on serializer WalkInListSerializer, but has not been included in the 'fields' option.
ERROR 2026-04-30 16:01:03,260 basehttp "GET /api/walkins/?sectioned=1 HTTP/1.1" 500 161855
INFO 2026-04-30 16:01:06,446 basehttp "GET /walkins HTTP/1.1" 200 420
INFO 2026-04-30 16:01:06,470 basehttp "GET /static/assets/index-bba42d6e.js HTTP/1.1" 304 0
INFO 2026-04-30 16:01:06,470 basehttp "GET /static/assets/index-eae99f33.css HTTP/1.1" 304 0
INFO 2026-04-30 16:01:06,561 basehttp "GET /api/auth/me/ HTTP/1.1" 200 271
INFO 2026-04-30 16:01:06,765 basehttp "GET /static/assets/brand-logo-05bda913.png HTTP/1.1" 304 0
INFO 2026-04-30 16:01:06,792 basehttp "GET /favicon.ico HTTP/1.1" 200 420
INFO 2026-04-30 16:01:06,907 basehttp "GET /api/notifications/ HTTP/1.1" 200 2
INFO 2026-04-30 16:01:06,935 basehttp "GET /api/dashboard/my-rating/ HTTP/1.1" 200 1070
INFO 2026-04-30 16:01:07,015 basehttp "GET /api/courses/ HTTP/1.1" 200 13612
ERROR 2026-04-30 16:01:07,064 log Internal Server Error: /api/walkins/
Traceback (most recent call last):
  File "C:\Users\Welcome\Desktop\CRM\March 24\files\.venv\lib\site-packages\django\core\handlers\exception.py", line 55, in inner
    response = get_response(request)
  File "C:\Users\Welcome\Desktop\CRM\March 24\files\.venv\lib\site-packages\django\core\handlers\base.py", line 197, in _get_response
    response = wrapped_callback(request, *callback_args, **callback_kwargs)
  File "C:\Users\Welcome\Desktop\CRM\March 24\files\.venv\lib\site-packages\django\views\decorators\csrf.py", line 56, in wrapper_view
    return view_func(*args, **kwargs)
  File "C:\Users\Welcome\Desktop\CRM\March 24\files\.venv\lib\site-packages\rest_framework\viewsets.py", line 125, in view
    return self.dispatch(request, *args, **kwargs)
  File "C:\Users\Welcome\Desktop\CRM\March 24\files\.venv\lib\site-packages\rest_framework\views.py", line 509, in dispatch
    response = self.handle_exception(exc)
  File "C:\Users\Welcome\Desktop\CRM\March 24\files\.venv\lib\site-packages\rest_framework\views.py", line 469, in handle_exception
    self.raise_uncaught_exception(exc)
  File "C:\Users\Welcome\Desktop\CRM\March 24\files\.venv\lib\site-packages\rest_framework\views.py", line 480, in raise_uncaught_exception
    raise exc
  File "C:\Users\Welcome\Desktop\CRM\March 24\files\.venv\lib\site-packages\rest_framework\views.py", line 506, in dispatch
    response = handler(request, *args, **kwargs)
  File "C:\Users\Welcome\Desktop\CRM\March 24\files\views.py", line 1374, in list
    'current_month_walkins': current_serializer.data,
  File "C:\Users\Welcome\Desktop\CRM\March 24\files\.venv\lib\site-packages\rest_framework\serializers.py", line 768, in data
    ret = super().data
  File "C:\Users\Welcome\Desktop\CRM\March 24\files\.venv\lib\site-packages\rest_framework\serializers.py", line 253, in data
    self._data = self.to_representation(self.instance)
  File "C:\Users\Welcome\Desktop\CRM\March 24\files\.venv\lib\site-packages\rest_framework\serializers.py", line 686, in to_representation
    return [
  File "C:\Users\Welcome\Desktop\CRM\March 24\files\.venv\lib\site-packages\rest_framework\serializers.py", line 687, in <listcomp>
    self.child.to_representation(item) for item in iterable
  File "C:\Users\Welcome\Desktop\CRM\March 24\files\.venv\lib\site-packages\rest_framework\serializers.py", line 507, in to_representation
    for field in fields:
  File "C:\Users\Welcome\Desktop\CRM\March 24\files\.venv\lib\site-packages\rest_framework\serializers.py", line 368, in _readable_fields
    for field in self.fields.values():
  File "C:\Users\Welcome\Desktop\CRM\March 24\files\.venv\lib\site-packages\django\utils\functional.py", line 57, in __get__
    res = instance.__dict__[self.name] = self.func(instance)
  File "C:\Users\Welcome\Desktop\CRM\March 24\files\.venv\lib\site-packages\rest_framework\serializers.py", line 356, in fields
    for key, value in self.get_fields().items():
  File "C:\Users\Welcome\Desktop\CRM\March 24\files\.venv\lib\site-packages\rest_framework\serializers.py", line 1052, in get_fields
    field_names = self.get_field_names(declared_fields, info)
  File "C:\Users\Welcome\Desktop\CRM\March 24\files\.venv\lib\site-packages\rest_framework\serializers.py", line 1148, in get_field_names
    assert field_name in fields, (
AssertionError: The field 'converted_by_name' was declared on serializer WalkInListSerializer, but has not been included in the 'fields' option.
ERROR 2026-04-30 16:01:07,068 basehttp "GET /api/walkins/?sectioned=1 HTTP/1.1" 500 161856
INFO 2026-04-30 16:02:07,735 basehttp "POST /api/auth/heartbeat/ HTTP/1.1" 200 57
INFO 2026-04-30 16:03:07,753 basehttp "POST /api/auth/heartbeat/ HTTP/1.1" 200 57
INFO 2026-04-30 16:04:07,694 basehttp "POST /api/auth/heartbeat/ HTTP/1.1" 200 57
INFO 2026-04-30 16:05:07,740 basehttp "POST /api/auth/heartbeat/ HTTP/1.1" 200 57
INFO 2026-04-30 16:06:07,743 basehttp "POST /api/auth/heartbeat/ HTTP/1.1" 200 57
INFO 2026-04-30 16:07:07,737 basehttp "POST /api/auth/heartbeat/ HTTP/1.1" 200 57
INFO 2026-04-30 16:09:01,750 basehttp "POST /api/auth/heartbeat/ HTTP/1.1" 200 57
INFO 2026-04-30 16:09:07,505 autoreload C:\Users\Welcome\Desktop\CRM\March 24\files\views.py changed, reloading.
INFO 2026-04-30 16:09:08,681 autoreload Watching for file changes with StatReloader
INFO 2026-04-30 16:09:13,621 autoreload C:\Users\Welcome\Desktop\CRM\March 24\files\views.py changed, reloading.
INFO 2026-04-30 16:09:14,773 autoreload Watching for file changes with StatReloader
INFO 2026-04-30 16:09:37,085 autoreload C:\Users\Welcome\Desktop\CRM\March 24\files\views.py changed, reloading.
INFO 2026-04-30 16:09:38,333 autoreload Watching for file changes with StatReloader
INFO 2026-04-30 16:10:01,720 basehttp "POST /api/auth/heartbeat/ HTTP/1.1" 200 57
INFO 2026-04-30 16:10:32,921 basehttp "POST /api/auth/heartbeat/ HTTP/1.1" 200 57
INFO 2026-04-30 16:10:34,364 basehttp "GET /walkins HTTP/1.1" 200 420
INFO 2026-04-30 16:10:34,583 basehttp "GET /static/assets/index-eae99f33.css HTTP/1.1" 200 57174
INFO 2026-04-30 16:10:34,775 basehttp "GET /static/assets/index-bba42d6e.js HTTP/1.1" 200 491971
INFO 2026-04-30 16:10:35,077 basehttp "GET /static/assets/libertinus-serif-600-9f6e3162.woff2 HTTP/1.1" 200 22872
INFO 2026-04-30 16:10:35,163 basehttp "GET /favicon.ico HTTP/1.1" 200 420
INFO 2026-04-30 16:10:35,189 basehttp "GET /api/auth/me/ HTTP/1.1" 200 271
INFO 2026-04-30 16:10:35,393 basehttp "GET /static/assets/libertinus-serif-700-8bd2d42a.woff2 HTTP/1.1" 200 23400
INFO 2026-04-30 16:10:35,519 basehttp "GET /static/assets/libertinus-serif-400-c73c9f3b.woff2 HTTP/1.1" 200 23400
INFO 2026-04-30 16:10:35,523 basehttp "GET /api/notifications/ HTTP/1.1" 200 2
INFO 2026-04-30 16:10:35,526 basehttp "GET /static/assets/brand-logo-05bda913.png HTTP/1.1" 200 572462
INFO 2026-04-30 16:10:35,533 basehttp "GET /api/dashboard/my-rating/ HTTP/1.1" 200 1070
INFO 2026-04-30 16:10:35,644 basehttp "GET /api/courses/ HTTP/1.1" 200 13612
ERROR 2026-04-30 16:10:35,751 log Internal Server Error: /api/walkins/
Traceback (most recent call last):
  File "C:\Users\Welcome\Desktop\CRM\March 24\files\.venv\lib\site-packages\django\core\handlers\exception.py", line 55, in inner
    response = get_response(request)
  File "C:\Users\Welcome\Desktop\CRM\March 24\files\.venv\lib\site-packages\django\core\handlers\base.py", line 197, in _get_response
    response = wrapped_callback(request, *callback_args, **callback_kwargs)
  File "C:\Users\Welcome\Desktop\CRM\March 24\files\.venv\lib\site-packages\django\views\decorators\csrf.py", line 56, in wrapper_view
    return view_func(*args, **kwargs)
  File "C:\Users\Welcome\Desktop\CRM\March 24\files\.venv\lib\site-packages\rest_framework\viewsets.py", line 125, in view
    return self.dispatch(request, *args, **kwargs)
  File "C:\Users\Welcome\Desktop\CRM\March 24\files\.venv\lib\site-packages\rest_framework\views.py", line 509, in dispatch
    response = self.handle_exception(exc)
  File "C:\Users\Welcome\Desktop\CRM\March 24\files\.venv\lib\site-packages\rest_framework\views.py", line 469, in handle_exception
    self.raise_uncaught_exception(exc)
  File "C:\Users\Welcome\Desktop\CRM\March 24\files\.venv\lib\site-packages\rest_framework\views.py", line 480, in raise_uncaught_exception
    raise exc
  File "C:\Users\Welcome\Desktop\CRM\March 24\files\.venv\lib\site-packages\rest_framework\views.py", line 506, in dispatch
    response = handler(request, *args, **kwargs)
  File "C:\Users\Welcome\Desktop\CRM\March 24\files\views.py", line 1383, in list
    'current_month_walkins': current_serializer.data,
  File "C:\Users\Welcome\Desktop\CRM\March 24\files\.venv\lib\site-packages\rest_framework\serializers.py", line 768, in data
    ret = super().data
  File "C:\Users\Welcome\Desktop\CRM\March 24\files\.venv\lib\site-packages\rest_framework\serializers.py", line 253, in data
    self._data = self.to_representation(self.instance)
  File "C:\Users\Welcome\Desktop\CRM\March 24\files\.venv\lib\site-packages\rest_framework\serializers.py", line 686, in to_representation
    return [
  File "C:\Users\Welcome\Desktop\CRM\March 24\files\.venv\lib\site-packages\rest_framework\serializers.py", line 687, in <listcomp>
    self.child.to_representation(item) for item in iterable
  File "C:\Users\Welcome\Desktop\CRM\March 24\files\.venv\lib\site-packages\rest_framework\serializers.py", line 507, in to_representation
    for field in fields:
  File "C:\Users\Welcome\Desktop\CRM\March 24\files\.venv\lib\site-packages\rest_framework\serializers.py", line 368, in _readable_fields
    for field in self.fields.values():
  File "C:\Users\Welcome\Desktop\CRM\March 24\files\.venv\lib\site-packages\django\utils\functional.py", line 57, in __get__
    res = instance.__dict__[self.name] = self.func(instance)
  File "C:\Users\Welcome\Desktop\CRM\March 24\files\.venv\lib\site-packages\rest_framework\serializers.py", line 356, in fields
    for key, value in self.get_fields().items():
  File "C:\Users\Welcome\Desktop\CRM\March 24\files\.venv\lib\site-packages\rest_framework\serializers.py", line 1052, in get_fields
    field_names = self.get_field_names(declared_fields, info)
  File "C:\Users\Welcome\Desktop\CRM\March 24\files\.venv\lib\site-packages\rest_framework\serializers.py", line 1148, in get_field_names
    assert field_name in fields, (
AssertionError: The field 'converted_by_name' was declared on serializer WalkInListSerializer, but has not been included in the 'fields' option.
ERROR 2026-04-30 16:10:35,768 basehttp "GET /api/walkins/?sectioned=1 HTTP/1.1" 500 161858
INFO 2026-04-30 16:10:37,883 basehttp "GET /favicon.ico HTTP/1.1" 200 420
INFO 2026-04-30 16:10:37,912 basehttp "GET /api/leads/ HTTP/1.1" 200 339
INFO 2026-04-30 16:10:40,571 basehttp "GET /leads HTTP/1.1" 200 420
INFO 2026-04-30 16:10:40,595 basehttp "GET /static/assets/index-bba42d6e.js HTTP/1.1" 304 0
INFO 2026-04-30 16:10:40,597 basehttp "GET /static/assets/index-eae99f33.css HTTP/1.1" 304 0
INFO 2026-04-30 16:10:40,628 basehttp "GET /static/assets/libertinus-serif-600-9f6e3162.woff2 HTTP/1.1" 304 0
INFO 2026-04-30 16:10:40,649 basehttp "GET /api/auth/me/ HTTP/1.1" 200 271
INFO 2026-04-30 16:10:40,671 basehttp "GET /static/assets/brand-logo-05bda913.png HTTP/1.1" 304 0
INFO 2026-04-30 16:10:40,686 basehttp "GET /static/assets/libertinus-serif-700-8bd2d42a.woff2 HTTP/1.1" 304 0
INFO 2026-04-30 16:10:40,686 basehttp "GET /static/assets/libertinus-serif-400-c73c9f3b.woff2 HTTP/1.1" 304 0
INFO 2026-04-30 16:10:40,711 basehttp "GET /favicon.ico HTTP/1.1" 200 420
INFO 2026-04-30 16:10:40,721 basehttp "GET /api/leads/ HTTP/1.1" 200 339
INFO 2026-04-30 16:10:40,757 basehttp "GET /api/notifications/ HTTP/1.1" 200 2
INFO 2026-04-30 16:10:40,786 basehttp "GET /api/dashboard/my-rating/ HTTP/1.1" 200 1070
INFO 2026-04-30 16:10:43,610 basehttp "GET /favicon.ico HTTP/1.1" 200 420
INFO 2026-04-30 16:10:43,700 basehttp "POST /api/auth/logout/ HTTP/1.1" 200 37
INFO 2026-04-30 16:10:50,418 basehttp "POST /api/auth/login/ HTTP/1.1" 200 866
INFO 2026-04-30 16:10:50,474 basehttp "GET /favicon.ico HTTP/1.1" 200 420
INFO 2026-04-30 16:10:50,501 basehttp "GET /api/notifications/ HTTP/1.1" 200 2
INFO 2026-04-30 16:10:50,507 basehttp "GET /api/branches/ HTTP/1.1" 200 1107
INFO 2026-04-30 16:10:50,510 basehttp "GET /api/dashboard/historical-analytics/?branch=all HTTP/1.1" 200 289
INFO 2026-04-30 16:10:50,558 basehttp "GET /api/dashboard/summary/ HTTP/1.1" 200 655
INFO 2026-04-30 16:10:52,877 basehttp "GET /favicon.ico HTTP/1.1" 200 420
INFO 2026-04-30 16:10:52,885 basehttp "GET /api/branches/ HTTP/1.1" 200 1107
INFO 2026-04-30 16:10:52,915 basehttp "GET /api/users/ HTTP/1.1" 200 523
INFO 2026-04-30 16:10:53,064 basehttp "GET /api/courses/ HTTP/1.1" 200 13612
ERROR 2026-04-30 16:10:53,115 log Internal Server Error: /api/walkins/
Traceback (most recent call last):
  File "C:\Users\Welcome\Desktop\CRM\March 24\files\.venv\lib\site-packages\django\core\handlers\exception.py", line 55, in inner
    response = get_response(request)
  File "C:\Users\Welcome\Desktop\CRM\March 24\files\.venv\lib\site-packages\django\core\handlers\base.py", line 197, in _get_response
    response = wrapped_callback(request, *callback_args, **callback_kwargs)
  File "C:\Users\Welcome\Desktop\CRM\March 24\files\.venv\lib\site-packages\django\views\decorators\csrf.py", line 56, in wrapper_view
    return view_func(*args, **kwargs)
  File "C:\Users\Welcome\Desktop\CRM\March 24\files\.venv\lib\site-packages\rest_framework\viewsets.py", line 125, in view
    return self.dispatch(request, *args, **kwargs)
  File "C:\Users\Welcome\Desktop\CRM\March 24\files\.venv\lib\site-packages\rest_framework\views.py", line 509, in dispatch
    response = self.handle_exception(exc)
  File "C:\Users\Welcome\Desktop\CRM\March 24\files\.venv\lib\site-packages\rest_framework\views.py", line 469, in handle_exception
    self.raise_uncaught_exception(exc)
  File "C:\Users\Welcome\Desktop\CRM\March 24\files\.venv\lib\site-packages\rest_framework\views.py", line 480, in raise_uncaught_exception
    raise exc
  File "C:\Users\Welcome\Desktop\CRM\March 24\files\.venv\lib\site-packages\rest_framework\views.py", line 506, in dispatch
    response = handler(request, *args, **kwargs)
  File "C:\Users\Welcome\Desktop\CRM\March 24\files\views.py", line 1383, in list
    'current_month_walkins': current_serializer.data,
  File "C:\Users\Welcome\Desktop\CRM\March 24\files\.venv\lib\site-packages\rest_framework\serializers.py", line 768, in data
    ret = super().data
  File "C:\Users\Welcome\Desktop\CRM\March 24\files\.venv\lib\site-packages\rest_framework\serializers.py", line 253, in data
    self._data = self.to_representation(self.instance)
  File "C:\Users\Welcome\Desktop\CRM\March 24\files\.venv\lib\site-packages\rest_framework\serializers.py", line 686, in to_representation
    return [
  File "C:\Users\Welcome\Desktop\CRM\March 24\files\.venv\lib\site-packages\rest_framework\serializers.py", line 687, in <listcomp>
    self.child.to_representation(item) for item in iterable
  File "C:\Users\Welcome\Desktop\CRM\March 24\files\.venv\lib\site-packages\rest_framework\serializers.py", line 507, in to_representation
    for field in fields:
  File "C:\Users\Welcome\Desktop\CRM\March 24\files\.venv\lib\site-packages\rest_framework\serializers.py", line 368, in _readable_fields
    for field in self.fields.values():
  File "C:\Users\Welcome\Desktop\CRM\March 24\files\.venv\lib\site-packages\django\utils\functional.py", line 57, in __get__
    res = instance.__dict__[self.name] = self.func(instance)
  File "C:\Users\Welcome\Desktop\CRM\March 24\files\.venv\lib\site-packages\rest_framework\serializers.py", line 356, in fields
    for key, value in self.get_fields().items():
  File "C:\Users\Welcome\Desktop\CRM\March 24\files\.venv\lib\site-packages\rest_framework\serializers.py", line 1052, in get_fields
    field_names = self.get_field_names(declared_fields, info)
  File "C:\Users\Welcome\Desktop\CRM\March 24\files\.venv\lib\site-packages\rest_framework\serializers.py", line 1148, in get_field_names
    assert field_name in fields, (
AssertionError: The field 'converted_by_name' was declared on serializer WalkInListSerializer, but has not been included in the 'fields' option.
ERROR 2026-04-30 16:10:53,120 basehttp "GET /api/walkins/?sectioned=1 HTTP/1.1" 500 161859
INFO 2026-04-30 16:10:53,929 basehttp "GET /favicon.ico HTTP/1.1" 200 420
INFO 2026-04-30 16:10:53,948 basehttp "GET /api/leads/ HTTP/1.1" 200 339
INFO 2026-04-30 16:10:55,428 basehttp "GET /favicon.ico HTTP/1.1" 200 420
INFO 2026-04-30 16:10:55,462 basehttp "GET /api/branches/ HTTP/1.1" 200 1107
INFO 2026-04-30 16:10:55,472 basehttp "GET /api/leads/9/ HTTP/1.1" 200 768
INFO 2026-04-30 16:10:55,550 basehttp "GET /api/courses/ HTTP/1.1" 200 13612
INFO 2026-04-30 16:10:57,161 basehttp "GET /favicon.ico HTTP/1.1" 200 420
INFO 2026-04-30 16:10:57,200 basehttp "GET /api/walkins/staff-options/ HTTP/1.1" 200 110
INFO 2026-04-30 16:10:57,207 basehttp "GET /api/branches/ HTTP/1.1" 200 1107
INFO 2026-04-30 16:10:57,209 basehttp "GET /api/walkins/13/ HTTP/1.1" 200 941
INFO 2026-04-30 16:10:57,306 basehttp "GET /api/courses/ HTTP/1.1" 200 13612
INFO 2026-04-30 16:10:57,334 basehttp "GET /api/discounts/?course=1&branch=1&available=1 HTTP/1.1" 200 2
INFO 2026-04-30 16:11:33,091 basehttp "GET /favicon.ico HTTP/1.1" 200 420
INFO 2026-04-30 16:11:33,113 basehttp "GET /api/leads/ HTTP/1.1" 200 339
INFO 2026-04-30 16:11:34,589 basehttp "GET /favicon.ico HTTP/1.1" 200 420
INFO 2026-04-30 16:11:34,615 basehttp "GET /api/branches/ HTTP/1.1" 200 1107
INFO 2026-04-30 16:11:34,633 basehttp "GET /api/leads/9/ HTTP/1.1" 200 768
INFO 2026-04-30 16:11:34,715 basehttp "GET /api/courses/ HTTP/1.1" 200 13612
INFO 2026-04-30 16:11:50,674 basehttp "POST /api/auth/heartbeat/ HTTP/1.1" 200 57
INFO 2026-04-30 16:12:28,740 autoreload C:\Users\Welcome\Desktop\CRM\March 24\files\views.py changed, reloading.
INFO 2026-04-30 16:12:30,358 autoreload Watching for file changes with StatReloader
INFO 2026-04-30 16:12:50,279 autoreload C:\Users\Welcome\Desktop\CRM\March 24\files\serializers.py changed, reloading.
INFO 2026-04-30 16:12:51,390 autoreload Watching for file changes with StatReloader
INFO 2026-04-30 16:12:51,737 basehttp "POST /api/auth/heartbeat/ HTTP/1.1" 200 57
INFO 2026-04-30 16:13:46,355 autoreload Watching for file changes with StatReloader
INFO 2026-04-30 16:13:49,719 basehttp "GET / HTTP/1.1" 200 420
INFO 2026-04-30 16:13:49,847 basehttp "GET /static/assets/index-eae99f33.css HTTP/1.1" 200 57174
INFO 2026-04-30 16:13:50,076 basehttp "GET /static/assets/index-bba42d6e.js HTTP/1.1" 200 491971
INFO 2026-04-30 16:13:50,454 basehttp "GET /favicon.ico HTTP/1.1" 200 420
INFO 2026-04-30 16:13:50,457 basehttp "GET /api/auth/me/ HTTP/1.1" 200 249
INFO 2026-04-30 16:13:50,494 basehttp "GET /static/assets/brand-logo-05bda913.png HTTP/1.1" 200 572462
INFO 2026-04-30 16:13:50,509 basehttp "GET /favicon.ico HTTP/1.1" 200 420
INFO 2026-04-30 16:13:50,558 basehttp "GET /static/assets/libertinus-serif-600-9f6e3162.woff2 HTTP/1.1" 200 22872
INFO 2026-04-30 16:13:50,559 basehttp "GET /static/assets/libertinus-serif-400-c73c9f3b.woff2 HTTP/1.1" 200 23400
INFO 2026-04-30 16:13:50,559 basehttp "GET /static/assets/libertinus-serif-700-8bd2d42a.woff2 HTTP/1.1" 200 23400
INFO 2026-04-30 16:13:50,677 basehttp "POST /api/auth/heartbeat/ HTTP/1.1" 200 57
INFO 2026-04-30 16:14:05,158 basehttp "POST /api/auth/login/ HTTP/1.1" 200 878
INFO 2026-04-30 16:14:05,224 basehttp "GET /favicon.ico HTTP/1.1" 200 420
INFO 2026-04-30 16:14:05,300 basehttp "GET /api/dashboard/historical-analytics/ HTTP/1.1" 200 286
INFO 2026-04-30 16:14:05,337 basehttp "GET /api/notifications/ HTTP/1.1" 200 2
INFO 2026-04-30 16:14:05,387 basehttp "GET /api/dashboard/my-rating/ HTTP/1.1" 200 1070
INFO 2026-04-30 16:14:05,404 basehttp "GET /api/dashboard/summary/ HTTP/1.1" 200 650
INFO 2026-04-30 16:14:09,520 basehttp "GET /favicon.ico HTTP/1.1" 200 420
INFO 2026-04-30 16:14:09,552 basehttp "GET /api/leads/ HTTP/1.1" 200 341
INFO 2026-04-30 16:14:11,406 basehttp "GET /favicon.ico HTTP/1.1" 200 420
INFO 2026-04-30 16:14:11,473 basehttp "GET /api/walkins/?sectioned=1 HTTP/1.1" 200 609
INFO 2026-04-30 16:14:11,544 basehttp "GET /api/courses/ HTTP/1.1" 200 13612
INFO 2026-04-30 16:14:13,656 basehttp "GET /favicon.ico HTTP/1.1" 200 420
INFO 2026-04-30 16:14:13,683 basehttp "GET /api/branches/ HTTP/1.1" 200 1107
INFO 2026-04-30 16:14:13,690 basehttp "GET /api/enrollments/ HTTP/1.1" 200 2
INFO 2026-04-30 16:14:13,771 basehttp "GET /api/courses/ HTTP/1.1" 200 13612
INFO 2026-04-30 16:14:47,514 basehttp "GET /favicon.ico HTTP/1.1" 200 420
INFO 2026-04-30 16:14:47,561 basehttp "GET /api/walkins/?sectioned=1 HTTP/1.1" 200 609
INFO 2026-04-30 16:14:47,654 basehttp "GET /api/courses/ HTTP/1.1" 200 13612
INFO 2026-04-30 16:14:58,317 basehttp "GET /favicon.ico HTTP/1.1" 200 420
INFO 2026-04-30 16:14:58,355 basehttp "GET /api/branches/ HTTP/1.1" 200 1107
INFO 2026-04-30 16:14:58,363 basehttp "GET /api/walkins/staff-options/ HTTP/1.1" 200 62
INFO 2026-04-30 16:14:58,372 basehttp "GET /api/walkins/13/ HTTP/1.1" 200 941
INFO 2026-04-30 16:14:58,449 basehttp "GET /api/courses/ HTTP/1.1" 200 13612
INFO 2026-04-30 16:14:58,478 basehttp "GET /api/discounts/?course=1&branch=1&available=1 HTTP/1.1" 200 2
INFO 2026-04-30 16:15:05,238 basehttp "POST /api/auth/heartbeat/ HTTP/1.1" 200 57
INFO 2026-04-30 16:16:05,733 basehttp "POST /api/auth/heartbeat/ HTTP/1.1" 200 57
INFO 2026-04-30 16:17:05,738 basehttp "POST /api/auth/heartbeat/ HTTP/1.1" 200 57
INFO 2026-04-30 16:18:05,727 basehttp "POST /api/auth/heartbeat/ HTTP/1.1" 200 57
INFO 2026-04-30 16:19:05,685 basehttp "POST /api/auth/heartbeat/ HTTP/1.1" 200 57
INFO 2026-04-30 16:20:05,727 basehttp "POST /api/auth/heartbeat/ HTTP/1.1" 200 57
INFO 2026-04-30 16:21:23,030 autoreload C:\Users\Welcome\Desktop\CRM\March 24\files\views.py changed, reloading.
INFO 2026-04-30 16:21:24,961 autoreload Watching for file changes with StatReloader
INFO 2026-04-30 16:21:50,342 autoreload C:\Users\Welcome\Desktop\CRM\March 24\files\views.py changed, reloading.
INFO 2026-04-30 16:21:51,821 autoreload Watching for file changes with StatReloader
INFO 2026-04-30 16:22:01,807 basehttp "POST /api/auth/heartbeat/ HTTP/1.1" 200 57
INFO 2026-04-30 16:23:01,697 basehttp "POST /api/auth/heartbeat/ HTTP/1.1" 200 57
INFO 2026-04-30 16:24:01,748 basehttp "POST /api/auth/heartbeat/ HTTP/1.1" 200 57
INFO 2026-04-30 16:28:40,768 basehttp "POST /api/auth/heartbeat/ HTTP/1.1" 200 57
INFO 2026-04-30 16:30:01,701 basehttp "POST /api/auth/heartbeat/ HTTP/1.1" 200 57
INFO 2026-04-30 16:30:09,365 basehttp "POST /api/auth/heartbeat/ HTTP/1.1" 200 57
INFO 2026-04-30 16:31:05,697 basehttp "POST /api/auth/heartbeat/ HTTP/1.1" 200 57
INFO 2026-04-30 16:32:55,494 basehttp "POST /api/auth/heartbeat/ HTTP/1.1" 200 57
INFO 2026-04-30 16:33:05,691 basehttp "POST /api/auth/heartbeat/ HTTP/1.1" 200 57
INFO 2026-04-30 16:34:52,103 basehttp "POST /api/auth/heartbeat/ HTTP/1.1" 200 57
INFO 2026-04-30 16:34:59,064 basehttp "GET /walkins/13 HTTP/1.1" 200 420
INFO 2026-04-30 16:34:59,132 basehttp "GET /static/assets/index-9549455e.css HTTP/1.1" 200 56035
INFO 2026-04-30 16:34:59,328 basehttp "GET /static/assets/index-8ae59615.js HTTP/1.1" 200 490789
INFO 2026-04-30 16:34:59,574 basehttp "GET /static/assets/libertinus-serif-600-9f6e3162.woff2 HTTP/1.1" 200 22872
INFO 2026-04-30 16:34:59,623 basehttp "GET /api/auth/me/ HTTP/1.1" 200 271
INFO 2026-04-30 16:34:59,625 basehttp "GET /favicon.ico HTTP/1.1" 200 420
INFO 2026-04-30 16:34:59,690 basehttp "GET /api/branches/ HTTP/1.1" 200 1107
INFO 2026-04-30 16:34:59,711 basehttp "GET /api/walkins/13/ HTTP/1.1" 200 941
INFO 2026-04-30 16:34:59,715 basehttp "GET /api/notifications/ HTTP/1.1" 200 2
INFO 2026-04-30 16:34:59,720 basehttp "GET /static/assets/libertinus-serif-700-8bd2d42a.woff2 HTTP/1.1" 200 23400
INFO 2026-04-30 16:34:59,730 basehttp "GET /static/assets/libertinus-serif-400-c73c9f3b.woff2 HTTP/1.1" 200 23400
INFO 2026-04-30 16:34:59,735 basehttp "GET /api/dashboard/my-rating/ HTTP/1.1" 200 1070
INFO 2026-04-30 16:34:59,736 basehttp "GET /static/assets/brand-logo-05bda913.png HTTP/1.1" 200 572462
INFO 2026-04-30 16:34:59,784 basehttp "GET /api/courses/ HTTP/1.1" 200 13612
INFO 2026-04-30 16:34:59,804 basehttp "GET /api/discounts/?course=1&branch=1&available=1 HTTP/1.1" 200 2
INFO 2026-04-30 16:34:59,806 basehttp "GET /api/walkins/staff-options/?branch=1 HTTP/1.1" 200 76
INFO 2026-04-30 16:35:59,710 basehttp "POST /api/auth/heartbeat/ HTTP/1.1" 200 57
INFO 2026-04-30 16:36:59,706 basehttp "POST /api/auth/heartbeat/ HTTP/1.1" 200 57
INFO 2026-04-30 16:37:59,684 basehttp "POST /api/auth/heartbeat/ HTTP/1.1" 200 57
INFO 2026-04-30 16:38:59,745 basehttp "POST /api/auth/heartbeat/ HTTP/1.1" 200 57
INFO 2026-04-30 16:39:59,762 basehttp "POST /api/auth/heartbeat/ HTTP/1.1" 200 57
INFO 2026-04-30 16:40:59,745 basehttp "POST /api/auth/heartbeat/ HTTP/1.1" 200 57
INFO 2026-04-30 16:42:01,741 basehttp "POST /api/auth/heartbeat/ HTTP/1.1" 200 57
INFO 2026-04-30 16:43:01,749 basehttp "POST /api/auth/heartbeat/ HTTP/1.1" 200 57
INFO 2026-04-30 16:44:01,758 basehttp "POST /api/auth/heartbeat/ HTTP/1.1" 200 57
INFO 2026-04-30 16:45:01,747 basehttp "POST /api/auth/heartbeat/ HTTP/1.1" 200 57
INFO 2026-04-30 16:46:01,747 basehttp "POST /api/auth/heartbeat/ HTTP/1.1" 200 57
INFO 2026-04-30 16:47:01,739 basehttp "POST /api/auth/heartbeat/ HTTP/1.1" 200 57
INFO 2026-04-30 16:48:01,750 basehttp "POST /api/auth/heartbeat/ HTTP/1.1" 200 57
INFO 2026-04-30 16:49:01,712 basehttp "POST /api/auth/heartbeat/ HTTP/1.1" 200 57
INFO 2026-04-30 16:50:01,688 basehttp "POST /api/auth/heartbeat/ HTTP/1.1" 200 57
INFO 2026-04-30 16:51:01,729 basehttp "POST /api/auth/heartbeat/ HTTP/1.1" 200 57
INFO 2026-04-30 16:51:15,333 basehttp "GET /walkins/13 HTTP/1.1" 200 420
INFO 2026-04-30 16:51:15,367 basehttp "GET /static/assets/index-9549455e.css HTTP/1.1" 200 56035
INFO 2026-04-30 16:51:15,437 basehttp "GET /static/assets/index-8941d33d.js HTTP/1.1" 200 490064
INFO 2026-04-30 16:51:15,477 basehttp "GET /static/assets/libertinus-serif-600-9f6e3162.woff2 HTTP/1.1" 200 22872
INFO 2026-04-30 16:51:15,731 basehttp "GET /api/auth/me/ HTTP/1.1" 200 271
INFO 2026-04-30 16:51:15,734 basehttp "GET /favicon.ico HTTP/1.1" 200 420
INFO 2026-04-30 16:51:15,810 basehttp "GET /api/branches/ HTTP/1.1" 200 1107
INFO 2026-04-30 16:51:15,864 basehttp "GET /api/walkins/13/ HTTP/1.1" 200 941
INFO 2026-04-30 16:51:15,872 basehttp "GET /static/assets/brand-logo-05bda913.png HTTP/1.1" 200 572462
INFO 2026-04-30 16:51:15,873 basehttp "GET /static/assets/libertinus-serif-700-8bd2d42a.woff2 HTTP/1.1" 200 23400
INFO 2026-04-30 16:51:15,886 basehttp "GET /api/notifications/ HTTP/1.1" 200 2
INFO 2026-04-30 16:51:15,905 basehttp "GET /static/assets/libertinus-serif-400-c73c9f3b.woff2 HTTP/1.1" 200 23400
INFO 2026-04-30 16:51:15,975 basehttp "GET /api/dashboard/my-rating/ HTTP/1.1" 200 1070
INFO 2026-04-30 16:51:16,051 basehttp "GET /api/courses/ HTTP/1.1" 200 13612
INFO 2026-04-30 16:51:16,111 basehttp "GET /api/discounts/?course=1&branch=1&available=1 HTTP/1.1" 200 2
INFO 2026-04-30 16:51:16,112 basehttp "GET /api/walkins/staff-options/?branch=1 HTTP/1.1" 200 76
INFO 2026-04-30 16:51:19,117 basehttp "GET /favicon.ico HTTP/1.1" 200 420
INFO 2026-04-30 16:51:19,164 basehttp "GET /api/walkins/?sectioned=1 HTTP/1.1" 200 609
INFO 2026-04-30 16:51:19,216 basehttp "GET /api/courses/ HTTP/1.1" 200 13612
INFO 2026-04-30 16:51:21,552 basehttp "GET /favicon.ico HTTP/1.1" 200 420
INFO 2026-04-30 16:51:21,565 basehttp "GET /api/branches/ HTTP/1.1" 200 1107
INFO 2026-04-30 16:51:21,579 basehttp "GET /api/walkins/13/ HTTP/1.1" 200 941
INFO 2026-04-30 16:51:21,661 basehttp "GET /api/courses/ HTTP/1.1" 200 13612
INFO 2026-04-30 16:51:21,699 basehttp "GET /api/walkins/staff-options/?branch=1 HTTP/1.1" 200 76
INFO 2026-04-30 16:51:21,701 basehttp "GET /api/discounts/?course=1&branch=1&available=1 HTTP/1.1" 200 2
INFO 2026-04-30 16:51:47,529 basehttp "POST /api/walkins/13/follow-ups/ HTTP/1.1" 201 227
INFO 2026-04-30 16:52:15,811 basehttp "POST /api/auth/heartbeat/ HTTP/1.1" 200 57
INFO 2026-04-30 16:52:26,436 basehttp "POST /api/walkins/13/convert-to-enrollment/ HTTP/1.1" 201 1698
INFO 2026-04-30 16:52:30,036 basehttp "GET /favicon.ico HTTP/1.1" 200 420
INFO 2026-04-30 16:52:30,080 basehttp "GET /api/branches/ HTTP/1.1" 200 1107
INFO 2026-04-30 16:52:30,095 basehttp "GET /api/enrollments/ HTTP/1.1" 200 516
INFO 2026-04-30 16:52:30,172 basehttp "GET /api/courses/ HTTP/1.1" 200 13612
INFO 2026-04-30 16:52:33,511 basehttp "GET /favicon.ico HTTP/1.1" 200 420
INFO 2026-04-30 16:52:33,529 basehttp "GET /api/branches/ HTTP/1.1" 200 1107
INFO 2026-04-30 16:52:33,577 basehttp "GET /api/enrollments/ HTTP/1.1" 200 516
INFO 2026-04-30 16:52:33,648 basehttp "GET /api/courses/ HTTP/1.1" 200 13612
INFO 2026-04-30 16:52:36,357 basehttp "GET /favicon.ico HTTP/1.1" 200 420
INFO 2026-04-30 16:52:36,382 basehttp "GET /api/branches/ HTTP/1.1" 200 1107
INFO 2026-04-30 16:52:36,427 basehttp "GET /api/enrollments/ HTTP/1.1" 200 516
INFO 2026-04-30 16:52:36,503 basehttp "GET /api/courses/ HTTP/1.1" 200 13612
INFO 2026-04-30 16:52:41,906 basehttp "GET /favicon.ico HTTP/1.1" 200 420
INFO 2026-04-30 16:52:41,936 basehttp "GET /api/enrollments/8/ HTTP/1.1" 200 1698
INFO 2026-04-30 16:53:04,221 basehttp "GET /favicon.ico HTTP/1.1" 200 420
INFO 2026-04-30 16:53:04,237 basehttp "GET /api/leads/ HTTP/1.1" 200 341
INFO 2026-04-30 16:53:15,765 basehttp "POST /api/auth/heartbeat/ HTTP/1.1" 200 57
INFO 2026-04-30 16:53:43,936 basehttp "GET /favicon.ico HTTP/1.1" 200 420
INFO 2026-04-30 16:53:44,023 basehttp "GET /api/courses/ HTTP/1.1" 200 13612
INFO 2026-04-30 16:53:46,658 basehttp "GET /favicon.ico HTTP/1.1" 200 420
INFO 2026-04-30 16:53:46,680 basehttp "GET /api/leads/ HTTP/1.1" 200 341
INFO 2026-04-30 16:53:48,164 basehttp "GET /favicon.ico HTTP/1.1" 200 420
INFO 2026-04-30 16:53:48,180 basehttp "GET /api/branches/ HTTP/1.1" 200 1107
INFO 2026-04-30 16:53:48,180 basehttp "GET /api/leads/9/ HTTP/1.1" 200 770
INFO 2026-04-30 16:53:48,266 basehttp "GET /api/courses/ HTTP/1.1" 200 13612
INFO 2026-04-30 16:54:01,312 basehttp "GET /favicon.ico HTTP/1.1" 200 420
INFO 2026-04-30 16:54:01,351 basehttp "GET /api/walkins/?sectioned=1 HTTP/1.1" 200 688
INFO 2026-04-30 16:54:01,422 basehttp "GET /api/courses/ HTTP/1.1" 200 13612
INFO 2026-04-30 16:54:06,795 basehttp "GET /favicon.ico HTTP/1.1" 200 420
INFO 2026-04-30 16:54:06,878 basehttp "GET /api/branches/ HTTP/1.1" 200 1107
INFO 2026-04-30 16:54:06,924 basehttp "GET /api/walkins/13/ HTTP/1.1" 200 1252
INFO 2026-04-30 16:54:06,993 basehttp "GET /api/courses/ HTTP/1.1" 200 13612
INFO 2026-04-30 16:54:07,038 basehttp "GET /api/discounts/?course=1&branch=1&available=1 HTTP/1.1" 200 2
INFO 2026-04-30 16:54:07,040 basehttp "GET /api/walkins/staff-options/?branch=1 HTTP/1.1" 200 76
INFO 2026-04-30 16:54:15,828 basehttp "POST /api/auth/heartbeat/ HTTP/1.1" 200 57
INFO 2026-04-30 16:54:20,069 basehttp "GET /favicon.ico HTTP/1.1" 200 420
INFO 2026-04-30 16:54:20,085 basehttp "GET /api/branches/ HTTP/1.1" 200 1107
INFO 2026-04-30 16:54:20,131 basehttp "GET /api/enrollments/ HTTP/1.1" 200 516
INFO 2026-04-30 16:54:20,217 basehttp "GET /api/courses/ HTTP/1.1" 200 13612
INFO 2026-04-30 16:54:21,519 basehttp "GET /favicon.ico HTTP/1.1" 200 420
INFO 2026-04-30 16:54:21,530 basehttp "GET /api/branches/ HTTP/1.1" 200 1107
INFO 2026-04-30 16:54:21,554 basehttp "GET /api/enrollments/ HTTP/1.1" 200 516
INFO 2026-04-30 16:54:21,650 basehttp "GET /api/courses/ HTTP/1.1" 200 13612
INFO 2026-04-30 16:54:35,201 basehttp "GET /favicon.ico HTTP/1.1" 200 420
INFO 2026-04-30 16:54:35,207 basehttp "GET /api/branches/ HTTP/1.1" 200 1107
INFO 2026-04-30 16:54:35,263 basehttp "GET /api/enrollments/ HTTP/1.1" 200 516
INFO 2026-04-30 16:54:35,343 basehttp "GET /api/courses/ HTTP/1.1" 200 13612
INFO 2026-04-30 16:54:45,117 basehttp "GET /favicon.ico HTTP/1.1" 200 420
INFO 2026-04-30 16:54:45,193 basehttp "GET /api/walkins/?sectioned=1 HTTP/1.1" 200 688
INFO 2026-04-30 16:54:45,249 basehttp "GET /api/courses/ HTTP/1.1" 200 13612
INFO 2026-04-30 16:54:49,928 basehttp "GET /favicon.ico HTTP/1.1" 200 420
INFO 2026-04-30 16:54:49,953 basehttp "GET /api/leads/ HTTP/1.1" 200 341
INFO 2026-04-30 16:54:51,942 basehttp "GET /favicon.ico HTTP/1.1" 200 420
INFO 2026-04-30 16:54:51,997 basehttp "GET /api/walkins/?sectioned=1 HTTP/1.1" 200 688
INFO 2026-04-30 16:54:52,069 basehttp "GET /api/courses/ HTTP/1.1" 200 13612
INFO 2026-04-30 16:54:58,439 basehttp "GET /favicon.ico HTTP/1.1" 200 420
INFO 2026-04-30 16:54:58,472 basehttp "GET /api/branches/ HTTP/1.1" 200 1107
INFO 2026-04-30 16:54:58,504 basehttp "GET /api/walkins/13/ HTTP/1.1" 200 1252
INFO 2026-04-30 16:54:58,575 basehttp "GET /api/courses/ HTTP/1.1" 200 13612
INFO 2026-04-30 16:54:58,614 basehttp "GET /api/walkins/staff-options/?branch=1 HTTP/1.1" 200 76
INFO 2026-04-30 16:54:58,616 basehttp "GET /api/discounts/?course=1&branch=1&available=1 HTTP/1.1" 200 2
INFO 2026-04-30 16:55:02,202 basehttp "GET /favicon.ico HTTP/1.1" 200 420
INFO 2026-04-30 16:55:02,247 basehttp "GET /api/walkins/?sectioned=1 HTTP/1.1" 200 688
INFO 2026-04-30 16:55:02,321 basehttp "GET /api/courses/ HTTP/1.1" 200 13612
INFO 2026-04-30 16:55:08,607 basehttp "GET /favicon.ico HTTP/1.1" 200 420
INFO 2026-04-30 16:55:08,617 basehttp "GET /api/branches/ HTTP/1.1" 200 1107
INFO 2026-04-30 16:55:08,663 basehttp "GET /api/walkins/13/ HTTP/1.1" 200 1252
INFO 2026-04-30 16:55:08,731 basehttp "GET /api/courses/ HTTP/1.1" 200 13612
INFO 2026-04-30 16:55:08,764 basehttp "GET /api/discounts/?course=1&branch=1&available=1 HTTP/1.1" 200 2
INFO 2026-04-30 16:55:08,770 basehttp "GET /api/walkins/staff-options/?branch=1 HTTP/1.1" 200 76
INFO 2026-04-30 16:55:15,816 basehttp "POST /api/auth/heartbeat/ HTTP/1.1" 200 57
INFO 2026-04-30 16:56:15,812 basehttp "POST /api/auth/heartbeat/ HTTP/1.1" 200 57
INFO 2026-04-30 16:57:15,821 basehttp "POST /api/auth/heartbeat/ HTTP/1.1" 200 57
INFO 2026-04-30 16:58:15,810 basehttp "POST /api/auth/heartbeat/ HTTP/1.1" 200 57
INFO 2026-04-30 16:59:16,699 basehttp "POST /api/auth/heartbeat/ HTTP/1.1" 200 57
INFO 2026-04-30 17:01:01,689 basehttp "POST /api/auth/heartbeat/ HTTP/1.1" 200 57
INFO 2026-04-30 17:02:01,746 basehttp "POST /api/auth/heartbeat/ HTTP/1.1" 200 57
INFO 2026-04-30 17:03:01,699 basehttp "POST /api/auth/heartbeat/ HTTP/1.1" 200 57
INFO 2026-04-30 17:04:01,758 basehttp "POST /api/auth/heartbeat/ HTTP/1.1" 200 57
INFO 2026-04-30 17:05:01,754 basehttp "POST /api/auth/heartbeat/ HTTP/1.1" 200 57
INFO 2026-04-30 17:06:01,749 basehttp "POST /api/auth/heartbeat/ HTTP/1.1" 200 57
INFO 2026-04-30 17:07:01,743 basehttp "POST /api/auth/heartbeat/ HTTP/1.1" 200 57
INFO 2026-04-30 17:08:01,732 basehttp "POST /api/auth/heartbeat/ HTTP/1.1" 200 57
INFO 2026-04-30 17:09:01,738 basehttp "POST /api/auth/heartbeat/ HTTP/1.1" 200 57
INFO 2026-04-30 17:10:01,743 basehttp "POST /api/auth/heartbeat/ HTTP/1.1" 200 57
INFO 2026-04-30 17:11:01,748 basehttp "POST /api/auth/heartbeat/ HTTP/1.1" 200 57
INFO 2026-04-30 17:11:12,350 basehttp "GET /favicon.ico HTTP/1.1" 200 420
INFO 2026-04-30 17:11:12,353 basehttp "GET /api/branches/ HTTP/1.1" 200 1107
INFO 2026-04-30 17:11:12,387 basehttp "GET /api/enrollments/ HTTP/1.1" 200 516
INFO 2026-04-30 17:11:12,402 basehttp "GET /api/courses/ HTTP/1.1" 200 13612
INFO 2026-04-30 17:11:15,825 basehttp "POST /api/auth/heartbeat/ HTTP/1.1" 200 57
INFO 2026-04-30 17:11:24,034 basehttp "GET /favicon.ico HTTP/1.1" 200 420
INFO 2026-04-30 17:11:24,061 basehttp "GET /api/enrollments/8/ HTTP/1.1" 200 1698
INFO 2026-04-30 17:12:01,261 basehttp "PATCH /api/enrollments/8/ HTTP/1.1" 200 1720
INFO 2026-04-30 17:12:01,315 basehttp "POST /api/enrollments/8/send-rules-form/ HTTP/1.1" 200 438
INFO 2026-04-30 17:12:16,728 basehttp "POST /api/auth/heartbeat/ HTTP/1.1" 200 57
INFO 2026-04-30 17:12:53,933 basehttp "GET /favicon.ico HTTP/1.1" 200 420
INFO 2026-04-30 17:12:53,957 basehttp "GET /api/payments/ HTTP/1.1" 200 580
INFO 2026-04-30 17:12:53,958 basehttp "GET /api/whatsapp-templates/?template_type=payment_reminder&is_active=true HTTP/1.1" 200 2
INFO 2026-04-30 17:13:16,735 basehttp "POST /api/auth/heartbeat/ HTTP/1.1" 200 57
INFO 2026-04-30 17:13:27,872 basehttp "GET /favicon.ico HTTP/1.1" 200 420
INFO 2026-04-30 17:13:27,893 basehttp "GET /api/payments/8/ HTTP/1.1" 200 578
INFO 2026-04-30 17:13:33,667 basehttp "GET /favicon.ico HTTP/1.1" 200 420
INFO 2026-04-30 17:13:33,688 basehttp "GET /api/dashboard/historical-analytics/ HTTP/1.1" 200 286
INFO 2026-04-30 17:13:33,732 basehttp "GET /api/dashboard/summary/ HTTP/1.1" 200 826
INFO 2026-04-30 17:14:15,807 basehttp "POST /api/auth/heartbeat/ HTTP/1.1" 200 57
INFO 2026-04-30 17:14:28,216 basehttp "POST /api/notifications/mark-all-read/ HTTP/1.1" 200 42
INFO 2026-04-30 17:14:38,408 basehttp "GET /favicon.ico HTTP/1.1" 200 420
INFO 2026-04-30 17:14:38,437 basehttp "POST /api/auth/logout/ HTTP/1.1" 200 37
INFO 2026-04-30 17:14:50,200 basehttp "POST /api/auth/login/ HTTP/1.1" 200 866
INFO 2026-04-30 17:14:50,255 basehttp "GET /favicon.ico HTTP/1.1" 200 420
INFO 2026-04-30 17:14:50,273 basehttp "GET /api/branches/ HTTP/1.1" 200 1107
INFO 2026-04-30 17:14:50,275 basehttp "GET /api/notifications/ HTTP/1.1" 200 2
INFO 2026-04-30 17:14:50,277 basehttp "GET /api/dashboard/historical-analytics/?branch=all HTTP/1.1" 200 289
INFO 2026-04-30 17:14:50,312 basehttp "GET /api/dashboard/summary/ HTTP/1.1" 200 681
INFO 2026-04-30 17:14:57,595 basehttp "GET /api/dashboard/historical-analytics/?branch=3 HTTP/1.1" 200 285
INFO 2026-04-30 17:14:57,633 basehttp "GET /api/dashboard/summary/?branch=3 HTTP/1.1" 200 649
INFO 2026-04-30 17:14:58,842 basehttp "GET /api/dashboard/historical-analytics/?branch=2 HTTP/1.1" 200 279
INFO 2026-04-30 17:14:58,895 basehttp "GET /api/dashboard/summary/?branch=2 HTTP/1.1" 200 643
INFO 2026-04-30 17:14:59,859 basehttp "GET /api/dashboard/historical-analytics/?branch=1 HTTP/1.1" 200 286
INFO 2026-04-30 17:14:59,912 basehttp "GET /api/dashboard/summary/?branch=1 HTTP/1.1" 200 678
INFO 2026-04-30 17:15:01,649 basehttp "GET /api/dashboard/historical-analytics/?branch=all HTTP/1.1" 200 289
INFO 2026-04-30 17:15:01,694 basehttp "GET /api/dashboard/summary/ HTTP/1.1" 200 681
INFO 2026-04-30 17:15:24,309 basehttp "GET /favicon.ico HTTP/1.1" 200 420
INFO 2026-04-30 17:15:24,381 basehttp "GET /api/courses/ HTTP/1.1" 200 13612
INFO 2026-04-30 17:15:28,501 basehttp "GET /favicon.ico HTTP/1.1" 200 420
INFO 2026-04-30 17:15:28,520 basehttp "GET /api/leads/ HTTP/1.1" 200 341
INFO 2026-04-30 17:15:29,552 basehttp "GET /favicon.ico HTTP/1.1" 200 420
INFO 2026-04-30 17:15:29,578 basehttp "GET /api/branches/ HTTP/1.1" 200 1107
INFO 2026-04-30 17:15:29,643 basehttp "GET /api/walkins/?sectioned=1 HTTP/1.1" 200 688
INFO 2026-04-30 17:15:29,708 basehttp "GET /api/courses/ HTTP/1.1" 200 13612
INFO 2026-04-30 17:15:35,201 basehttp "GET /favicon.ico HTTP/1.1" 200 420
INFO 2026-04-30 17:15:35,222 basehttp "GET /api/leads/ HTTP/1.1" 200 341
INFO 2026-04-30 17:15:37,997 basehttp "GET /favicon.ico HTTP/1.1" 200 420
INFO 2026-04-30 17:15:38,045 basehttp "GET /api/branches/ HTTP/1.1" 200 1107
INFO 2026-04-30 17:15:38,046 basehttp "GET /api/walkins/?sectioned=1 HTTP/1.1" 200 688
INFO 2026-04-30 17:15:38,118 basehttp "GET /api/courses/ HTTP/1.1" 200 13612
INFO 2026-04-30 17:15:46,987 basehttp "GET /api/walkins/staff-options/?branch=1 HTTP/1.1" 200 76
INFO 2026-04-30 17:15:50,254 basehttp "POST /api/auth/heartbeat/ HTTP/1.1" 200 57
INFO 2026-04-30 17:15:53,400 basehttp "GET /favicon.ico HTTP/1.1" 200 420
INFO 2026-04-30 17:15:53,419 basehttp "GET /api/users/ HTTP/1.1" 200 523
INFO 2026-04-30 17:15:53,434 basehttp "GET /api/branches/ HTTP/1.1" 200 1107
INFO 2026-04-30 17:15:53,451 basehttp "GET /api/enrollments/ HTTP/1.1" 200 516
INFO 2026-04-30 17:15:58,437 basehttp "GET /favicon.ico HTTP/1.1" 200 420
INFO 2026-04-30 17:15:58,437 basehttp "GET /api/branch-targets/ HTTP/1.1" 200 2
INFO 2026-04-30 17:15:58,438 basehttp "GET /api/branches/ HTTP/1.1" 200 1107
INFO 2026-04-30 17:15:59,922 basehttp "GET /api/branches/ HTTP/1.1" 200 1107
INFO 2026-04-30 17:15:59,922 basehttp "GET /favicon.ico HTTP/1.1" 200 420
INFO 2026-04-30 17:15:59,937 basehttp "GET /api/historical-analytics/ HTTP/1.1" 200 2
INFO 2026-04-30 17:16:08,500 basehttp "GET /favicon.ico HTTP/1.1" 200 420
INFO 2026-04-30 17:16:08,513 basehttp "GET /api/leads/admin-inbox/ HTTP/1.1" 200 2
INFO 2026-04-30 17:16:08,514 basehttp "GET /api/branches/ HTTP/1.1" 200 1107
INFO 2026-04-30 17:16:14,011 basehttp "GET /favicon.ico HTTP/1.1" 200 420
INFO 2026-04-30 17:16:14,016 basehttp "GET /api/whatsapp-templates/ HTTP/1.1" 200 2
INFO 2026-04-30 17:16:25,268 basehttp "GET /favicon.ico HTTP/1.1" 200 420
INFO 2026-04-30 17:16:25,270 basehttp "GET /api/branches/ HTTP/1.1" 200 1107
INFO 2026-04-30 17:16:32,846 basehttp "GET /favicon.ico HTTP/1.1" 200 420
INFO 2026-04-30 17:16:32,848 basehttp "GET /api/branches/ HTTP/1.1" 200 1107
INFO 2026-04-30 17:16:32,880 basehttp "GET /api/enrollments/ HTTP/1.1" 200 516
INFO 2026-04-30 17:16:32,964 basehttp "GET /api/courses/ HTTP/1.1" 200 13612
INFO 2026-04-30 17:16:33,922 basehttp "GET /favicon.ico HTTP/1.1" 200 420
INFO 2026-04-30 17:16:33,923 basehttp "GET /api/branches/ HTTP/1.1" 200 1107
INFO 2026-04-30 17:16:33,970 basehttp "GET /api/enrollments/ HTTP/1.1" 200 516
INFO 2026-04-30 17:16:34,050 basehttp "GET /api/courses/ HTTP/1.1" 200 13612
INFO 2026-04-30 17:16:50,249 basehttp "POST /api/auth/heartbeat/ HTTP/1.1" 200 57
INFO 2026-04-30 17:16:55,266 basehttp "GET /favicon.ico HTTP/1.1" 200 420
INFO 2026-04-30 17:16:55,286 basehttp "GET /api/whatsapp-templates/?template_type=payment_reminder&is_active=true HTTP/1.1" 200 2
INFO 2026-04-30 17:16:55,287 basehttp "GET /api/payments/ HTTP/1.1" 200 580
INFO 2026-04-30 17:17:02,203 basehttp "GET /favicon.ico HTTP/1.1" 200 420
INFO 2026-04-30 17:17:02,207 basehttp "GET /api/branches/ HTTP/1.1" 200 1107
INFO 2026-04-30 17:17:02,235 basehttp "GET /api/enrollments/ HTTP/1.1" 200 516
INFO 2026-04-30 17:17:02,308 basehttp "GET /api/courses/ HTTP/1.1" 200 13612
INFO 2026-04-30 17:17:07,844 basehttp "GET /favicon.ico HTTP/1.1" 200 420
INFO 2026-04-30 17:17:07,863 basehttp "GET /api/enrollments/8/ HTTP/1.1" 200 1717
INFO 2026-04-30 17:17:11,598 basehttp "GET /favicon.ico HTTP/1.1" 200 420
INFO 2026-04-30 17:17:11,632 basehttp "GET /api/branches/ HTTP/1.1" 200 1107
INFO 2026-04-30 17:17:11,655 basehttp "GET /api/enrollments/ HTTP/1.1" 200 516
INFO 2026-04-30 17:17:11,729 basehttp "GET /api/courses/ HTTP/1.1" 200 13612
INFO 2026-04-30 17:17:12,624 basehttp "GET /favicon.ico HTTP/1.1" 200 420
INFO 2026-04-30 17:17:12,639 basehttp "GET /api/payments/ HTTP/1.1" 200 580
INFO 2026-04-30 17:17:12,642 basehttp "GET /api/whatsapp-templates/?template_type=payment_reminder&is_active=true HTTP/1.1" 200 2
INFO 2026-04-30 17:17:16,054 basehttp "GET /favicon.ico HTTP/1.1" 200 420
INFO 2026-04-30 17:17:16,067 basehttp "GET /api/payments/8/ HTTP/1.1" 200 578
INFO 2026-04-30 17:17:50,250 basehttp "POST /api/auth/heartbeat/ HTTP/1.1" 200 57
INFO 2026-04-30 17:18:06,260 basehttp "POST /api/installments/ HTTP/1.1" 201 354
INFO 2026-04-30 17:18:06,290 basehttp "GET /api/payments/8/ HTTP/1.1" 200 936
INFO 2026-04-30 17:18:10,982 basehttp "POST /api/installments/11/generate-bill/ HTTP/1.1" 200 437
INFO 2026-04-30 17:18:11,019 basehttp "GET /api/payments/8/ HTTP/1.1" 200 1019
INFO 2026-04-30 17:18:13,290 basehttp "GET /api/installments/11/view-bill/ HTTP/1.1" 200 766780
INFO 2026-04-30 17:18:50,677 basehttp "POST /api/auth/heartbeat/ HTTP/1.1" 200 57
INFO 2026-04-30 17:19:50,688 basehttp "POST /api/auth/heartbeat/ HTTP/1.1" 200 57
INFO 2026-04-30 17:20:50,678 basehttp "POST /api/auth/heartbeat/ HTTP/1.1" 200 57
INFO 2026-04-30 17:21:54,962 basehttp "POST /api/auth/heartbeat/ HTTP/1.1" 200 57
INFO 2026-04-30 17:22:50,686 basehttp "POST /api/auth/heartbeat/ HTTP/1.1" 200 57
INFO 2026-04-30 17:23:50,677 basehttp "POST /api/auth/heartbeat/ HTTP/1.1" 200 57
INFO 2026-04-30 17:25:01,683 basehttp "POST /api/auth/heartbeat/ HTTP/1.1" 200 57
INFO 2026-04-30 17:26:01,679 basehttp "POST /api/auth/heartbeat/ HTTP/1.1" 200 57
INFO 2026-04-30 17:27:01,680 basehttp "POST /api/auth/heartbeat/ HTTP/1.1" 200 57
INFO 2026-04-30 17:28:01,686 basehttp "POST /api/auth/heartbeat/ HTTP/1.1" 200 57
INFO 2026-04-30 17:29:01,684 basehttp "POST /api/auth/heartbeat/ HTTP/1.1" 200 57
INFO 2026-04-30 17:30:01,683 basehttp "POST /api/auth/heartbeat/ HTTP/1.1" 200 57
INFO 2026-04-30 17:31:01,681 basehttp "POST /api/auth/heartbeat/ HTTP/1.1" 200 57
INFO 2026-04-30 17:32:01,672 basehttp "POST /api/auth/heartbeat/ HTTP/1.1" 200 57
INFO 2026-04-30 17:33:01,677 basehttp "POST /api/auth/heartbeat/ HTTP/1.1" 200 57
INFO 2026-04-30 17:34:01,679 basehttp "POST /api/auth/heartbeat/ HTTP/1.1" 200 57
INFO 2026-04-30 17:34:53,341 basehttp "POST /api/auth/heartbeat/ HTTP/1.1" 200 57
INFO 2026-04-30 17:35:50,683 basehttp "POST /api/auth/heartbeat/ HTTP/1.1" 200 57
INFO 2026-04-30 17:37:01,677 basehttp "POST /api/auth/heartbeat/ HTTP/1.1" 200 57
INFO 2026-04-30 17:38:01,679 basehttp "POST /api/auth/heartbeat/ HTTP/1.1" 200 57
INFO 2026-04-30 17:39:01,676 basehttp "POST /api/auth/heartbeat/ HTTP/1.1" 200 57
INFO 2026-04-30 17:40:01,682 basehttp "POST /api/auth/heartbeat/ HTTP/1.1" 200 57
INFO 2026-04-30 17:41:01,678 basehttp "POST /api/auth/heartbeat/ HTTP/1.1" 200 57
INFO 2026-04-30 17:51:08,770 basehttp "POST /api/auth/heartbeat/ HTTP/1.1" 200 57
INFO 2026-04-30 17:52:01,691 basehttp "POST /api/auth/heartbeat/ HTTP/1.1" 200 57
INFO 2026-05-01 11:22:16,400 autoreload Watching for file changes with StatReloader
INFO 2026-05-01 11:22:24,281 basehttp "GET / HTTP/1.1" 200 420
INFO 2026-05-01 11:22:24,595 basehttp "GET /static/assets/index-9549455e.css HTTP/1.1" 304 0
INFO 2026-05-01 11:22:24,597 basehttp "GET /static/assets/index-8941d33d.js HTTP/1.1" 304 0
INFO 2026-05-01 11:22:25,543 basehttp "GET /favicon.ico HTTP/1.1" 200 420
WARNING 2026-05-01 11:22:25,594 log Unauthorized: /api/auth/me/
WARNING 2026-05-01 11:22:25,596 basehttp "GET /api/auth/me/ HTTP/1.1" 401 183
INFO 2026-05-01 11:22:25,629 basehttp "POST /api/auth/token/refresh/ HTTP/1.1" 200 715
INFO 2026-05-01 11:22:25,650 basehttp "GET /api/auth/me/ HTTP/1.1" 200 249
INFO 2026-05-01 11:22:25,683 basehttp "GET /static/assets/brand-logo-05bda913.png HTTP/1.1" 304 0
INFO 2026-05-01 11:22:25,830 basehttp "GET /static/assets/libertinus-serif-700-8bd2d42a.woff2 HTTP/1.1" 304 0
INFO 2026-05-01 11:22:25,831 basehttp "GET /static/assets/libertinus-serif-600-9f6e3162.woff2 HTTP/1.1" 304 0
INFO 2026-05-01 11:22:25,837 basehttp "GET /favicon.ico HTTP/1.1" 200 420
INFO 2026-05-01 11:22:25,841 basehttp "GET /static/assets/libertinus-serif-400-c73c9f3b.woff2 HTTP/1.1" 304 0
INFO 2026-05-01 11:22:37,908 basehttp "POST /api/auth/login/ HTTP/1.1" 200 866
INFO 2026-05-01 11:22:37,976 basehttp "GET /api/notifications/ HTTP/1.1" 200 2
INFO 2026-05-01 11:22:38,022 basehttp "GET /api/branches/ HTTP/1.1" 200 1107
INFO 2026-05-01 11:22:38,024 basehttp "GET /favicon.ico HTTP/1.1" 200 420
INFO 2026-05-01 11:22:38,029 basehttp "GET /api/dashboard/historical-analytics/?branch=all HTTP/1.1" 200 289
INFO 2026-05-01 11:22:38,071 basehttp "GET /api/dashboard/summary/ HTTP/1.1" 200 664
INFO 2026-05-01 11:23:38,363 basehttp "POST /api/auth/heartbeat/ HTTP/1.1" 200 57
INFO 2026-05-01 11:24:38,350 basehttp "POST /api/auth/heartbeat/ HTTP/1.1" 200 57
INFO 2026-05-01 11:25:38,339 basehttp "POST /api/auth/heartbeat/ HTTP/1.1" 200 57
INFO 2026-05-01 11:26:38,344 basehttp "POST /api/auth/heartbeat/ HTTP/1.1" 200 57
INFO 2026-05-01 11:27:36,453 autoreload C:\Users\Welcome\Desktop\CRM\March 24\files\crm\models.py changed, reloading.
INFO 2026-05-01 11:27:37,463 autoreload Watching for file changes with StatReloader
INFO 2026-05-01 11:27:38,357 basehttp "POST /api/auth/heartbeat/ HTTP/1.1" 200 57
INFO 2026-05-01 11:28:30,464 basehttp "POST /api/auth/logout/ HTTP/1.1" 200 37
INFO 2026-05-01 11:28:30,492 basehttp "GET /favicon.ico HTTP/1.1" 200 420
INFO 2026-05-01 11:28:39,162 basehttp "POST /api/auth/login/ HTTP/1.1" 200 878
INFO 2026-05-01 11:28:39,207 basehttp "GET /favicon.ico HTTP/1.1" 200 420
INFO 2026-05-01 11:28:39,243 basehttp "GET /api/dashboard/historical-analytics/ HTTP/1.1" 200 286
INFO 2026-05-01 11:28:39,337 basehttp "GET /api/notifications/ HTTP/1.1" 200 449
INFO 2026-05-01 11:28:39,368 basehttp "GET /api/dashboard/my-rating/ HTTP/1.1" 200 1067
INFO 2026-05-01 11:28:39,382 basehttp "GET /api/dashboard/summary/ HTTP/1.1" 200 809
INFO 2026-05-01 11:28:57,459 basehttp "GET /students/8 HTTP/1.1" 200 420
INFO 2026-05-01 11:28:57,640 basehttp "GET /static/assets/index-7803c932.css HTTP/1.1" 200 56381
INFO 2026-05-01 11:28:57,896 basehttp "GET /static/assets/index-16fbf80a.js HTTP/1.1" 200 493424
INFO 2026-05-01 11:28:58,193 basehttp "GET /favicon.ico HTTP/1.1" 200 420
INFO 2026-05-01 11:28:58,199 basehttp "GET /api/auth/me/ HTTP/1.1" 200 271
INFO 2026-05-01 11:28:58,255 basehttp "GET /api/enrollments/8/ HTTP/1.1" 200 2158
INFO 2026-05-01 11:28:58,262 basehttp "GET /api/notifications/ HTTP/1.1" 200 449
INFO 2026-05-01 11:28:58,280 basehttp "GET /api/dashboard/my-rating/ HTTP/1.1" 200 1067
INFO 2026-05-01 11:29:02,037 basehttp "GET /favicon.ico HTTP/1.1" 200 420
INFO 2026-05-01 11:29:26,508 basehttp "POST /api/notifications/mark-all-read/ HTTP/1.1" 200 42
INFO 2026-05-01 11:29:29,615 basehttp "GET /payments/8 HTTP/1.1" 200 420
INFO 2026-05-01 11:29:29,631 basehttp "GET /static/assets/index-16fbf80a.js HTTP/1.1" 304 0
INFO 2026-05-01 11:29:29,631 basehttp "GET /static/assets/index-7803c932.css HTTP/1.1" 304 0
INFO 2026-05-01 11:29:29,689 basehttp "GET /api/auth/me/ HTTP/1.1" 200 271
INFO 2026-05-01 11:29:29,729 basehttp "GET /favicon.ico HTTP/1.1" 200 420
INFO 2026-05-01 11:29:29,771 basehttp "GET /api/payments/8/ HTTP/1.1" 200 1019
INFO 2026-05-01 11:29:29,773 basehttp "GET /api/notifications/ HTTP/1.1" 200 448
INFO 2026-05-01 11:29:29,796 basehttp "GET /api/dashboard/my-rating/ HTTP/1.1" 200 1067
INFO 2026-05-01 11:30:20,645 basehttp "GET /favicon.ico HTTP/1.1" 200 420
INFO 2026-05-01 11:30:20,670 basehttp "GET /api/walkins/?sectioned=1 HTTP/1.1" 200 688
INFO 2026-05-01 11:30:20,682 basehttp "GET /api/courses/ HTTP/1.1" 200 13612
INFO 2026-05-01 11:30:22,867 basehttp "GET /favicon.ico HTTP/1.1" 200 420
INFO 2026-05-01 11:30:22,901 basehttp "GET /api/branches/ HTTP/1.1" 200 1107
INFO 2026-05-01 11:30:22,904 basehttp "GET /api/walkins/13/ HTTP/1.1" 200 1252
INFO 2026-05-01 11:30:22,952 basehttp "GET /api/courses/ HTTP/1.1" 200 13612
INFO 2026-05-01 11:30:22,983 basehttp "GET /api/discounts/?course=1&branch=1&available=1 HTTP/1.1" 200 2
INFO 2026-05-01 11:30:22,984 basehttp "GET /api/walkins/staff-options/?branch=1 HTTP/1.1" 200 76
INFO 2026-05-01 11:30:29,722 basehttp "POST /api/auth/heartbeat/ HTTP/1.1" 200 57
INFO 2026-05-01 11:30:59,051 basehttp "POST /api/walkins/13/follow-ups/ HTTP/1.1" 201 248
INFO 2026-05-01 11:31:05,515 basehttp "GET /favicon.ico HTTP/1.1" 200 420
INFO 2026-05-01 11:31:05,527 basehttp "GET /api/leads/ HTTP/1.1" 200 341
INFO 2026-05-01 11:31:07,186 basehttp "GET /favicon.ico HTTP/1.1" 200 420
INFO 2026-05-01 11:31:07,212 basehttp "GET /api/branches/ HTTP/1.1" 200 1107
INFO 2026-05-01 11:31:07,237 basehttp "GET /api/leads/9/ HTTP/1.1" 200 770
INFO 2026-05-01 11:31:07,275 basehttp "GET /api/courses/ HTTP/1.1" 200 13612
INFO 2026-05-01 11:31:17,657 basehttp "POST /api/leads/9/follow-ups/ HTTP/1.1" 201 227
INFO 2026-05-01 11:31:29,724 basehttp "POST /api/auth/heartbeat/ HTTP/1.1" 200 57
INFO 2026-05-01 11:31:29,946 basehttp "GET /favicon.ico HTTP/1.1" 200 420
INFO 2026-05-01 11:31:29,991 basehttp "GET /api/walkins/?sectioned=1 HTTP/1.1" 200 688
INFO 2026-05-01 11:31:30,059 basehttp "GET /api/courses/ HTTP/1.1" 200 13612
INFO 2026-05-01 11:31:31,744 basehttp "GET /favicon.ico HTTP/1.1" 200 420
INFO 2026-05-01 11:31:31,795 basehttp "GET /api/branches/ HTTP/1.1" 200 1107
INFO 2026-05-01 11:31:31,805 basehttp "GET /api/walkins/13/ HTTP/1.1" 200 1501
INFO 2026-05-01 11:31:31,878 basehttp "GET /api/courses/ HTTP/1.1" 200 13612
INFO 2026-05-01 11:31:31,908 basehttp "GET /api/walkins/staff-options/?branch=1 HTTP/1.1" 200 76
INFO 2026-05-01 11:31:31,908 basehttp "GET /api/discounts/?course=1&branch=1&available=1 HTTP/1.1" 200 2
INFO 2026-05-01 11:32:30,359 basehttp "POST /api/auth/heartbeat/ HTTP/1.1" 200 57
INFO 2026-05-01 11:33:30,342 basehttp "POST /api/auth/heartbeat/ HTTP/1.1" 200 57
INFO 2026-05-01 11:33:40,447 autoreload C:\Users\Welcome\Desktop\CRM\March 24\files\views.py changed, reloading.
INFO 2026-05-01 11:33:45,707 autoreload Watching for file changes with StatReloader
INFO 2026-05-01 11:33:49,545 autoreload C:\Users\Welcome\Desktop\CRM\March 24\files\views.py changed, reloading.
INFO 2026-05-01 11:33:50,555 autoreload Watching for file changes with StatReloader
INFO 2026-05-01 11:34:30,418 basehttp "POST /api/auth/heartbeat/ HTTP/1.1" 200 57
INFO 2026-05-01 11:34:36,434 basehttp "GET /api/whatsapp-templates/?template_type=payment_reminder&is_active=true HTTP/1.1" 200 2
INFO 2026-05-01 11:34:36,446 basehttp "GET /api/payments/ HTTP/1.1" 200 1021
INFO 2026-05-01 11:34:36,456 basehttp "GET /favicon.ico HTTP/1.1" 200 420
INFO 2026-05-01 11:34:40,758 basehttp "GET /favicon.ico HTTP/1.1" 200 420
INFO 2026-05-01 11:34:40,778 basehttp "GET /api/payments/8/ HTTP/1.1" 200 1019
INFO 2026-05-01 11:34:42,749 basehttp "GET /api/installments/11/view-bill/ HTTP/1.1" 200 769151
INFO 2026-05-01 11:35:30,339 basehttp "POST /api/auth/heartbeat/ HTTP/1.1" 200 57
INFO 2026-05-01 11:35:48,784 autoreload C:\Users\Welcome\Desktop\CRM\March 24\files\views.py changed, reloading.
INFO 2026-05-01 11:35:49,839 autoreload Watching for file changes with StatReloader
INFO 2026-05-01 11:36:59,399 basehttp "POST /api/auth/heartbeat/ HTTP/1.1" 200 57
INFO 2026-05-01 11:37:59,348 basehttp "POST /api/auth/heartbeat/ HTTP/1.1" 200 57
INFO 2026-05-01 11:38:59,398 basehttp "POST /api/auth/heartbeat/ HTTP/1.1" 200 57
INFO 2026-05-01 11:39:40,891 basehttp "POST /api/auth/heartbeat/ HTTP/1.1" 200 57
INFO 2026-05-01 11:40:30,405 basehttp "POST /api/auth/heartbeat/ HTTP/1.1" 200 57
INFO 2026-05-01 11:41:23,280 basehttp "POST /api/auth/logout/ HTTP/1.1" 200 37
INFO 2026-05-01 11:41:23,298 basehttp "GET /favicon.ico HTTP/1.1" 200 420
INFO 2026-05-01 11:41:29,526 basehttp "POST /api/auth/login/ HTTP/1.1" 200 866
INFO 2026-05-01 11:41:29,571 basehttp "GET /favicon.ico HTTP/1.1" 200 420
INFO 2026-05-01 11:41:29,571 basehttp "GET /api/notifications/ HTTP/1.1" 200 2
INFO 2026-05-01 11:41:29,578 basehttp "GET /api/branches/ HTTP/1.1" 200 1107
INFO 2026-05-01 11:41:29,590 basehttp "GET /api/dashboard/historical-analytics/?branch=all HTTP/1.1" 200 289
INFO 2026-05-01 11:41:29,621 basehttp "GET /api/dashboard/summary/ HTTP/1.1" 200 664
INFO 2026-05-01 11:41:33,120 basehttp "GET /dashboard HTTP/1.1" 200 420
INFO 2026-05-01 11:41:33,298 basehttp "GET /static/assets/index-7803c932.css HTTP/1.1" 200 56381
INFO 2026-05-01 11:41:33,487 basehttp "GET /static/assets/index-6a26be10.js HTTP/1.1" 200 494053
INFO 2026-05-01 11:41:33,516 basehttp "GET /api/auth/me/ HTTP/1.1" 200 249
INFO 2026-05-01 11:41:33,760 basehttp "GET /api/notifications/ HTTP/1.1" 200 2
INFO 2026-05-01 11:41:33,770 basehttp "GET /api/branches/ HTTP/1.1" 200 1107
INFO 2026-05-01 11:41:33,779 basehttp "GET /favicon.ico HTTP/1.1" 200 420
INFO 2026-05-01 11:41:33,781 basehttp "GET /api/dashboard/historical-analytics/?branch=all HTTP/1.1" 200 289
INFO 2026-05-01 11:41:33,789 basehttp "GET /api/dashboard/summary/ HTTP/1.1" 200 664
INFO 2026-05-01 11:41:38,094 basehttp "GET /api/dashboard/historical-analytics/?branch=3 HTTP/1.1" 200 285
INFO 2026-05-01 11:41:38,110 basehttp "GET /api/dashboard/summary/?branch=3 HTTP/1.1" 200 649
INFO 2026-05-01 11:41:39,193 basehttp "GET /api/dashboard/historical-analytics/?branch=1 HTTP/1.1" 200 286
INFO 2026-05-01 11:41:39,220 basehttp "GET /api/dashboard/summary/?branch=1 HTTP/1.1" 200 661
INFO 2026-05-01 11:41:40,385 basehttp "GET /api/dashboard/historical-analytics/?branch=all HTTP/1.1" 200 289
INFO 2026-05-01 11:41:40,399 basehttp "GET /api/dashboard/summary/ HTTP/1.1" 200 664
INFO 2026-05-01 11:42:34,334 basehttp "POST /api/auth/heartbeat/ HTTP/1.1" 200 57
INFO 2026-05-01 11:42:48,427 autoreload C:\Users\Welcome\Desktop\CRM\March 24\files\views.py changed, reloading.
INFO 2026-05-01 11:42:49,599 autoreload Watching for file changes with StatReloader
INFO 2026-05-01 11:43:26,621 basehttp "GET /favicon.ico HTTP/1.1" 200 420
INFO 2026-05-01 11:43:26,639 basehttp "GET /api/whatsapp-templates/?template_type=payment_reminder&is_active=true HTTP/1.1" 200 2
INFO 2026-05-01 11:43:26,647 basehttp "GET /api/payments/ HTTP/1.1" 200 1021
INFO 2026-05-01 11:43:28,486 basehttp "GET /favicon.ico HTTP/1.1" 200 420
INFO 2026-05-01 11:43:28,498 basehttp "GET /api/payments/8/ HTTP/1.1" 200 1019
INFO 2026-05-01 11:43:31,085 basehttp "GET /api/installments/11/view-bill/ HTTP/1.1" 200 769448
INFO 2026-05-01 11:43:34,334 basehttp "POST /api/auth/heartbeat/ HTTP/1.1" 200 57
INFO 2026-05-01 11:44:34,349 basehttp "POST /api/auth/heartbeat/ HTTP/1.1" 200 57
INFO 2026-05-01 11:44:46,410 basehttp "GET /payments/8 HTTP/1.1" 200 420
INFO 2026-05-01 11:44:46,482 basehttp "GET /static/assets/index-f56d6b42.css HTTP/1.1" 200 57042
INFO 2026-05-01 11:44:46,705 basehttp "GET /static/assets/index-cde123f3.js HTTP/1.1" 200 494732
INFO 2026-05-01 11:44:46,970 basehttp "GET /api/auth/me/ HTTP/1.1" 200 249
INFO 2026-05-01 11:44:47,000 basehttp "GET /api/notifications/ HTTP/1.1" 200 2
INFO 2026-05-01 11:44:47,000 basehttp "GET /favicon.ico HTTP/1.1" 200 420
INFO 2026-05-01 11:44:47,007 basehttp "GET /api/payments/8/ HTTP/1.1" 200 1019
INFO 2026-05-01 11:45:47,340 basehttp "POST /api/auth/heartbeat/ HTTP/1.1" 200 57
INFO 2026-05-01 11:46:02,421 basehttp "GET /api/dashboard/historical-analytics/?branch=all HTTP/1.1" 200 289
INFO 2026-05-01 11:46:02,421 basehttp "GET /api/branches/ HTTP/1.1" 200 1107
INFO 2026-05-01 11:46:02,435 basehttp "GET /favicon.ico HTTP/1.1" 200 420
INFO 2026-05-01 11:46:02,492 basehttp "GET /api/dashboard/summary/ HTTP/1.1" 200 664
INFO 2026-05-01 11:46:03,477 basehttp "GET /dashboard HTTP/1.1" 200 420
INFO 2026-05-01 11:46:03,523 basehttp "GET /static/assets/index-914792b6.css HTTP/1.1" 200 57102
INFO 2026-05-01 11:46:03,595 basehttp "GET /static/assets/index-1bff02bc.js HTTP/1.1" 200 494915
INFO 2026-05-01 11:46:03,679 basehttp "GET /api/auth/me/ HTTP/1.1" 200 249
INFO 2026-05-01 11:46:03,708 basehttp "GET /favicon.ico HTTP/1.1" 200 420
INFO 2026-05-01 11:46:03,723 basehttp "GET /api/dashboard/historical-analytics/?branch=all HTTP/1.1" 200 289
INFO 2026-05-01 11:46:03,732 basehttp "GET /api/branches/ HTTP/1.1" 200 1107
INFO 2026-05-01 11:46:03,733 basehttp "GET /api/notifications/ HTTP/1.1" 200 2
INFO 2026-05-01 11:46:03,761 basehttp "GET /api/dashboard/summary/ HTTP/1.1" 200 664
INFO 2026-05-01 11:46:06,575 basehttp "GET /favicon.ico HTTP/1.1" 200 420
INFO 2026-05-01 11:46:06,628 basehttp "POST /api/auth/logout/ HTTP/1.1" 200 37
INFO 2026-05-01 11:46:16,617 basehttp "POST /api/auth/login/ HTTP/1.1" 200 878
INFO 2026-05-01 11:46:16,703 basehttp "GET /favicon.ico HTTP/1.1" 200 420
INFO 2026-05-01 11:46:16,747 basehttp "GET /api/dashboard/historical-analytics/ HTTP/1.1" 200 286
INFO 2026-05-01 11:46:16,798 basehttp "GET /api/notifications/ HTTP/1.1" 200 448
INFO 2026-05-01 11:46:16,940 basehttp "GET /api/dashboard/my-rating/ HTTP/1.1" 200 1067
INFO 2026-05-01 11:46:16,945 basehttp "GET /api/dashboard/summary/ HTTP/1.1" 200 809
INFO 2026-05-01 11:47:17,361 basehttp "POST /api/auth/heartbeat/ HTTP/1.1" 200 57
INFO 2026-05-01 11:48:07,119 autoreload C:\Users\Welcome\Desktop\CRM\March 24\files\views.py changed, reloading.
INFO 2026-05-01 11:48:08,041 autoreload Watching for file changes with StatReloader
INFO 2026-05-01 11:48:17,452 basehttp "POST /api/auth/heartbeat/ HTTP/1.1" 200 57
INFO 2026-05-01 11:48:30,464 basehttp "GET /api/payments/ HTTP/1.1" 200 1021
INFO 2026-05-01 11:48:30,464 basehttp "GET /api/whatsapp-templates/?template_type=payment_reminder&is_active=true HTTP/1.1" 200 2
INFO 2026-05-01 11:48:30,468 basehttp "GET /favicon.ico HTTP/1.1" 200 420
INFO 2026-05-01 11:48:31,821 basehttp "GET /favicon.ico HTTP/1.1" 200 420
INFO 2026-05-01 11:48:31,854 basehttp "GET /api/payments/8/ HTTP/1.1" 200 1019
INFO 2026-05-01 11:48:35,076 basehttp "GET /api/installments/11/view-bill/ HTTP/1.1" 200 769395
INFO 2026-05-01 11:49:17,342 basehttp "POST /api/auth/heartbeat/ HTTP/1.1" 200 57
INFO 2026-05-01 11:50:08,234 basehttp "GET /payments/8 HTTP/1.1" 200 420
INFO 2026-05-01 11:50:08,352 basehttp "GET /static/assets/index-f56d6b42.css HTTP/1.1" 200 57042
INFO 2026-05-01 11:50:08,577 basehttp "GET /static/assets/index-33f5c7f0.js HTTP/1.1" 200 494763
INFO 2026-05-01 11:50:08,852 basehttp "GET /favicon.ico HTTP/1.1" 200 420
INFO 2026-05-01 11:50:08,857 basehttp "GET /api/auth/me/ HTTP/1.1" 200 271
INFO 2026-05-01 11:50:08,923 basehttp "GET /api/payments/8/ HTTP/1.1" 200 1019
INFO 2026-05-01 11:50:08,942 basehttp "GET /api/notifications/ HTTP/1.1" 200 448
INFO 2026-05-01 11:50:08,961 basehttp "GET /api/dashboard/my-rating/ HTTP/1.1" 200 1067
INFO 2026-05-01 11:50:09,336 basehttp "GET /api/dashboard/historical-analytics/ HTTP/1.1" 200 286
INFO 2026-05-01 11:50:09,347 basehttp "GET /favicon.ico HTTP/1.1" 200 420
INFO 2026-05-01 11:50:09,360 basehttp "GET /api/dashboard/summary/ HTTP/1.1" 200 809
INFO 2026-05-01 11:50:21,934 basehttp "GET /favicon.ico HTTP/1.1" 200 420
INFO 2026-05-01 11:50:21,944 basehttp "GET /api/whatsapp-templates/?template_type=payment_reminder&is_active=true HTTP/1.1" 200 2
INFO 2026-05-01 11:50:21,954 basehttp "GET /api/payments/?status=pending HTTP/1.1" 200 1021
INFO 2026-05-01 11:50:24,924 autoreload C:\Users\Welcome\Desktop\CRM\March 24\files\views.py changed, reloading.
INFO 2026-05-01 11:50:25,940 autoreload Watching for file changes with StatReloader
INFO 2026-05-01 11:50:26,401 basehttp "GET /favicon.ico HTTP/1.1" 200 420
INFO 2026-05-01 11:50:26,416 basehttp "GET /api/payments/8/ HTTP/1.1" 200 1019
INFO 2026-05-01 11:50:37,239 basehttp "GET /favicon.ico HTTP/1.1" 200 420
INFO 2026-05-01 11:50:37,256 basehttp "GET /api/whatsapp-templates/?template_type=payment_reminder&is_active=true HTTP/1.1" 200 2
INFO 2026-05-01 11:50:37,270 basehttp "GET /api/payments/?status=pending HTTP/1.1" 200 1021
INFO 2026-05-01 11:50:38,121 basehttp "GET /favicon.ico HTTP/1.1" 200 420
INFO 2026-05-01 11:50:38,148 basehttp "GET /api/dashboard/historical-analytics/ HTTP/1.1" 200 286
INFO 2026-05-01 11:50:38,193 basehttp "GET /api/dashboard/summary/ HTTP/1.1" 200 809
INFO 2026-05-01 11:51:08,782 basehttp "GET /favicon.ico HTTP/1.1" 200 420
INFO 2026-05-01 11:51:08,793 basehttp "GET /api/whatsapp-templates/?template_type=payment_reminder&is_active=true HTTP/1.1" 200 2
INFO 2026-05-01 11:51:08,805 basehttp "GET /api/payments/ HTTP/1.1" 200 1021
INFO 2026-05-01 11:51:08,896 basehttp "POST /api/auth/heartbeat/ HTTP/1.1" 200 57
INFO 2026-05-01 11:51:10,540 basehttp "GET /favicon.ico HTTP/1.1" 200 420
INFO 2026-05-01 11:51:10,555 basehttp "GET /api/payments/8/ HTTP/1.1" 200 1019
INFO 2026-05-01 11:51:12,478 basehttp "GET /api/installments/11/view-bill/ HTTP/1.1" 200 769667
INFO 2026-05-01 11:52:09,393 basehttp "POST /api/auth/heartbeat/ HTTP/1.1" 200 57
INFO 2026-05-01 11:53:09,394 basehttp "POST /api/auth/heartbeat/ HTTP/1.1" 200 57
INFO 2026-05-01 11:53:57,048 autoreload C:\Users\Welcome\Desktop\CRM\March 24\files\views.py changed, reloading.
INFO 2026-05-01 11:53:58,074 autoreload Watching for file changes with StatReloader
INFO 2026-05-01 11:54:09,399 basehttp "POST /api/auth/heartbeat/ HTTP/1.1" 200 57
INFO 2026-05-01 11:54:31,590 basehttp "GET /api/dashboard/historical-analytics/ HTTP/1.1" 200 286
INFO 2026-05-01 11:54:31,600 basehttp "GET /favicon.ico HTTP/1.1" 200 420
INFO 2026-05-01 11:54:31,611 basehttp "GET /api/dashboard/summary/ HTTP/1.1" 200 809
INFO 2026-05-01 11:55:08,891 basehttp "POST /api/auth/heartbeat/ HTTP/1.1" 200 57
INFO 2026-05-01 11:56:09,407 basehttp "POST /api/auth/heartbeat/ HTTP/1.1" 200 57
INFO 2026-05-01 11:56:46,417 basehttp "GET /api/whatsapp-templates/?template_type=payment_reminder&is_active=true HTTP/1.1" 200 2
INFO 2026-05-01 11:56:46,417 basehttp "GET /favicon.ico HTTP/1.1" 200 420
INFO 2026-05-01 11:56:46,425 basehttp "GET /api/payments/ HTTP/1.1" 200 1021
INFO 2026-05-01 11:56:48,284 basehttp "GET /favicon.ico HTTP/1.1" 200 420
INFO 2026-05-01 11:56:48,297 basehttp "GET /api/payments/8/ HTTP/1.1" 200 1019
INFO 2026-05-01 11:56:50,022 basehttp "GET /api/installments/11/view-bill/ HTTP/1.1" 200 769733
INFO 2026-05-01 11:57:03,285 basehttp "GET /favicon.ico HTTP/1.1" 200 420
INFO 2026-05-01 11:57:03,298 basehttp "GET /api/dashboard/historical-analytics/ HTTP/1.1" 200 286
INFO 2026-05-01 11:57:03,312 basehttp "GET /api/dashboard/summary/ HTTP/1.1" 200 809
INFO 2026-05-01 11:57:05,758 basehttp "GET /dashboard HTTP/1.1" 200 420
INFO 2026-05-01 11:57:05,776 basehttp "GET /static/assets/index-33f5c7f0.js HTTP/1.1" 304 0
INFO 2026-05-01 11:57:05,776 basehttp "GET /static/assets/index-f56d6b42.css HTTP/1.1" 304 0
INFO 2026-05-01 11:57:06,073 basehttp "GET /api/auth/me/ HTTP/1.1" 200 271
INFO 2026-05-01 11:57:06,082 basehttp "GET /favicon.ico HTTP/1.1" 200 420
INFO 2026-05-01 11:57:06,115 basehttp "GET /api/dashboard/historical-analytics/ HTTP/1.1" 200 286
INFO 2026-05-01 11:57:06,145 basehttp "GET /api/dashboard/summary/ HTTP/1.1" 200 809
INFO 2026-05-01 11:57:06,164 basehttp "GET /api/dashboard/my-rating/ HTTP/1.1" 200 1067
INFO 2026-05-01 11:57:06,178 basehttp "GET /api/notifications/ HTTP/1.1" 200 448
INFO 2026-05-01 11:58:06,106 basehttp "POST /api/auth/heartbeat/ HTTP/1.1" 200 57
INFO 2026-05-01 11:59:06,395 basehttp "POST /api/auth/heartbeat/ HTTP/1.1" 200 57
INFO 2026-05-01 12:00:06,396 basehttp "POST /api/auth/heartbeat/ HTTP/1.1" 200 57
INFO 2026-05-01 12:01:06,357 basehttp "POST /api/auth/heartbeat/ HTTP/1.1" 200 57
INFO 2026-05-01 12:02:06,353 basehttp "POST /api/auth/heartbeat/ HTTP/1.1" 200 57
INFO 2026-05-01 12:03:06,353 basehttp "POST /api/auth/heartbeat/ HTTP/1.1" 200 57
INFO 2026-05-01 12:03:58,540 autoreload C:\Users\Welcome\Desktop\CRM\March 24\files\crm\models.py changed, reloading.
INFO 2026-05-01 12:03:59,794 autoreload Watching for file changes with StatReloader
INFO 2026-05-01 12:04:06,910 autoreload C:\Users\Welcome\Desktop\CRM\March 24\files\views.py changed, reloading.
INFO 2026-05-01 12:04:07,788 autoreload Watching for file changes with StatReloader
INFO 2026-05-01 12:04:10,713 basehttp "POST /api/auth/heartbeat/ HTTP/1.1" 200 57
INFO 2026-05-01 12:04:11,972 basehttp "GET /dashboard HTTP/1.1" 200 420
INFO 2026-05-01 12:04:12,040 basehttp "GET /static/assets/index-f56d6b42.css HTTP/1.1" 200 57042
INFO 2026-05-01 12:04:12,318 basehttp "GET /static/assets/index-5f507c34.js HTTP/1.1" 200 494845
INFO 2026-05-01 12:04:12,626 basehttp "GET /favicon.ico HTTP/1.1" 200 420
INFO 2026-05-01 12:04:12,666 basehttp "GET /api/auth/me/ HTTP/1.1" 200 271
INFO 2026-05-01 12:04:12,753 basehttp "GET /api/dashboard/historical-analytics/ HTTP/1.1" 200 286
INFO 2026-05-01 12:04:12,773 basehttp "GET /api/notifications/ HTTP/1.1" 200 448
INFO 2026-05-01 12:04:12,796 basehttp "GET /api/dashboard/my-rating/ HTTP/1.1" 200 1067
INFO 2026-05-01 12:04:12,812 basehttp "GET /api/dashboard/summary/ HTTP/1.1" 200 809
INFO 2026-05-01 12:04:14,081 autoreload C:\Users\Welcome\Desktop\CRM\March 24\files\views.py changed, reloading.
INFO 2026-05-01 12:04:15,154 autoreload Watching for file changes with StatReloader
INFO 2026-05-01 12:04:22,290 autoreload C:\Users\Welcome\Desktop\CRM\March 24\files\crm\models.py changed, reloading.
INFO 2026-05-01 12:04:23,194 autoreload Watching for file changes with StatReloader
INFO 2026-05-01 12:05:13,420 basehttp "POST /api/auth/heartbeat/ HTTP/1.1" 200 57
INFO 2026-05-01 12:05:54,550 basehttp "GET /dashboard HTTP/1.1" 200 420
INFO 2026-05-01 12:05:54,621 basehttp "GET /static/assets/index-f56d6b42.css HTTP/1.1" 200 57042
INFO 2026-05-01 12:05:54,818 basehttp "GET /static/assets/index-5f507c34.js HTTP/1.1" 200 494845
INFO 2026-05-01 12:05:54,851 basehttp "GET /api/auth/me/ HTTP/1.1" 200 271
INFO 2026-05-01 12:05:54,900 basehttp "GET /favicon.ico HTTP/1.1" 200 420
INFO 2026-05-01 12:05:54,916 basehttp "GET /api/dashboard/historical-analytics/ HTTP/1.1" 200 286
INFO 2026-05-01 12:05:54,932 basehttp "GET /api/notifications/ HTTP/1.1" 200 448
INFO 2026-05-01 12:05:54,954 basehttp "GET /api/dashboard/my-rating/ HTTP/1.1" 200 1067
INFO 2026-05-01 12:05:54,968 basehttp "GET /api/dashboard/summary/ HTTP/1.1" 200 809
INFO 2026-05-01 12:05:56,246 autoreload C:\Users\Welcome\Desktop\CRM\March 24\files\views.py changed, reloading.
INFO 2026-05-01 12:05:57,299 autoreload Watching for file changes with StatReloader
INFO 2026-05-01 12:06:55,443 basehttp "POST /api/auth/heartbeat/ HTTP/1.1" 200 57
INFO 2026-05-01 12:07:10,307 basehttp "GET /dashboard HTTP/1.1" 200 420
INFO 2026-05-01 12:07:10,523 basehttp "GET /static/assets/index-f56d6b42.css HTTP/1.1" 200 57042
INFO 2026-05-01 12:07:10,796 basehttp "GET /static/assets/index-7b770b8b.js HTTP/1.1" 200 495661
INFO 2026-05-01 12:07:10,876 basehttp "GET /favicon.ico HTTP/1.1" 200 420
INFO 2026-05-01 12:07:10,900 basehttp "GET /api/auth/me/ HTTP/1.1" 200 271
INFO 2026-05-01 12:07:11,004 basehttp "GET /api/dashboard/historical-analytics/ HTTP/1.1" 200 286
INFO 2026-05-01 12:07:11,064 basehttp "GET /api/notifications/ HTTP/1.1" 200 448
INFO 2026-05-01 12:07:11,131 basehttp "GET /api/dashboard/my-rating/ HTTP/1.1" 200 1067
INFO 2026-05-01 12:07:11,156 basehttp "GET /api/dashboard/summary/ HTTP/1.1" 200 809
INFO 2026-05-01 12:07:33,463 autoreload C:\Users\Welcome\Desktop\CRM\March 24\files\views.py changed, reloading.
INFO 2026-05-01 12:07:34,528 autoreload Watching for file changes with StatReloader
INFO 2026-05-01 12:07:49,928 autoreload C:\Users\Welcome\Desktop\CRM\March 24\files\views.py changed, reloading.
INFO 2026-05-01 12:07:50,868 autoreload Watching for file changes with StatReloader
INFO 2026-05-01 12:07:57,853 autoreload C:\Users\Welcome\Desktop\CRM\March 24\files\views.py changed, reloading.
INFO 2026-05-01 12:07:58,720 autoreload Watching for file changes with StatReloader
INFO 2026-05-01 12:08:03,557 autoreload C:\Users\Welcome\Desktop\CRM\March 24\files\views.py changed, reloading.
INFO 2026-05-01 12:08:04,414 autoreload Watching for file changes with StatReloader
INFO 2026-05-01 12:08:11,412 basehttp "POST /api/auth/heartbeat/ HTTP/1.1" 200 57
INFO 2026-05-01 12:08:23,282 autoreload C:\Users\Welcome\Desktop\CRM\March 24\files\crm\models.py changed, reloading.
INFO 2026-05-01 12:08:24,255 autoreload Watching for file changes with StatReloader
INFO 2026-05-01 12:08:32,295 autoreload C:\Users\Welcome\Desktop\CRM\March 24\files\views.py changed, reloading.
INFO 2026-05-01 12:08:34,001 autoreload Watching for file changes with StatReloader
INFO 2026-05-01 12:09:11,412 basehttp "POST /api/auth/heartbeat/ HTTP/1.1" 200 57
INFO 2026-05-01 12:10:11,353 basehttp "POST /api/auth/heartbeat/ HTTP/1.1" 200 57
INFO 2026-05-01 12:11:11,399 basehttp "POST /api/auth/heartbeat/ HTTP/1.1" 200 57
INFO 2026-05-01 12:14:19,424 basehttp "POST /api/auth/heartbeat/ HTTP/1.1" 200 57
INFO 2026-05-02 09:55:32,500 autoreload Watching for file changes with StatReloader
INFO 2026-05-02 09:58:59,381 basehttp "GET / HTTP/1.1" 200 420
INFO 2026-05-02 09:58:59,466 basehttp "GET /static/assets/index-7b770b8b.js HTTP/1.1" 304 0
INFO 2026-05-02 09:58:59,467 basehttp "GET /static/assets/index-f56d6b42.css HTTP/1.1" 304 0
INFO 2026-05-02 09:59:00,685 basehttp "GET /favicon.ico HTTP/1.1" 200 420
WARNING 2026-05-02 09:59:00,728 log Unauthorized: /api/auth/me/
WARNING 2026-05-02 09:59:00,733 basehttp "GET /api/auth/me/ HTTP/1.1" 401 183
INFO 2026-05-02 09:59:00,779 basehttp "POST /api/auth/token/refresh/ HTTP/1.1" 200 705
INFO 2026-05-02 09:59:00,994 basehttp "GET /api/auth/me/ HTTP/1.1" 200 271
INFO 2026-05-02 09:59:01,186 basehttp "GET /static/assets/libertinus-serif-700-8bd2d42a.woff2 HTTP/1.1" 200 23400
INFO 2026-05-02 09:59:01,213 basehttp "GET /favicon.ico HTTP/1.1" 200 420
INFO 2026-05-02 09:59:01,215 basehttp "GET /static/assets/brand-logo-05bda913.png HTTP/1.1" 200 572462
INFO 2026-05-02 09:59:01,242 basehttp "GET /static/assets/libertinus-serif-600-9f6e3162.woff2 HTTP/1.1" 200 22872
INFO 2026-05-02 09:59:01,255 basehttp "GET /static/assets/libertinus-serif-400-c73c9f3b.woff2 HTTP/1.1" 200 23400
INFO 2026-05-02 09:59:11,143 basehttp "POST /api/auth/login/ HTTP/1.1" 200 878
INFO 2026-05-02 09:59:11,208 basehttp "GET /favicon.ico HTTP/1.1" 200 420
INFO 2026-05-02 09:59:11,256 basehttp "GET /api/dashboard/historical-analytics/ HTTP/1.1" 200 286
INFO 2026-05-02 09:59:11,359 basehttp "GET /api/notifications/ HTTP/1.1" 200 448
INFO 2026-05-02 09:59:11,406 basehttp "GET /api/dashboard/my-rating/ HTTP/1.1" 200 1067
INFO 2026-05-02 09:59:11,429 basehttp "GET /api/dashboard/summary/ HTTP/1.1" 200 659
INFO 2026-05-02 09:59:27,916 basehttp "GET /favicon.ico HTTP/1.1" 200 420
INFO 2026-05-02 09:59:27,939 basehttp "GET /api/whatsapp-templates/?template_type=payment_reminder&is_active=true HTTP/1.1" 200 2
INFO 2026-05-02 09:59:27,961 basehttp "GET /api/payments/ HTTP/1.1" 200 1021
INFO 2026-05-02 09:59:30,159 basehttp "GET /favicon.ico HTTP/1.1" 200 420
INFO 2026-05-02 09:59:30,181 basehttp "GET /api/payments/8/ HTTP/1.1" 200 1019
INFO 2026-05-02 09:59:40,840 basehttp "GET /api/installments/11/view-bill/ HTTP/1.1" 200 769733
INFO 2026-05-02 10:00:08,413 autoreload C:\Users\Welcome\Desktop\CRM\March 24\files\views.py changed, reloading.
INFO 2026-05-02 10:00:10,076 autoreload Watching for file changes with StatReloader
INFO 2026-05-02 10:00:10,659 basehttp "GET /favicon.ico HTTP/1.1" 200 420
INFO 2026-05-02 10:00:10,693 basehttp "GET /api/dashboard/historical-analytics/ HTTP/1.1" 200 286
INFO 2026-05-02 10:00:10,715 basehttp "GET /api/dashboard/summary/ HTTP/1.1" 200 659
INFO 2026-05-02 10:00:11,275 basehttp "POST /api/auth/heartbeat/ HTTP/1.1" 200 57
INFO 2026-05-02 10:00:25,525 autoreload C:\Users\Welcome\Desktop\CRM\March 24\files\views.py changed, reloading.
INFO 2026-05-02 10:00:27,250 autoreload Watching for file changes with StatReloader
INFO 2026-05-02 10:00:27,872 basehttp "GET /favicon.ico HTTP/1.1" 200 420
INFO 2026-05-02 10:00:27,930 basehttp "POST /api/auth/logout/ HTTP/1.1" 200 37
INFO 2026-05-02 10:00:29,290 autoreload C:\Users\Welcome\Desktop\CRM\March 24\files\views.py changed, reloading.
INFO 2026-05-02 10:00:31,353 autoreload Watching for file changes with StatReloader
INFO 2026-05-02 10:00:49,163 basehttp "POST /api/auth/login/ HTTP/1.1" 200 866
INFO 2026-05-02 10:00:49,232 basehttp "GET /api/branches/ HTTP/1.1" 200 1107
INFO 2026-05-02 10:00:49,235 basehttp "GET /api/notifications/ HTTP/1.1" 200 2
INFO 2026-05-02 10:00:49,252 basehttp "GET /api/dashboard/historical-analytics/?branch=all HTTP/1.1" 200 289
INFO 2026-05-02 10:00:49,278 basehttp "GET /favicon.ico HTTP/1.1" 200 420
INFO 2026-05-02 10:00:49,311 basehttp "GET /api/dashboard/summary/ HTTP/1.1" 200 664
INFO 2026-05-02 10:00:55,365 basehttp "GET /favicon.ico HTTP/1.1" 200 420
INFO 2026-05-02 10:00:55,366 basehttp "GET /api/lead-import-history/ HTTP/1.1" 200 2
INFO 2026-05-02 10:00:56,968 basehttp "GET /favicon.ico HTTP/1.1" 200 420
INFO 2026-05-02 10:00:57,036 basehttp "GET /api/admin/user-monitoring/ HTTP/1.1" 200 4634
INFO 2026-05-02 10:00:59,321 basehttp "GET /favicon.ico HTTP/1.1" 200 420
INFO 2026-05-02 10:00:59,337 basehttp "GET /api/branches/ HTTP/1.1" 200 1107
INFO 2026-05-02 10:00:59,337 basehttp "GET /api/historical-analytics/ HTTP/1.1" 200 2
INFO 2026-05-02 10:01:02,396 basehttp "GET /favicon.ico HTTP/1.1" 200 420
INFO 2026-05-02 10:01:02,401 basehttp "GET /api/branches/ HTTP/1.1" 200 1107
INFO 2026-05-02 10:01:02,412 basehttp "GET /api/leads/admin-inbox/ HTTP/1.1" 200 2
INFO 2026-05-02 10:01:05,916 basehttp "GET /favicon.ico HTTP/1.1" 200 420
INFO 2026-05-02 10:01:05,918 basehttp "GET /api/whatsapp-templates/ HTTP/1.1" 200 2
INFO 2026-05-02 10:01:22,093 basehttp "GET /favicon.ico HTTP/1.1" 200 420
INFO 2026-05-02 10:01:22,108 basehttp "GET /api/leads/ HTTP/1.1" 200 341
INFO 2026-05-02 10:01:24,754 basehttp "GET /favicon.ico HTTP/1.1" 200 420
INFO 2026-05-02 10:01:24,808 basehttp "POST /api/auth/logout/ HTTP/1.1" 200 37
INFO 2026-05-02 10:01:34,062 basehttp "POST /api/auth/login/ HTTP/1.1" 200 878
INFO 2026-05-02 10:01:34,097 basehttp "GET /favicon.ico HTTP/1.1" 200 420
INFO 2026-05-02 10:01:34,126 basehttp "GET /api/dashboard/historical-analytics/ HTTP/1.1" 200 286
INFO 2026-05-02 10:01:34,249 basehttp "GET /api/notifications/ HTTP/1.1" 200 448
INFO 2026-05-02 10:01:34,326 basehttp "GET /api/dashboard/my-rating/ HTTP/1.1" 200 1067
INFO 2026-05-02 10:01:34,335 basehttp "GET /api/dashboard/summary/ HTTP/1.1" 200 659
INFO 2026-05-02 10:01:46,439 basehttp "GET /api/leads/ HTTP/1.1" 200 341
INFO 2026-05-02 10:01:46,450 basehttp "GET /favicon.ico HTTP/1.1" 200 420
INFO 2026-05-02 10:02:04,957 basehttp "GET /favicon.ico HTTP/1.1" 200 420
INFO 2026-05-02 10:02:05,055 basehttp "GET /api/courses/ HTTP/1.1" 200 13612
INFO 2026-05-02 10:02:14,236 basehttp "GET /favicon.ico HTTP/1.1" 200 420
INFO 2026-05-02 10:02:14,253 basehttp "GET /api/leads/ HTTP/1.1" 200 341
INFO 2026-05-02 10:02:34,977 basehttp "POST /api/auth/heartbeat/ HTTP/1.1" 200 57
INFO 2026-05-02 10:03:34,975 basehttp "POST /api/auth/heartbeat/ HTTP/1.1" 200 57
INFO 2026-05-02 10:03:37,396 basehttp "GET /leads HTTP/1.1" 200 420
INFO 2026-05-02 10:03:37,637 basehttp "GET /static/assets/index-89c179af.js HTTP/1.1" 200 496366
INFO 2026-05-02 10:03:37,928 basehttp "GET /favicon.ico HTTP/1.1" 200 420
INFO 2026-05-02 10:03:37,971 basehttp "GET /api/auth/me/ HTTP/1.1" 200 271
INFO 2026-05-02 10:03:38,417 basehttp "GET /api/leads/ HTTP/1.1" 200 341
INFO 2026-05-02 10:03:38,453 basehttp "GET /api/notifications/ HTTP/1.1" 200 448
INFO 2026-05-02 10:03:38,522 basehttp "GET /api/dashboard/my-rating/ HTTP/1.1" 200 1067
INFO 2026-05-02 10:03:55,858 autoreload Watching for file changes with StatReloader
INFO 2026-05-02 10:03:57,931 basehttp "GET / HTTP/1.1" 200 420
INFO 2026-05-02 10:03:57,987 basehttp "GET /static/assets/index-89c179af.js HTTP/1.1" 304 0
INFO 2026-05-02 10:03:58,341 basehttp "GET /favicon.ico HTTP/1.1" 200 420
INFO 2026-05-02 10:03:58,404 basehttp "GET /api/auth/me/ HTTP/1.1" 200 271
INFO 2026-05-02 10:03:58,474 basehttp "GET /favicon.ico HTTP/1.1" 200 420
INFO 2026-05-02 10:04:06,075 basehttp "POST /api/auth/login/ HTTP/1.1" 200 878
INFO 2026-05-02 10:04:06,151 basehttp "GET /favicon.ico HTTP/1.1" 200 420
INFO 2026-05-02 10:04:06,209 basehttp "GET /api/dashboard/historical-analytics/ HTTP/1.1" 200 286
INFO 2026-05-02 10:04:06,313 basehttp "GET /api/notifications/ HTTP/1.1" 200 448
INFO 2026-05-02 10:04:06,330 basehttp "GET /api/dashboard/my-rating/ HTTP/1.1" 200 1067
INFO 2026-05-02 10:04:06,345 basehttp "GET /api/dashboard/summary/ HTTP/1.1" 200 659
INFO 2026-05-02 10:04:07,876 basehttp "GET /favicon.ico HTTP/1.1" 200 420
INFO 2026-05-02 10:04:07,891 basehttp "GET /api/leads/ HTTP/1.1" 200 341
INFO 2026-05-02 10:05:07,025 basehttp "POST /api/auth/heartbeat/ HTTP/1.1" 200 57
INFO 2026-05-02 10:06:07,035 basehttp "POST /api/auth/heartbeat/ HTTP/1.1" 200 57
INFO 2026-05-02 10:07:07,001 basehttp "POST /api/auth/heartbeat/ HTTP/1.1" 200 57
INFO 2026-05-02 10:08:05,909 basehttp "GET /leads HTTP/1.1" 200 420
INFO 2026-05-02 10:08:06,053 basehttp "GET /static/assets/index-67c622b8.js HTTP/1.1" 200 496493
INFO 2026-05-02 10:08:06,110 basehttp - Broken pipe from ('127.0.0.1', 58862)
INFO 2026-05-02 10:08:06,614 basehttp - Broken pipe from ('127.0.0.1', 58861)
INFO 2026-05-02 10:08:06,978 basehttp "POST /api/auth/heartbeat/ HTTP/1.1" 200 57
INFO 2026-05-02 10:09:07,055 basehttp "POST /api/auth/heartbeat/ HTTP/1.1" 200 57
INFO 2026-05-02 10:09:40,986 basehttp "GET /leads HTTP/1.1" 200 420
INFO 2026-05-02 10:09:41,010 basehttp "GET /static/assets/index-67c622b8.js HTTP/1.1" 200 496493
INFO 2026-05-02 10:09:41,343 basehttp "GET /api/auth/me/ HTTP/1.1" 200 271
INFO 2026-05-02 10:09:41,380 basehttp "GET /favicon.ico HTTP/1.1" 200 420
INFO 2026-05-02 10:09:41,407 basehttp "GET /api/leads/ HTTP/1.1" 200 341
INFO 2026-05-02 10:09:41,442 basehttp "GET /api/notifications/ HTTP/1.1" 200 448
INFO 2026-05-02 10:09:41,464 basehttp "GET /api/dashboard/my-rating/ HTTP/1.1" 200 1067
INFO 2026-05-02 10:09:43,069 basehttp "GET /favicon.ico HTTP/1.1" 200 420
INFO 2026-05-02 10:09:43,087 basehttp "GET /api/dashboard/historical-analytics/ HTTP/1.1" 200 286
INFO 2026-05-02 10:09:43,130 basehttp "GET /api/dashboard/summary/ HTTP/1.1" 200 659
INFO 2026-05-02 10:09:45,165 basehttp "GET /favicon.ico HTTP/1.1" 200 420
INFO 2026-05-02 10:09:45,199 basehttp "POST /api/auth/logout/ HTTP/1.1" 200 37
INFO 2026-05-02 10:10:16,957 basehttp "POST /api/auth/login/ HTTP/1.1" 200 866
INFO 2026-05-02 10:10:17,015 basehttp "GET /favicon.ico HTTP/1.1" 200 420
INFO 2026-05-02 10:10:17,028 basehttp "GET /api/notifications/ HTTP/1.1" 200 2
INFO 2026-05-02 10:10:17,036 basehttp "GET /api/dashboard/historical-analytics/?branch=all HTTP/1.1" 200 289
INFO 2026-05-02 10:10:17,039 basehttp "GET /api/branches/ HTTP/1.1" 200 1107
INFO 2026-05-02 10:10:17,079 basehttp "GET /api/dashboard/summary/ HTTP/1.1" 200 664
INFO 2026-05-02 10:10:22,943 basehttp "GET /favicon.ico HTTP/1.1" 200 420
INFO 2026-05-02 10:10:22,958 basehttp "GET /api/whatsapp-templates/?template_type=payment_reminder&is_active=true HTTP/1.1" 200 2
INFO 2026-05-02 10:10:22,968 basehttp "GET /api/payments/ HTTP/1.1" 200 1021
INFO 2026-05-02 10:10:25,406 basehttp "GET /favicon.ico HTTP/1.1" 200 420
INFO 2026-05-02 10:10:25,429 basehttp "GET /api/payments/8/ HTTP/1.1" 200 1019
INFO 2026-05-02 10:10:30,199 basehttp "GET /api/installments/11/view-bill/ HTTP/1.1" 200 769733
INFO 2026-05-02 10:10:41,667 basehttp "GET /favicon.ico HTTP/1.1" 200 420
INFO 2026-05-02 10:10:41,681 basehttp "GET /api/branches/ HTTP/1.1" 200 1107
INFO 2026-05-02 10:10:41,726 basehttp "GET /api/discounts/ HTTP/1.1" 200 498
INFO 2026-05-02 10:10:41,807 basehttp "GET /api/courses/ HTTP/1.1" 200 13612
INFO 2026-05-02 10:11:07,322 basehttp "GET /favicon.ico HTTP/1.1" 200 420
INFO 2026-05-02 10:11:07,339 basehttp "GET /api/branches/ HTTP/1.1" 200 1107
INFO 2026-05-02 10:11:07,341 basehttp "GET /api/historical-analytics/ HTTP/1.1" 200 2
INFO 2026-05-02 10:11:16,988 basehttp "POST /api/auth/heartbeat/ HTTP/1.1" 200 57
INFO 2026-05-02 10:11:25,405 basehttp "GET /favicon.ico HTTP/1.1" 200 420
INFO 2026-05-02 10:11:25,418 basehttp "GET /api/leads/admin-inbox/ HTTP/1.1" 200 2
INFO 2026-05-02 10:11:25,419 basehttp "GET /api/branches/ HTTP/1.1" 200 1107
INFO 2026-05-02 10:11:37,097 basehttp "GET /favicon.ico HTTP/1.1" 200 420
INFO 2026-05-02 10:11:37,099 basehttp "GET /api/whatsapp-templates/ HTTP/1.1" 200 2
INFO 2026-05-02 10:11:48,675 basehttp "GET /favicon.ico HTTP/1.1" 200 420
INFO 2026-05-02 10:11:48,753 basehttp "GET /api/admin/user-monitoring/ HTTP/1.1" 200 5241
INFO 2026-05-02 10:11:54,361 basehttp "GET /favicon.ico HTTP/1.1" 200 420
INFO 2026-05-02 10:11:54,429 basehttp "GET /api/reports/user-performance/?month=2026-05 HTTP/1.1" 200 303
INFO 2026-05-02 10:11:54,447 basehttp "GET /api/reports/conversion-funnel/?year=2026&month=05 HTTP/1.1" 200 278
INFO 2026-05-02 10:11:54,569 basehttp "GET /api/reports/branch-performance/?year=2026&month=05 HTTP/1.1" 200 551
INFO 2026-05-02 10:11:54,646 basehttp "GET /api/reports/user-ratings/ HTTP/1.1" 200 3395
INFO 2026-05-02 10:11:56,795 basehttp "GET /favicon.ico HTTP/1.1" 200 420
INFO 2026-05-02 10:11:56,821 basehttp "GET /api/admin/user-monitoring/ HTTP/1.1" 200 5241
INFO 2026-05-02 10:12:06,096 basehttp "GET /favicon.ico HTTP/1.1" 200 420
INFO 2026-05-02 10:12:06,101 basehttp "GET /api/lead-import-history/ HTTP/1.1" 200 2
INFO 2026-05-02 10:12:15,539 basehttp "GET /favicon.ico HTTP/1.1" 200 420
INFO 2026-05-02 10:12:15,548 basehttp "GET /api/dashboard/historical-analytics/?branch=all HTTP/1.1" 200 289
INFO 2026-05-02 10:12:15,557 basehttp "GET /api/branches/ HTTP/1.1" 200 1107
INFO 2026-05-02 10:12:15,594 basehttp "GET /api/dashboard/summary/ HTTP/1.1" 200 664
INFO 2026-05-02 10:12:16,998 basehttp "POST /api/auth/heartbeat/ HTTP/1.1" 200 57
INFO 2026-05-02 10:12:24,567 basehttp "GET /api/dashboard/historical-analytics/?branch=3 HTTP/1.1" 200 285
INFO 2026-05-02 10:12:24,590 basehttp "GET /api/dashboard/summary/?branch=3 HTTP/1.1" 200 649
INFO 2026-05-02 10:12:25,837 basehttp "GET /api/dashboard/historical-analytics/?branch=2 HTTP/1.1" 200 279
INFO 2026-05-02 10:12:25,869 basehttp "GET /api/dashboard/summary/?branch=2 HTTP/1.1" 200 643
INFO 2026-05-02 10:12:27,167 basehttp "GET /api/dashboard/historical-analytics/?branch=1 HTTP/1.1" 200 286
INFO 2026-05-02 10:12:27,207 basehttp "GET /api/dashboard/summary/?branch=1 HTTP/1.1" 200 661
INFO 2026-05-02 10:12:37,140 basehttp "GET /api/dashboard/historical-analytics/?branch=all HTTP/1.1" 200 289
INFO 2026-05-02 10:12:37,174 basehttp "GET /api/dashboard/summary/ HTTP/1.1" 200 664
INFO 2026-05-02 10:12:38,719 basehttp "GET /api/dashboard/historical-analytics/?branch=1 HTTP/1.1" 200 286
INFO 2026-05-02 10:12:38,747 basehttp "GET /api/dashboard/summary/?branch=1 HTTP/1.1" 200 661
INFO 2026-05-02 10:12:53,677 basehttp "GET /favicon.ico HTTP/1.1" 200 420
INFO 2026-05-02 10:12:53,677 basehttp "GET /api/lead-import-history/ HTTP/1.1" 200 2
INFO 2026-05-02 10:12:56,201 basehttp "GET /favicon.ico HTTP/1.1" 200 420
INFO 2026-05-02 10:12:56,267 basehttp "GET /api/reports/conversion-funnel/?year=2026&month=05 HTTP/1.1" 200 278
INFO 2026-05-02 10:12:56,280 basehttp "GET /api/reports/user-performance/?month=2026-05 HTTP/1.1" 200 303
INFO 2026-05-02 10:12:56,448 basehttp "GET /api/reports/branch-performance/?year=2026&month=05 HTTP/1.1" 200 551
INFO 2026-05-02 10:12:56,486 basehttp "GET /api/reports/user-ratings/ HTTP/1.1" 200 3395
INFO 2026-05-02 10:13:10,564 basehttp "GET /favicon.ico HTTP/1.1" 200 420
INFO 2026-05-02 10:13:10,572 basehttp "GET /api/branches/ HTTP/1.1" 200 1107
INFO 2026-05-02 10:13:16,996 basehttp "POST /api/auth/heartbeat/ HTTP/1.1" 200 57
INFO 2026-05-02 10:13:17,475 basehttp "GET /favicon.ico HTTP/1.1" 200 420
INFO 2026-05-02 10:13:17,486 basehttp "GET /api/whatsapp-templates/ HTTP/1.1" 200 2
INFO 2026-05-02 10:13:20,065 basehttp "GET /favicon.ico HTTP/1.1" 200 420
INFO 2026-05-02 10:13:20,078 basehttp "GET /api/leads/admin-inbox/ HTTP/1.1" 200 2
INFO 2026-05-02 10:13:20,087 basehttp "GET /api/branches/ HTTP/1.1" 200 1107
INFO 2026-05-02 10:13:21,712 basehttp "GET /favicon.ico HTTP/1.1" 200 420
INFO 2026-05-02 10:13:21,733 basehttp "GET /api/branches/ HTTP/1.1" 200 1107
INFO 2026-05-02 10:13:21,733 basehttp "GET /api/historical-analytics/ HTTP/1.1" 200 2
INFO 2026-05-02 10:13:56,775 basehttp "GET /api/branches/ HTTP/1.1" 200 1107
INFO 2026-05-02 10:13:56,808 basehttp "GET /favicon.ico HTTP/1.1" 200 420
INFO 2026-05-02 10:13:56,869 basehttp "GET /api/walkins/?sectioned=1 HTTP/1.1" 200 688
INFO 2026-05-02 10:13:56,941 basehttp "GET /api/courses/ HTTP/1.1" 200 13612
INFO 2026-05-02 10:13:58,864 basehttp "GET /public/walk-in HTTP/1.1" 200 420
INFO 2026-05-02 10:13:58,933 basehttp "GET /static/assets/index-67c622b8.js HTTP/1.1" 304 0
INFO 2026-05-02 10:13:59,362 basehttp "GET /api/auth/me/ HTTP/1.1" 200 249
INFO 2026-05-02 10:13:59,365 basehttp "GET /api/public/walkin/ HTTP/1.1" 200 2082
INFO 2026-05-02 10:13:59,393 basehttp "GET /favicon.ico HTTP/1.1" 200 420
INFO 2026-05-02 10:14:17,961 basehttp "POST /api/auth/heartbeat/ HTTP/1.1" 200 57
INFO 2026-05-02 10:15:16,997 basehttp "POST /api/auth/heartbeat/ HTTP/1.1" 200 57
INFO 2026-05-02 10:15:50,453 basehttp "GET /favicon.ico HTTP/1.1" 200 420
INFO 2026-05-02 10:15:50,471 basehttp "GET /api/leads/ HTTP/1.1" 200 341
INFO 2026-05-02 10:15:52,574 basehttp "GET /favicon.ico HTTP/1.1" 200 420
INFO 2026-05-02 10:15:52,671 basehttp "GET /api/courses/ HTTP/1.1" 200 13612
INFO 2026-05-02 10:15:53,938 basehttp "GET /favicon.ico HTTP/1.1" 200 420
INFO 2026-05-02 10:15:53,958 basehttp "GET /api/leads/ HTTP/1.1" 200 341
INFO 2026-05-02 10:15:57,723 basehttp "GET /favicon.ico HTTP/1.1" 200 420
INFO 2026-05-02 10:15:57,733 basehttp "GET /api/branches/ HTTP/1.1" 200 1107
INFO 2026-05-02 10:15:57,745 basehttp "GET /api/dashboard/historical-analytics/?branch=all HTTP/1.1" 200 289
INFO 2026-05-02 10:15:57,787 basehttp "GET /api/dashboard/summary/ HTTP/1.1" 200 664
INFO 2026-05-02 10:16:17,000 basehttp "POST /api/auth/heartbeat/ HTTP/1.1" 200 57
INFO 2026-05-02 10:17:16,987 basehttp "POST /api/auth/heartbeat/ HTTP/1.1" 200 57
INFO 2026-05-02 10:17:40,087 basehttp "GET /api/users/ HTTP/1.1" 200 523
INFO 2026-05-02 10:17:40,094 basehttp "GET /api/branches/ HTTP/1.1" 200 1107
INFO 2026-05-02 10:17:40,123 basehttp "GET /favicon.ico HTTP/1.1" 200 420
INFO 2026-05-02 10:17:40,152 basehttp "GET /api/enrollments/ HTTP/1.1" 200 517
INFO 2026-05-02 10:18:05,479 basehttp "GET /favicon.ico HTTP/1.1" 200 420
INFO 2026-05-02 10:18:05,571 basehttp "GET /api/courses/ HTTP/1.1" 200 13612
INFO 2026-05-02 10:18:17,002 basehttp "POST /api/auth/heartbeat/ HTTP/1.1" 200 57
INFO 2026-05-02 10:19:16,994 basehttp "POST /api/auth/heartbeat/ HTTP/1.1" 200 57
INFO 2026-05-02 10:20:17,963 basehttp "POST /api/auth/heartbeat/ HTTP/1.1" 200 57
INFO 2026-05-02 10:21:56,956 basehttp "POST /api/auth/heartbeat/ HTTP/1.1" 200 57
INFO 2026-05-02 10:24:41,468 autoreload Watching for file changes with StatReloader
INFO 2026-05-02 10:54:23,931 autoreload Watching for file changes with StatReloader
INFO 2026-05-02 10:57:08,894 basehttp "GET / HTTP/1.1" 200 420
INFO 2026-05-02 10:57:08,992 basehttp "GET /static/assets/index-f56d6b42.css HTTP/1.1" 200 57042
INFO 2026-05-02 10:57:08,994 basehttp "GET /static/assets/index-67c622b8.js HTTP/1.1" 200 496493
INFO 2026-05-02 10:57:09,119 basehttp "GET /favicon.ico HTTP/1.1" 200 420
WARNING 2026-05-02 10:57:09,135 log Unauthorized: /api/auth/me/
WARNING 2026-05-02 10:57:09,136 basehttp "GET /api/auth/me/ HTTP/1.1" 401 183
WARNING 2026-05-02 10:57:09,144 log Unauthorized: /api/auth/token/refresh/
WARNING 2026-05-02 10:57:09,145 basehttp "POST /api/auth/token/refresh/ HTTP/1.1" 401 58
INFO 2026-05-02 10:57:09,157 basehttp "GET /login HTTP/1.1" 200 420
INFO 2026-05-02 10:57:09,164 basehttp - Broken pipe from ('127.0.0.1', 51729)
INFO 2026-05-02 10:57:09,187 basehttp "GET /static/assets/brand-logo-05bda913.png HTTP/1.1" 200 572462
INFO 2026-05-02 10:57:09,220 basehttp "GET /static/assets/libertinus-serif-400-c73c9f3b.woff2 HTTP/1.1" 200 23400
INFO 2026-05-02 10:57:09,223 basehttp "GET /favicon.ico HTTP/1.1" 200 420
INFO 2026-05-02 10:57:09,223 basehttp "GET /static/assets/libertinus-serif-700-8bd2d42a.woff2 HTTP/1.1" 200 23400
INFO 2026-05-02 10:57:09,224 basehttp "GET /static/assets/libertinus-serif-600-9f6e3162.woff2 HTTP/1.1" 200 22872
INFO 2026-05-02 10:57:25,063 basehttp "POST /api/auth/login/ HTTP/1.1" 200 878
INFO 2026-05-02 10:57:25,121 basehttp "GET /favicon.ico HTTP/1.1" 200 420
INFO 2026-05-02 10:57:25,170 basehttp "GET /api/dashboard/historical-analytics/ HTTP/1.1" 200 286
INFO 2026-05-02 10:57:25,282 basehttp "GET /api/notifications/ HTTP/1.1" 200 448
INFO 2026-05-02 10:57:25,337 basehttp "GET /api/dashboard/my-rating/ HTTP/1.1" 200 1067
INFO 2026-05-02 10:57:25,353 basehttp "GET /api/dashboard/summary/ HTTP/1.1" 200 659
INFO 2026-05-02 10:57:30,152 basehttp "GET /favicon.ico HTTP/1.1" 200 420
INFO 2026-05-02 10:57:30,177 basehttp "GET /api/leads/ HTTP/1.1" 200 341
INFO 2026-05-02 12:02:59,086 autoreload Watching for file changes with StatReloader
INFO 2026-05-02 12:03:08,715 basehttp "GET / HTTP/1.1" 200 420
INFO 2026-05-02 12:03:08,737 basehttp "GET /static/assets/index-67c622b8.js HTTP/1.1" 304 0
INFO 2026-05-02 12:03:08,737 basehttp "GET /static/assets/index-f56d6b42.css HTTP/1.1" 304 0
INFO 2026-05-02 12:03:08,773 basehttp "GET /favicon.ico HTTP/1.1" 200 420
INFO 2026-05-02 12:03:08,810 basehttp "GET /api/auth/me/ HTTP/1.1" 200 271
INFO 2026-05-02 12:03:08,820 basehttp "GET /favicon.ico HTTP/1.1" 200 420
INFO 2026-05-02 12:03:08,820 basehttp "GET /static/assets/brand-logo-05bda913.png HTTP/1.1" 304 0
INFO 2026-05-02 12:03:08,867 basehttp "GET /static/assets/libertinus-serif-400-c73c9f3b.woff2 HTTP/1.1" 304 0
INFO 2026-05-02 12:03:08,868 basehttp "GET /static/assets/libertinus-serif-700-8bd2d42a.woff2 HTTP/1.1" 304 0
INFO 2026-05-02 12:03:08,868 basehttp "GET /static/assets/libertinus-serif-600-9f6e3162.woff2 HTTP/1.1" 304 0
WARNING 2026-05-02 12:03:59,851 log Unauthorized: /api/
WARNING 2026-05-02 12:03:59,851 basehttp "GET /api/ HTTP/1.1" 401 58
INFO 2026-05-02 12:03:59,893 basehttp "GET /favicon.ico HTTP/1.1" 200 420
INFO 2026-05-02 12:04:45,221 basehttp "GET /login HTTP/1.1" 200 420
INFO 2026-05-02 12:04:45,295 basehttp "GET /static/assets/index-67c622b8.js HTTP/1.1" 304 0
INFO 2026-05-02 12:04:46,029 basehttp "GET /api/auth/me/ HTTP/1.1" 200 249
INFO 2026-05-02 12:04:46,212 basehttp "GET /favicon.ico HTTP/1.1" 200 420
INFO 2026-05-02 12:04:58,736 basehttp "POST /api/auth/login/ HTTP/1.1" 200 866
INFO 2026-05-02 12:04:58,796 basehttp "GET /favicon.ico HTTP/1.1" 200 420
INFO 2026-05-02 12:04:58,808 basehttp "GET /api/notifications/ HTTP/1.1" 200 2
INFO 2026-05-02 12:04:58,819 basehttp "GET /api/branches/ HTTP/1.1" 200 1107
INFO 2026-05-02 12:04:58,822 basehttp "GET /api/dashboard/historical-analytics/?branch=all HTTP/1.1" 200 289
INFO 2026-05-02 12:04:58,921 basehttp "GET /api/dashboard/summary/ HTTP/1.1" 200 664
INFO 2026-05-02 12:05:04,199 basehttp "GET /favicon.ico HTTP/1.1" 200 420
INFO 2026-05-02 12:05:04,221 basehttp "GET /api/admin/user-monitoring/ HTTP/1.1" 200 5498
INFO 2026-05-02 12:05:58,981 basehttp "POST /api/auth/heartbeat/ HTTP/1.1" 200 57
INFO 2026-05-02 12:06:58,973 basehttp "POST /api/auth/heartbeat/ HTTP/1.1" 200 57
INFO 2026-05-02 12:07:58,968 basehttp "POST /api/auth/heartbeat/ HTTP/1.1" 200 57
INFO 2026-05-02 12:08:58,975 basehttp "POST /api/auth/heartbeat/ HTTP/1.1" 200 57
INFO 2026-05-02 12:16:08,863 autoreload Watching for file changes with StatReloader
INFO 2026-05-02 12:16:12,487 basehttp "GET / HTTP/1.1" 200 420
INFO 2026-05-02 12:16:12,627 basehttp "GET /static/assets/index-996c2140.css HTTP/1.1" 200 57286
INFO 2026-05-02 12:16:12,856 basehttp "GET /static/assets/index-6f4b1eee.js HTTP/1.1" 200 501090
INFO 2026-05-02 12:16:13,280 basehttp "GET /favicon.ico HTTP/1.1" 200 420
INFO 2026-05-02 12:16:13,293 basehttp "GET /api/auth/me/ HTTP/1.1" 200 249
INFO 2026-05-02 12:16:13,413 basehttp "GET /favicon.ico HTTP/1.1" 200 420
INFO 2026-05-02 12:16:13,428 basehttp "GET /static/assets/brand-logo-05bda913.png HTTP/1.1" 200 572462
INFO 2026-05-02 12:16:13,443 basehttp "GET /static/assets/libertinus-serif-700-8bd2d42a.woff2 HTTP/1.1" 200 23400
INFO 2026-05-02 12:16:13,444 basehttp "GET /static/assets/libertinus-serif-400-c73c9f3b.woff2 HTTP/1.1" 200 23400
INFO 2026-05-02 12:16:13,448 basehttp "GET /static/assets/libertinus-serif-600-9f6e3162.woff2 HTTP/1.1" 200 22872
INFO 2026-05-02 12:16:15,985 basehttp "POST /api/auth/heartbeat/ HTTP/1.1" 200 57
INFO 2026-05-02 12:16:25,686 basehttp "POST /api/auth/login/ HTTP/1.1" 200 866
INFO 2026-05-02 12:16:25,750 basehttp "GET /api/notifications/ HTTP/1.1" 200 2
INFO 2026-05-02 12:16:25,751 basehttp "GET /favicon.ico HTTP/1.1" 200 420
INFO 2026-05-02 12:16:25,756 basehttp "GET /api/branches/ HTTP/1.1" 200 1107
INFO 2026-05-02 12:16:25,766 basehttp "GET /api/dashboard/historical-analytics/?branch=all HTTP/1.1" 200 289
INFO 2026-05-02 12:16:25,804 basehttp "GET /api/dashboard/summary/ HTTP/1.1" 200 664
INFO 2026-05-02 12:16:32,841 basehttp "GET /favicon.ico HTTP/1.1" 200 420
INFO 2026-05-02 12:16:32,856 basehttp "POST /api/auth/logout/ HTTP/1.1" 200 37
INFO 2026-05-02 12:16:42,438 basehttp "POST /api/auth/login/ HTTP/1.1" 200 878
INFO 2026-05-02 12:16:42,484 basehttp "GET /favicon.ico HTTP/1.1" 200 420
INFO 2026-05-02 12:16:42,526 basehttp "GET /api/dashboard/historical-analytics/ HTTP/1.1" 200 286
INFO 2026-05-02 12:16:42,638 basehttp "GET /api/notifications/ HTTP/1.1" 200 448
INFO 2026-05-02 12:16:42,672 basehttp "GET /api/dashboard/my-rating/ HTTP/1.1" 200 1067
INFO 2026-05-02 12:16:42,694 basehttp "GET /api/dashboard/summary/ HTTP/1.1" 200 659
INFO 2026-05-02 12:16:47,896 basehttp "GET /favicon.ico HTTP/1.1" 200 420
INFO 2026-05-02 12:16:47,900 basehttp "GET /api/leads/ HTTP/1.1" 200 341
INFO 2026-05-02 12:16:52,664 basehttp "GET /favicon.ico HTTP/1.1" 200 420
INFO 2026-05-02 12:16:52,737 basehttp "GET /api/courses/ HTTP/1.1" 200 13612
INFO 2026-05-02 12:16:54,139 basehttp "GET /favicon.ico HTTP/1.1" 200 420
INFO 2026-05-02 12:16:54,155 basehttp "GET /api/leads/ HTTP/1.1" 200 341
INFO 2026-05-02 12:16:55,245 basehttp "GET /favicon.ico HTTP/1.1" 200 420
INFO 2026-05-02 12:16:55,280 basehttp "GET /api/courses/ HTTP/1.1" 200 13612
INFO 2026-05-02 12:16:55,289 basehttp "GET /api/walkins/?sectioned=1 HTTP/1.1" 200 688
INFO 2026-05-02 12:17:09,493 basehttp "GET /favicon.ico HTTP/1.1" 200 420
INFO 2026-05-02 12:17:09,521 basehttp "GET /api/branches/ HTTP/1.1" 200 1107
INFO 2026-05-02 12:17:09,546 basehttp "GET /api/enrollments/ HTTP/1.1" 200 517
INFO 2026-05-02 12:17:09,605 basehttp "GET /api/courses/ HTTP/1.1" 200 13612
INFO 2026-05-02 12:17:16,037 basehttp "POST /api/auth/heartbeat/ HTTP/1.1" 200 57
INFO 2026-05-02 12:17:16,521 basehttp "GET /api/enrollments/?course=1 HTTP/1.1" 200 517
INFO 2026-05-02 12:17:20,178 basehttp "GET /api/enrollments/?course=19 HTTP/1.1" 200 2
INFO 2026-05-02 12:17:23,383 basehttp "GET /api/enrollments/?course=4 HTTP/1.1" 200 2
INFO 2026-05-02 12:17:25,288 basehttp "GET /api/enrollments/?course=37 HTTP/1.1" 200 2
INFO 2026-05-02 12:17:27,825 basehttp "GET /api/enrollments/?course=1 HTTP/1.1" 200 517
INFO 2026-05-02 12:17:34,128 basehttp "GET /favicon.ico HTTP/1.1" 200 420
INFO 2026-05-02 12:17:34,132 basehttp "GET /api/enrollments/8/ HTTP/1.1" 200 2158
INFO 2026-05-02 12:17:40,636 basehttp "GET /favicon.ico HTTP/1.1" 200 420
INFO 2026-05-02 12:17:40,687 basehttp "GET /api/walkins/?sectioned=1 HTTP/1.1" 200 688
INFO 2026-05-02 12:17:40,746 basehttp "GET /api/courses/ HTTP/1.1" 200 13612
INFO 2026-05-02 12:17:42,976 basehttp "POST /api/auth/heartbeat/ HTTP/1.1" 200 57
INFO 2026-05-02 12:17:59,074 basehttp "POST /api/auth/heartbeat/ HTTP/1.1" 200 57
INFO 2026-05-02 12:18:00,192 basehttp "GET /walkins HTTP/1.1" 200 420
INFO 2026-05-02 12:18:00,242 basehttp "GET /static/assets/index-6f4b1eee.js HTTP/1.1" 304 0
INFO 2026-05-02 12:18:00,242 basehttp "GET /static/assets/index-996c2140.css HTTP/1.1" 304 0
INFO 2026-05-02 12:18:00,301 basehttp "GET /api/auth/me/ HTTP/1.1" 200 271
INFO 2026-05-02 12:18:00,591 basehttp "GET /static/assets/brand-logo-05bda913.png HTTP/1.1" 304 0
INFO 2026-05-02 12:18:00,635 basehttp "GET /favicon.ico HTTP/1.1" 200 420
INFO 2026-05-02 12:18:00,703 basehttp "GET /api/walkins/?sectioned=1 HTTP/1.1" 200 688
INFO 2026-05-02 12:18:00,719 basehttp "GET /api/notifications/ HTTP/1.1" 200 448
INFO 2026-05-02 12:18:00,755 basehttp "GET /api/dashboard/my-rating/ HTTP/1.1" 200 1067
INFO 2026-05-02 12:18:00,805 basehttp "GET /api/courses/ HTTP/1.1" 200 13612
INFO 2026-05-02 12:18:02,973 basehttp "GET /admin/user-monitoring HTTP/1.1" 200 420
INFO 2026-05-02 12:18:03,334 basehttp "GET /static/assets/libertinus-serif-600-9f6e3162.woff2 HTTP/1.1" 200 22872
INFO 2026-05-02 12:18:03,398 basehttp "GET /favicon.ico HTTP/1.1" 200 420
INFO 2026-05-02 12:18:03,443 basehttp "GET /api/auth/me/ HTTP/1.1" 200 271
INFO 2026-05-02 12:18:03,521 basehttp "GET /static/assets/brand-logo-05bda913.png HTTP/1.1" 200 572462
INFO 2026-05-02 12:18:03,537 basehttp "GET /static/assets/libertinus-serif-700-8bd2d42a.woff2 HTTP/1.1" 200 23400
INFO 2026-05-02 12:18:03,538 basehttp "GET /static/assets/libertinus-serif-400-c73c9f3b.woff2 HTTP/1.1" 200 23400
INFO 2026-05-02 12:18:03,560 basehttp "GET /favicon.ico HTTP/1.1" 200 420
INFO 2026-05-02 12:18:03,654 basehttp "GET /api/notifications/ HTTP/1.1" 200 448
INFO 2026-05-02 12:18:03,655 basehttp "GET /api/dashboard/historical-analytics/ HTTP/1.1" 200 286
INFO 2026-05-02 12:18:03,770 basehttp "GET /api/dashboard/my-rating/ HTTP/1.1" 200 1067
INFO 2026-05-02 12:18:03,787 basehttp "GET /api/dashboard/summary/ HTTP/1.1" 200 659
INFO 2026-05-02 12:18:17,582 basehttp "GET /favicon.ico HTTP/1.1" 200 420
INFO 2026-05-02 12:18:17,661 basehttp "POST /api/auth/logout/ HTTP/1.1" 200 37
INFO 2026-05-02 12:18:27,127 basehttp "POST /api/auth/login/ HTTP/1.1" 200 866
INFO 2026-05-02 12:18:27,171 basehttp "GET /favicon.ico HTTP/1.1" 200 420
INFO 2026-05-02 12:18:27,175 basehttp "GET /api/notifications/ HTTP/1.1" 200 2
INFO 2026-05-02 12:18:27,191 basehttp "GET /api/branches/ HTTP/1.1" 200 1107
INFO 2026-05-02 12:18:27,194 basehttp "GET /api/dashboard/historical-analytics/?branch=all HTTP/1.1" 200 289
INFO 2026-05-02 12:18:27,230 basehttp "GET /api/dashboard/summary/ HTTP/1.1" 200 664
INFO 2026-05-02 12:18:31,063 basehttp "GET /favicon.ico HTTP/1.1" 200 420
INFO 2026-05-02 12:18:31,069 basehttp "GET /api/branches/ HTTP/1.1" 200 1107
INFO 2026-05-02 12:18:31,076 basehttp "GET /api/branch-targets/ HTTP/1.1" 200 2
INFO 2026-05-02 12:18:32,034 basehttp "GET /favicon.ico HTTP/1.1" 200 420
INFO 2026-05-02 12:18:32,054 basehttp "GET /api/branches/ HTTP/1.1" 200 1107
INFO 2026-05-02 12:18:32,067 basehttp "GET /api/enrollments/ HTTP/1.1" 200 517
INFO 2026-05-02 12:18:32,068 basehttp "GET /api/users/ HTTP/1.1" 200 523
INFO 2026-05-02 12:18:39,293 basehttp "GET /favicon.ico HTTP/1.1" 200 420
INFO 2026-05-02 12:18:39,302 basehttp "GET /api/branches/ HTTP/1.1" 200 1107
INFO 2026-05-02 12:18:39,343 basehttp "GET /api/walkins/?sectioned=1 HTTP/1.1" 200 688
INFO 2026-05-02 12:18:39,425 basehttp "GET /api/courses/ HTTP/1.1" 200 13612
INFO 2026-05-02 12:18:44,286 basehttp "GET /favicon.ico HTTP/1.1" 200 420
INFO 2026-05-02 12:18:44,299 basehttp "GET /api/branches/ HTTP/1.1" 200 1107
INFO 2026-05-02 12:18:44,313 basehttp "GET /api/enrollments/ HTTP/1.1" 200 517
INFO 2026-05-02 12:18:44,421 basehttp "GET /api/courses/ HTTP/1.1" 200 13612
INFO 2026-05-02 12:18:46,854 basehttp "GET /favicon.ico HTTP/1.1" 200 420
INFO 2026-05-02 12:18:46,866 basehttp "GET /api/leads/ HTTP/1.1" 200 341
INFO 2026-05-02 12:18:49,002 basehttp "GET /favicon.ico HTTP/1.1" 200 420
INFO 2026-05-02 12:18:49,020 basehttp "GET /api/payments/ HTTP/1.1" 200 1021
INFO 2026-05-02 12:18:49,031 basehttp "GET /api/whatsapp-templates/?template_type=payment_reminder&is_active=true HTTP/1.1" 200 2
INFO 2026-05-02 12:18:59,957 basehttp "GET /favicon.ico HTTP/1.1" 200 420
INFO 2026-05-02 12:18:59,979 basehttp "GET /api/admin/user-monitoring/ HTTP/1.1" 200 6936
INFO 2026-05-02 12:19:06,636 basehttp "GET /api/admin/user-monitoring/?branch=3 HTTP/1.1" 200 1181
INFO 2026-05-02 12:19:11,228 basehttp "GET /api/admin/user-monitoring/?branch=2 HTTP/1.1" 200 1181
INFO 2026-05-02 12:19:23,122 basehttp "GET /api/admin/user-monitoring/?branch=1&status=online&date_filter=this_week HTTP/1.1" 200 1181
INFO 2026-05-02 12:19:27,158 basehttp "POST /api/auth/heartbeat/ HTTP/1.1" 200 57
INFO 2026-05-02 12:19:27,610 basehttp "GET /api/admin/user-monitoring/?branch=1&status=online&date_filter=this_month HTTP/1.1" 200 1181
INFO 2026-05-02 12:19:31,127 basehttp "GET /api/admin/user-monitoring/?branch=1&status=offline&date_filter=this_month HTTP/1.1" 200 3196
INFO 2026-05-02 12:19:36,424 basehttp "GET /api/admin/user-monitoring/ HTTP/1.1" 200 6936
INFO 2026-05-02 12:19:56,361 basehttp "GET /api/admin/user-monitoring/?search=santhosh HTTP/1.1" 200 1181
INFO 2026-05-02 12:19:57,980 basehttp "GET /api/admin/user-monitoring/ HTTP/1.1" 200 6936
INFO 2026-05-02 12:20:10,303 basehttp "GET /static/assets/index-996c2140.css HTTP/1.1" 304 0
INFO 2026-05-02 12:20:10,324 basehttp "GET /.well-known/appspecific/com.chrome.devtools.json HTTP/1.1" 200 420
INFO 2026-05-02 12:20:14,734 basehttp "GET /api/reports/conversion-funnel/?year=2026&month=05 HTTP/1.1" 200 278
INFO 2026-05-02 12:20:14,736 basehttp "GET /api/reports/user-performance/?month=2026-05 HTTP/1.1" 200 303
INFO 2026-05-02 12:20:14,754 basehttp "GET /favicon.ico HTTP/1.1" 200 420
INFO 2026-05-02 12:20:14,914 basehttp "GET /api/reports/branch-performance/?year=2026&month=05 HTTP/1.1" 200 551
INFO 2026-05-02 12:20:14,983 basehttp "GET /api/reports/user-ratings/ HTTP/1.1" 200 3395
INFO 2026-05-02 12:20:27,181 basehttp "POST /api/auth/heartbeat/ HTTP/1.1" 200 57
INFO 2026-05-02 12:21:06,138 basehttp "GET /favicon.ico HTTP/1.1" 200 420
INFO 2026-05-02 12:21:06,160 basehttp "GET /api/admin/user-monitoring/ HTTP/1.1" 200 6936
INFO 2026-05-02 12:21:27,170 basehttp "POST /api/auth/heartbeat/ HTTP/1.1" 200 57
INFO 2026-05-02 12:22:27,975 basehttp "POST /api/auth/heartbeat/ HTTP/1.1" 200 57
INFO 2026-05-02 12:23:27,981 basehttp "POST /api/auth/heartbeat/ HTTP/1.1" 200 57
INFO 2026-05-02 12:24:27,987 basehttp "POST /api/auth/heartbeat/ HTTP/1.1" 200 57
INFO 2026-05-02 12:26:15,975 basehttp "POST /api/auth/heartbeat/ HTTP/1.1" 200 57
INFO 2026-05-02 12:27:15,969 basehttp "POST /api/auth/heartbeat/ HTTP/1.1" 200 57
INFO 2026-05-02 12:54:51,909 basehttp "POST /api/auth/heartbeat/ HTTP/1.1" 200 57
INFO 2026-05-02 12:55:02,293 basehttp "GET /api/branches/ HTTP/1.1" 200 1107
INFO 2026-05-02 12:55:02,295 basehttp "GET /favicon.ico HTTP/1.1" 200 420
INFO 2026-05-02 12:55:02,306 basehttp "GET /api/dashboard/historical-analytics/?branch=all HTTP/1.1" 200 289
INFO 2026-05-02 12:55:02,339 basehttp "GET /api/dashboard/summary/ HTTP/1.1" 200 664
INFO 2026-05-02 12:55:05,187 basehttp "GET /api/branches/ HTTP/1.1" 200 1107
INFO 2026-05-02 12:55:05,203 basehttp "GET /favicon.ico HTTP/1.1" 200 420
INFO 2026-05-02 12:55:05,231 basehttp "GET /api/walkins/?sectioned=1 HTTP/1.1" 200 688
INFO 2026-05-02 12:55:05,309 basehttp "GET /api/courses/ HTTP/1.1" 200 13612
INFO 2026-05-02 12:55:16,965 basehttp "GET /favicon.ico HTTP/1.1" 200 420
INFO 2026-05-02 12:55:16,975 basehttp "GET /api/branches/ HTTP/1.1" 200 1107
INFO 2026-05-02 12:55:17,014 basehttp "GET /api/enrollments/ HTTP/1.1" 200 517
INFO 2026-05-02 12:55:17,114 basehttp "GET /api/courses/ HTTP/1.1" 200 13612
INFO 2026-05-02 12:55:19,047 basehttp "GET /favicon.ico HTTP/1.1" 200 420
INFO 2026-05-02 12:55:19,054 basehttp "GET /api/branches/ HTTP/1.1" 200 1107
INFO 2026-05-02 12:55:19,106 basehttp "GET /api/walkins/?sectioned=1 HTTP/1.1" 200 688
INFO 2026-05-02 12:55:19,171 basehttp "GET /api/courses/ HTTP/1.1" 200 13612
INFO 2026-05-02 12:55:20,822 basehttp "GET /public/walk-in HTTP/1.1" 200 420
INFO 2026-05-02 12:55:20,885 basehttp "GET /static/assets/index-6f4b1eee.js HTTP/1.1" 304 0
INFO 2026-05-02 12:55:20,886 basehttp "GET /static/assets/index-996c2140.css HTTP/1.1" 304 0
INFO 2026-05-02 12:55:20,955 basehttp "GET /static/assets/brand-logo-05bda913.png HTTP/1.1" 304 0
INFO 2026-05-02 12:55:21,245 basehttp "GET /static/assets/libertinus-serif-600-9f6e3162.woff2 HTTP/1.1" 304 0
INFO 2026-05-02 12:55:21,246 basehttp "GET /static/assets/libertinus-serif-700-8bd2d42a.woff2 HTTP/1.1" 304 0
INFO 2026-05-02 12:55:21,248 basehttp "GET /static/assets/libertinus-serif-400-c73c9f3b.woff2 HTTP/1.1" 304 0
INFO 2026-05-02 12:55:21,393 basehttp "GET /api/public/walkin/ HTTP/1.1" 200 2082
INFO 2026-05-02 12:55:21,396 basehttp "GET /api/auth/me/ HTTP/1.1" 200 249
INFO 2026-05-02 12:55:21,455 basehttp "GET /favicon.ico HTTP/1.1" 200 420
INFO 2026-05-02 12:55:27,979 basehttp "POST /api/auth/heartbeat/ HTTP/1.1" 200 57
INFO 2026-05-02 12:55:51,201 basehttp "GET /favicon.ico HTTP/1.1" 200 420
INFO 2026-05-02 12:55:51,218 basehttp "GET /api/branches/ HTTP/1.1" 200 1107
INFO 2026-05-02 12:55:51,240 basehttp "GET /api/enrollments/ HTTP/1.1" 200 517
INFO 2026-05-02 12:55:51,313 basehttp "GET /api/courses/ HTTP/1.1" 200 13612
INFO 2026-05-02 12:55:55,584 basehttp "GET /favicon.ico HTTP/1.1" 200 420
INFO 2026-05-02 12:55:55,601 basehttp "GET /api/branches/ HTTP/1.1" 200 1107
INFO 2026-05-02 12:55:55,617 basehttp "GET /api/enrollments/ HTTP/1.1" 200 517
INFO 2026-05-02 12:55:55,694 basehttp "GET /api/courses/ HTTP/1.1" 200 13612
INFO 2026-05-02 12:55:57,908 basehttp "GET /favicon.ico HTTP/1.1" 200 420
INFO 2026-05-02 12:55:57,922 basehttp "GET /api/whatsapp-templates/?template_type=payment_reminder&is_active=true HTTP/1.1" 200 2
INFO 2026-05-02 12:55:57,942 basehttp "GET /api/payments/ HTTP/1.1" 200 1021
INFO 2026-05-02 12:56:02,492 basehttp "GET /favicon.ico HTTP/1.1" 200 420
INFO 2026-05-02 12:56:02,508 basehttp "GET /api/branches/ HTTP/1.1" 200 1107
INFO 2026-05-02 12:56:02,538 basehttp "GET /api/discounts/ HTTP/1.1" 200 498
INFO 2026-05-02 12:56:02,596 basehttp "GET /api/courses/ HTTP/1.1" 200 13612
INFO 2026-05-02 12:56:27,968 basehttp "POST /api/auth/heartbeat/ HTTP/1.1" 200 57
INFO 2026-05-02 12:57:02,119 basehttp "GET /favicon.ico HTTP/1.1" 200 420
INFO 2026-05-02 12:57:02,152 basehttp "GET /api/branches/ HTTP/1.1" 200 1107
INFO 2026-05-02 12:57:02,169 basehttp "GET /api/enrollments/ HTTP/1.1" 200 517
INFO 2026-05-02 12:57:02,227 basehttp "GET /api/courses/ HTTP/1.1" 200 13612
INFO 2026-05-02 12:57:05,090 basehttp "GET /favicon.ico HTTP/1.1" 200 420
INFO 2026-05-02 12:57:05,107 basehttp "GET /api/enrollments/8/ HTTP/1.1" 200 2158
INFO 2026-05-02 12:57:09,488 basehttp "GET /favicon.ico HTTP/1.1" 200 420
INFO 2026-05-02 12:57:09,521 basehttp "GET /api/branches/ HTTP/1.1" 200 1107
INFO 2026-05-02 12:57:09,545 basehttp "GET /api/walkins/?sectioned=1 HTTP/1.1" 200 688
INFO 2026-05-02 12:57:09,627 basehttp "GET /api/courses/ HTTP/1.1" 200 13612
INFO 2026-05-02 12:57:12,280 basehttp "GET /favicon.ico HTTP/1.1" 200 420
INFO 2026-05-02 12:57:12,308 basehttp "GET /api/branches/ HTTP/1.1" 200 1107
INFO 2026-05-02 12:57:12,341 basehttp "GET /api/walkins/13/ HTTP/1.1" 200 1501
INFO 2026-05-02 12:57:12,409 basehttp "GET /api/courses/ HTTP/1.1" 200 13612
INFO 2026-05-02 12:57:12,438 basehttp "GET /api/discounts/?course=1&branch=1&available=1 HTTP/1.1" 200 2
INFO 2026-05-02 12:57:12,449 basehttp "GET /api/walkins/staff-options/?branch=1 HTTP/1.1" 200 76
INFO 2026-05-02 12:57:19,469 basehttp "GET /favicon.ico HTTP/1.1" 200 420
INFO 2026-05-02 12:57:19,498 basehttp "GET /api/branches/ HTTP/1.1" 200 1107
INFO 2026-05-02 12:57:19,539 basehttp "GET /api/walkins/?sectioned=1 HTTP/1.1" 200 688
INFO 2026-05-02 12:57:19,614 basehttp "GET /api/courses/ HTTP/1.1" 200 13612
INFO 2026-05-02 12:57:24,669 basehttp "GET /api/branches/ HTTP/1.1" 200 1107
INFO 2026-05-02 12:57:24,694 basehttp "GET /favicon.ico HTTP/1.1" 200 420
INFO 2026-05-02 12:57:24,736 basehttp "GET /api/courses/ HTTP/1.1" 200 13612
INFO 2026-05-02 12:57:27,159 basehttp "POST /api/auth/heartbeat/ HTTP/1.1" 200 57
INFO 2026-05-02 12:58:27,975 basehttp "POST /api/auth/heartbeat/ HTTP/1.1" 200 57
INFO 2026-05-02 12:59:43,401 autoreload C:\Users\Welcome\Desktop\CRM\March 24\IIE_crm\crm\models.py changed, reloading.
INFO 2026-05-02 12:59:45,173 autoreload Watching for file changes with StatReloader
INFO 2026-05-02 12:59:47,921 autoreload C:\Users\Welcome\Desktop\CRM\March 24\IIE_crm\serializers.py changed, reloading.
INFO 2026-05-02 12:59:49,287 autoreload Watching for file changes with StatReloader
INFO 2026-05-02 12:59:50,986 autoreload C:\Users\Welcome\Desktop\CRM\March 24\IIE_crm\views.py changed, reloading.
INFO 2026-05-02 12:59:52,432 autoreload Watching for file changes with StatReloader
INFO 2026-05-02 13:00:15,989 basehttp "POST /api/auth/heartbeat/ HTTP/1.1" 200 57
INFO 2026-05-02 13:00:38,210 autoreload C:\Users\Welcome\Desktop\CRM\March 24\IIE_crm\serializers.py changed, reloading.
INFO 2026-05-02 13:00:39,629 autoreload Watching for file changes with StatReloader
INFO 2026-05-02 13:01:15,996 basehttp "POST /api/auth/heartbeat/ HTTP/1.1" 200 57
INFO 2026-05-02 13:02:15,976 basehttp "POST /api/auth/heartbeat/ HTTP/1.1" 200 57
INFO 2026-05-02 13:02:21,707 basehttp "GET /walkins/new HTTP/1.1" 200 420
INFO 2026-05-02 13:02:21,790 basehttp "GET /static/assets/index-996c2140.css HTTP/1.1" 200 57286
INFO 2026-05-02 13:02:22,013 basehttp "GET /static/assets/index-bf5b2e67.js HTTP/1.1" 200 500843
INFO 2026-05-02 13:02:22,351 basehttp "GET /static/assets/libertinus-serif-600-9f6e3162.woff2 HTTP/1.1" 200 22872
INFO 2026-05-02 13:02:22,398 basehttp "GET /api/auth/me/ HTTP/1.1" 200 249
INFO 2026-05-02 13:02:22,434 basehttp "GET /favicon.ico HTTP/1.1" 200 420
INFO 2026-05-02 13:02:22,438 basehttp "GET /api/notifications/ HTTP/1.1" 200 2
INFO 2026-05-02 13:02:22,441 basehttp "GET /api/branches/ HTTP/1.1" 200 1107
INFO 2026-05-02 13:02:22,456 basehttp "GET /static/assets/brand-logo-05bda913.png HTTP/1.1" 200 572462
INFO 2026-05-02 13:02:22,466 basehttp "GET /static/assets/libertinus-serif-700-8bd2d42a.woff2 HTTP/1.1" 200 23400
INFO 2026-05-02 13:02:22,467 basehttp "GET /static/assets/libertinus-serif-400-c73c9f3b.woff2 HTTP/1.1" 200 23400
INFO 2026-05-02 13:02:22,492 basehttp "GET /api/courses/ HTTP/1.1" 200 13612
INFO 2026-05-02 13:03:22,450 basehttp "POST /api/auth/heartbeat/ HTTP/1.1" 200 57
INFO 2026-05-02 13:04:22,450 basehttp "POST /api/auth/heartbeat/ HTTP/1.1" 200 57
INFO 2026-05-02 13:05:22,431 basehttp "POST /api/auth/heartbeat/ HTTP/1.1" 200 57
INFO 2026-05-02 13:05:37,198 basehttp "POST /api/walkins/ HTTP/1.1" 201 951
INFO 2026-05-02 13:05:37,222 basehttp "GET /favicon.ico HTTP/1.1" 200 420
INFO 2026-05-02 13:05:37,268 basehttp "GET /api/branches/ HTTP/1.1" 200 1107
INFO 2026-05-02 13:05:37,292 basehttp "GET /api/walkins/14/ HTTP/1.1" 200 951
INFO 2026-05-02 13:05:37,370 basehttp "GET /api/courses/ HTTP/1.1" 200 13612
INFO 2026-05-02 13:05:37,431 basehttp "GET /api/discounts/?course=27&branch=1&available=1 HTTP/1.1" 200 2
INFO 2026-05-02 13:05:37,432 basehttp "GET /api/walkins/staff-options/?branch=1 HTTP/1.1" 200 76
INFO 2026-05-02 13:06:22,982 basehttp "POST /api/auth/heartbeat/ HTTP/1.1" 200 57
INFO 2026-05-02 13:07:22,983 basehttp "POST /api/auth/heartbeat/ HTTP/1.1" 200 57
INFO 2026-05-02 13:08:22,971 basehttp "POST /api/auth/heartbeat/ HTTP/1.1" 200 57
INFO 2026-05-02 13:08:48,816 basehttp "GET /api/branches/ HTTP/1.1" 200 1107
INFO 2026-05-02 13:08:48,819 basehttp "GET /favicon.ico HTTP/1.1" 200 420
INFO 2026-05-02 13:08:48,823 basehttp "GET /api/dashboard/historical-analytics/?branch=all HTTP/1.1" 200 289
INFO 2026-05-02 13:08:48,859 basehttp "GET /api/dashboard/summary/ HTTP/1.1" 200 664
INFO 2026-05-02 13:08:52,713 basehttp "GET /dashboard HTTP/1.1" 200 420
INFO 2026-05-02 13:08:52,748 basehttp "GET /static/assets/index-bf5b2e67.js HTTP/1.1" 304 0
INFO 2026-05-02 13:08:52,751 basehttp "GET /static/assets/index-996c2140.css HTTP/1.1" 304 0
INFO 2026-05-02 13:08:52,792 basehttp "GET /api/auth/me/ HTTP/1.1" 200 249
INFO 2026-05-02 13:08:53,070 basehttp "GET /static/assets/libertinus-serif-600-9f6e3162.woff2 HTTP/1.1" 304 0
INFO 2026-05-02 13:08:53,113 basehttp "GET /static/assets/brand-logo-05bda913.png HTTP/1.1" 304 0
INFO 2026-05-02 13:08:53,135 basehttp "GET /api/notifications/ HTTP/1.1" 200 2
INFO 2026-05-02 13:08:53,137 basehttp "GET /static/assets/libertinus-serif-700-8bd2d42a.woff2 HTTP/1.1" 304 0
INFO 2026-05-02 13:08:53,150 basehttp "GET /static/assets/libertinus-serif-400-c73c9f3b.woff2 HTTP/1.1" 304 0
INFO 2026-05-02 13:08:53,155 basehttp "GET /favicon.ico HTTP/1.1" 200 420
INFO 2026-05-02 13:08:53,156 basehttp "GET /api/dashboard/historical-analytics/?branch=all HTTP/1.1" 200 289
INFO 2026-05-02 13:08:53,157 basehttp "GET /api/branches/ HTTP/1.1" 200 1107
INFO 2026-05-02 13:08:53,186 basehttp "GET /api/dashboard/summary/ HTTP/1.1" 200 664
INFO 2026-05-02 13:08:55,948 basehttp "GET /favicon.ico HTTP/1.1" 200 420
INFO 2026-05-02 13:08:55,957 basehttp "GET /api/branches/ HTTP/1.1" 200 1107
INFO 2026-05-02 13:08:56,009 basehttp "GET /api/walkins/?sectioned=1 HTTP/1.1" 200 1194
INFO 2026-05-02 13:08:56,066 basehttp "GET /api/courses/ HTTP/1.1" 200 13612
INFO 2026-05-02 13:08:57,962 basehttp "GET /favicon.ico HTTP/1.1" 200 420
INFO 2026-05-02 13:08:57,993 basehttp "GET /api/branches/ HTTP/1.1" 200 1107
INFO 2026-05-02 13:08:58,018 basehttp "GET /api/walkins/14/ HTTP/1.1" 200 951
INFO 2026-05-02 13:08:58,071 basehttp "GET /api/courses/ HTTP/1.1" 200 13612
INFO 2026-05-02 13:08:58,091 basehttp "GET /api/walkins/staff-options/?branch=1 HTTP/1.1" 200 76
INFO 2026-05-02 13:08:58,107 basehttp "GET /api/discounts/?course=27&branch=1&available=1 HTTP/1.1" 200 2
INFO 2026-05-02 13:09:07,740 basehttp "POST /api/walkins/14/convert-to-enrollment/ HTTP/1.1" 201 1687
INFO 2026-05-02 13:09:11,615 basehttp "GET /favicon.ico HTTP/1.1" 200 420
INFO 2026-05-02 13:09:11,637 basehttp "GET /api/branches/ HTTP/1.1" 200 1107
INFO 2026-05-02 13:09:11,665 basehttp "GET /api/enrollments/ HTTP/1.1" 200 1022
INFO 2026-05-02 13:09:11,743 basehttp "GET /api/courses/ HTTP/1.1" 200 13612
INFO 2026-05-02 13:09:15,390 basehttp "GET /favicon.ico HTTP/1.1" 200 420
INFO 2026-05-02 13:09:15,413 basehttp "GET /api/enrollments/9/ HTTP/1.1" 200 1687
INFO 2026-05-02 13:09:33,158 basehttp "PATCH /api/enrollments/9/ HTTP/1.1" 200 1708
INFO 2026-05-02 13:09:33,211 basehttp "POST /api/enrollments/9/send-rules-form/ HTTP/1.1" 200 436
INFO 2026-05-02 13:09:53,981 basehttp "POST /api/auth/heartbeat/ HTTP/1.1" 200 57
INFO 2026-05-02 13:10:03,333 basehttp "GET /favicon.ico HTTP/1.1" 200 420
INFO 2026-05-02 13:10:03,341 basehttp "GET /api/branches/ HTTP/1.1" 200 1107
INFO 2026-05-02 13:10:03,372 basehttp "GET /api/enrollments/ HTTP/1.1" 200 1022
INFO 2026-05-02 13:10:03,450 basehttp "GET /api/courses/ HTTP/1.1" 200 13612
INFO 2026-05-02 13:10:06,095 basehttp "GET /favicon.ico HTTP/1.1" 200 420
INFO 2026-05-02 13:10:06,124 basehttp "GET /api/branches/ HTTP/1.1" 200 1107
INFO 2026-05-02 13:10:06,143 basehttp "GET /api/walkins/14/ HTTP/1.1" 200 1026
INFO 2026-05-02 13:10:06,209 basehttp "GET /api/courses/ HTTP/1.1" 200 13612
INFO 2026-05-02 13:10:06,240 basehttp "GET /api/walkins/staff-options/?branch=1 HTTP/1.1" 200 76
INFO 2026-05-02 13:10:06,240 basehttp "GET /api/discounts/?course=27&branch=1&available=1 HTTP/1.1" 200 2
INFO 2026-05-02 13:10:11,194 basehttp "GET /favicon.ico HTTP/1.1" 200 420
INFO 2026-05-02 13:10:11,214 basehttp "GET /api/branches/ HTTP/1.1" 200 1107
INFO 2026-05-02 13:10:11,259 basehttp "GET /api/walkins/?sectioned=1 HTTP/1.1" 200 1272
INFO 2026-05-02 13:10:11,311 basehttp "GET /api/courses/ HTTP/1.1" 200 13612
INFO 2026-05-02 13:10:13,216 basehttp "GET /favicon.ico HTTP/1.1" 200 420
INFO 2026-05-02 13:10:13,222 basehttp "GET /api/branches/ HTTP/1.1" 200 1107
INFO 2026-05-02 13:10:13,253 basehttp "GET /api/walkins/14/ HTTP/1.1" 200 1026
INFO 2026-05-02 13:10:13,333 basehttp "GET /api/courses/ HTTP/1.1" 200 13612
INFO 2026-05-02 13:10:13,368 basehttp "GET /api/walkins/staff-options/?branch=1 HTTP/1.1" 200 76
INFO 2026-05-02 13:10:13,369 basehttp "GET /api/discounts/?course=27&branch=1&available=1 HTTP/1.1" 200 2
INFO 2026-05-02 13:10:15,127 basehttp "GET /api/branches/ HTTP/1.1" 200 1107
INFO 2026-05-02 13:10:15,128 basehttp "GET /favicon.ico HTTP/1.1" 200 420
INFO 2026-05-02 13:10:15,159 basehttp "GET /api/enrollments/ HTTP/1.1" 200 1022
INFO 2026-05-02 13:10:15,237 basehttp "GET /api/courses/ HTTP/1.1" 200 13612
INFO 2026-05-02 13:10:18,629 basehttp "GET /favicon.ico HTTP/1.1" 200 420
INFO 2026-05-02 13:10:18,651 basehttp "GET /api/enrollments/9/ HTTP/1.1" 200 1705
INFO 2026-05-02 13:10:25,306 basehttp "GET /favicon.ico HTTP/1.1" 200 420
INFO 2026-05-02 13:10:25,319 basehttp "GET /api/branches/ HTTP/1.1" 200 1107
INFO 2026-05-02 13:10:25,336 basehttp "GET /api/enrollments/ HTTP/1.1" 200 1022
INFO 2026-05-02 13:10:25,398 basehttp "GET /api/courses/ HTTP/1.1" 200 13612
INFO 2026-05-02 13:10:53,972 basehttp "POST /api/auth/heartbeat/ HTTP/1.1" 200 57
INFO 2026-05-02 13:11:53,976 basehttp "POST /api/auth/heartbeat/ HTTP/1.1" 200 57
INFO 2026-05-02 13:12:02,520 basehttp "GET /favicon.ico HTTP/1.1" 200 420
INFO 2026-05-02 13:12:02,525 basehttp "GET /api/leads/ HTTP/1.1" 200 341
INFO 2026-05-02 13:12:04,090 basehttp "GET /favicon.ico HTTP/1.1" 200 420
INFO 2026-05-02 13:12:04,109 basehttp "GET /api/branches/ HTTP/1.1" 200 1107
INFO 2026-05-02 13:12:04,147 basehttp "GET /api/leads/9/ HTTP/1.1" 200 997
INFO 2026-05-02 13:12:04,204 basehttp "GET /api/courses/ HTTP/1.1" 200 13612
INFO 2026-05-02 13:12:13,347 basehttp "GET /favicon.ico HTTP/1.1" 200 420
INFO 2026-05-02 13:12:13,360 basehttp "GET /api/branches/ HTTP/1.1" 200 1107
INFO 2026-05-02 13:12:13,420 basehttp "GET /api/walkins/?sectioned=1 HTTP/1.1" 200 1272
INFO 2026-05-02 13:12:13,490 basehttp "GET /api/courses/ HTTP/1.1" 200 13612
INFO 2026-05-02 13:12:15,974 basehttp "GET /api/walkins/13/ HTTP/1.1" 200 1501
INFO 2026-05-02 13:12:15,975 basehttp "GET /favicon.ico HTTP/1.1" 200 420
INFO 2026-05-02 13:12:15,985 basehttp "GET /api/branches/ HTTP/1.1" 200 1107
INFO 2026-05-02 13:12:16,059 basehttp "GET /api/courses/ HTTP/1.1" 200 13612
INFO 2026-05-02 13:12:16,091 basehttp "GET /api/walkins/staff-options/?branch=1 HTTP/1.1" 200 76
INFO 2026-05-02 13:12:16,094 basehttp "GET /api/discounts/?course=1&branch=1&available=1 HTTP/1.1" 200 2
INFO 2026-05-02 13:12:53,978 basehttp "POST /api/auth/heartbeat/ HTTP/1.1" 200 57
INFO 2026-05-02 13:13:53,982 basehttp "POST /api/auth/heartbeat/ HTTP/1.1" 200 57
INFO 2026-05-02 13:14:53,126 basehttp "POST /api/auth/heartbeat/ HTTP/1.1" 200 57
INFO 2026-05-02 13:15:23,414 basehttp "GET /favicon.ico HTTP/1.1" 200 420
INFO 2026-05-02 13:15:23,423 basehttp "GET /api/branches/ HTTP/1.1" 200 1107
INFO 2026-05-02 13:15:23,432 basehttp "GET /api/enrollments/ HTTP/1.1" 200 1022
INFO 2026-05-02 13:15:23,516 basehttp "GET /api/courses/ HTTP/1.1" 200 13612
INFO 2026-05-02 13:15:53,137 basehttp "POST /api/auth/heartbeat/ HTTP/1.1" 200 57
INFO 2026-05-02 13:16:53,980 basehttp "POST /api/auth/heartbeat/ HTTP/1.1" 200 57
INFO 2026-05-02 13:18:15,975 basehttp "POST /api/auth/heartbeat/ HTTP/1.1" 200 57
INFO 2026-05-02 13:19:15,969 basehttp "POST /api/auth/heartbeat/ HTTP/1.1" 200 57
INFO 2026-05-02 13:20:15,970 basehttp "POST /api/auth/heartbeat/ HTTP/1.1" 200 57
INFO 2026-05-02 13:21:15,964 basehttp "POST /api/auth/heartbeat/ HTTP/1.1" 200 57
INFO 2026-05-02 13:21:23,954 autoreload C:\Users\Welcome\Desktop\CRM\March 24\IIE_crm\crm\models.py changed, reloading.
INFO 2026-05-02 13:21:25,548 autoreload Watching for file changes with StatReloader
INFO 2026-05-02 13:21:35,766 autoreload C:\Users\Welcome\Desktop\CRM\March 24\IIE_crm\views.py changed, reloading.
INFO 2026-05-02 13:21:37,068 autoreload Watching for file changes with StatReloader
INFO 2026-05-02 13:22:10,761 autoreload C:\Users\Welcome\Desktop\CRM\March 24\IIE_crm\views.py changed, reloading.
INFO 2026-05-02 13:22:12,117 autoreload Watching for file changes with StatReloader
INFO 2026-05-02 13:22:15,960 autoreload C:\Users\Welcome\Desktop\CRM\March 24\IIE_crm\urls.py changed, reloading.
INFO 2026-05-02 13:22:17,288 autoreload Watching for file changes with StatReloader
INFO 2026-05-02 13:22:53,198 basehttp "POST /api/auth/heartbeat/ HTTP/1.1" 200 57
INFO 2026-05-02 13:22:54,545 basehttp "GET /students HTTP/1.1" 200 420
INFO 2026-05-02 13:22:54,569 basehttp "GET /static/assets/index-bf5b2e67.js HTTP/1.1" 304 0
INFO 2026-05-02 13:22:54,574 basehttp "GET /static/assets/index-996c2140.css HTTP/1.1" 304 0
INFO 2026-05-02 13:22:54,902 basehttp "GET /static/assets/libertinus-serif-600-9f6e3162.woff2 HTTP/1.1" 304 0
INFO 2026-05-02 13:22:54,965 basehttp "GET /api/auth/me/ HTTP/1.1" 200 249
INFO 2026-05-02 13:22:54,988 basehttp "GET /static/assets/brand-logo-05bda913.png HTTP/1.1" 304 0
INFO 2026-05-02 13:22:55,064 basehttp "GET /favicon.ico HTTP/1.1" 200 420
INFO 2026-05-02 13:22:55,065 basehttp "GET /static/assets/libertinus-serif-400-c73c9f3b.woff2 HTTP/1.1" 304 0
INFO 2026-05-02 13:22:55,078 basehttp "GET /api/branches/ HTTP/1.1" 200 1107
INFO 2026-05-02 13:22:55,078 basehttp "GET /api/notifications/ HTTP/1.1" 200 2
INFO 2026-05-02 13:22:55,084 basehttp "GET /static/assets/libertinus-serif-700-8bd2d42a.woff2 HTTP/1.1" 304 0
INFO 2026-05-02 13:22:55,124 basehttp "GET /api/enrollments/ HTTP/1.1" 200 1022
INFO 2026-05-02 13:22:55,194 basehttp "GET /api/courses/ HTTP/1.1" 200 13612
INFO 2026-05-02 13:23:00,580 basehttp "GET /favicon.ico HTTP/1.1" 200 420
INFO 2026-05-02 13:23:00,605 basehttp "GET /api/enrollments/9/ HTTP/1.1" 200 1705
INFO 2026-05-02 13:23:55,968 basehttp "POST /api/auth/heartbeat/ HTTP/1.1" 200 57
INFO 2026-05-02 13:24:55,980 basehttp "POST /api/auth/heartbeat/ HTTP/1.1" 200 57
INFO 2026-05-02 13:25:55,979 basehttp "POST /api/auth/heartbeat/ HTTP/1.1" 200 57
INFO 2026-05-02 13:26:55,978 basehttp "POST /api/auth/heartbeat/ HTTP/1.1" 200 57
INFO 2026-05-02 13:27:55,977 basehttp "POST /api/auth/heartbeat/ HTTP/1.1" 200 57
INFO 2026-05-02 13:28:47,116 basehttp "GET /students/9 HTTP/1.1" 200 420
INFO 2026-05-02 13:28:47,336 basehttp "GET /static/assets/index-39e94872.css HTTP/1.1" 200 57630
INFO 2026-05-02 13:28:47,537 basehttp "GET /static/assets/index-811763e3.js HTTP/1.1" 200 504998
INFO 2026-05-02 13:28:47,895 basehttp "GET /static/assets/libertinus-serif-600-9f6e3162.woff2 HTTP/1.1" 200 22872
INFO 2026-05-02 13:28:47,939 basehttp "GET /api/auth/me/ HTTP/1.1" 200 249
INFO 2026-05-02 13:28:47,979 basehttp "GET /favicon.ico HTTP/1.1" 200 420
INFO 2026-05-02 13:28:47,980 basehttp "GET /api/notifications/ HTTP/1.1" 200 2
INFO 2026-05-02 13:28:47,996 basehttp "GET /api/enrollments/9/ HTTP/1.1" 200 1705
INFO 2026-05-02 13:28:47,997 basehttp "GET /static/assets/libertinus-serif-400-c73c9f3b.woff2 HTTP/1.1" 200 23400
INFO 2026-05-02 13:28:47,997 basehttp "GET /static/assets/libertinus-serif-700-8bd2d42a.woff2 HTTP/1.1" 200 23400
INFO 2026-05-02 13:28:48,002 basehttp "GET /static/assets/brand-logo-05bda913.png HTTP/1.1" 200 572462
INFO 2026-05-02 13:28:55,426 basehttp "POST /api/phone-numbers/student/9/ HTTP/1.1" 200 68
INFO 2026-05-02 13:29:11,230 basehttp "GET /favicon.ico HTTP/1.1" 200 420
INFO 2026-05-02 13:29:11,245 basehttp "GET /api/enrollments/9/ HTTP/1.1" 200 1705
INFO 2026-05-02 13:29:48,971 basehttp "POST /api/auth/heartbeat/ HTTP/1.1" 200 57
INFO 2026-05-02 13:30:48,974 basehttp "POST /api/auth/heartbeat/ HTTP/1.1" 200 57
INFO 2026-05-02 13:31:48,967 basehttp "POST /api/auth/heartbeat/ HTTP/1.1" 200 57
INFO 2026-05-02 13:32:48,965 basehttp "POST /api/auth/heartbeat/ HTTP/1.1" 200 57
INFO 2026-05-02 13:33:48,969 basehttp "POST /api/auth/heartbeat/ HTTP/1.1" 200 57
INFO 2026-05-02 13:36:12,105 basehttp "POST /api/auth/heartbeat/ HTTP/1.1" 200 57
INFO 2026-05-02 13:36:12,761 autoreload C:\Users\Welcome\Desktop\CRM\March 24\IIE_crm\crm\models.py changed, reloading.
INFO 2026-05-02 13:36:14,012 autoreload Watching for file changes with StatReloader
INFO 2026-05-02 13:37:08,218 autoreload C:\Users\Welcome\Desktop\CRM\March 24\IIE_crm\crm\models.py changed, reloading.
INFO 2026-05-02 13:37:09,196 autoreload Watching for file changes with StatReloader
INFO 2026-05-02 13:37:16,031 basehttp "POST /api/auth/heartbeat/ HTTP/1.1" 200 57
INFO 2026-05-02 13:37:25,614 autoreload C:\Users\Welcome\Desktop\CRM\March 24\IIE_crm\serializers.py changed, reloading.
INFO 2026-05-02 13:37:26,556 autoreload Watching for file changes with StatReloader
INFO 2026-05-02 13:37:30,169 autoreload C:\Users\Welcome\Desktop\CRM\March 24\IIE_crm\views.py changed, reloading.
INFO 2026-05-02 13:37:31,106 autoreload Watching for file changes with StatReloader
INFO 2026-05-02 13:37:34,736 autoreload C:\Users\Welcome\Desktop\CRM\March 24\IIE_crm\views.py changed, reloading.
INFO 2026-05-02 13:37:35,652 autoreload Watching for file changes with StatReloader
INFO 2026-05-02 13:37:57,359 autoreload C:\Users\Welcome\Desktop\CRM\March 24\IIE_crm\views.py changed, reloading.
INFO 2026-05-02 13:37:58,454 autoreload Watching for file changes with StatReloader
INFO 2026-05-02 13:38:05,407 autoreload C:\Users\Welcome\Desktop\CRM\March 24\IIE_crm\views.py changed, reloading.
INFO 2026-05-02 13:38:06,457 autoreload Watching for file changes with StatReloader
INFO 2026-05-02 13:38:15,984 basehttp "POST /api/auth/heartbeat/ HTTP/1.1" 200 57
INFO 2026-05-02 13:38:19,701 autoreload C:\Users\Welcome\Desktop\CRM\March 24\IIE_crm\views.py changed, reloading.
INFO 2026-05-02 13:38:20,672 autoreload Watching for file changes with StatReloader
INFO 2026-05-02 13:38:27,480 autoreload C:\Users\Welcome\Desktop\CRM\March 24\IIE_crm\views.py changed, reloading.
INFO 2026-05-02 13:38:28,508 autoreload Watching for file changes with StatReloader
INFO 2026-05-02 13:38:32,140 autoreload C:\Users\Welcome\Desktop\CRM\March 24\IIE_crm\views.py changed, reloading.
INFO 2026-05-02 13:38:33,079 autoreload Watching for file changes with StatReloader
INFO 2026-05-02 13:39:06,879 basehttp "POST /api/auth/heartbeat/ HTTP/1.1" 200 57
INFO 2026-05-02 13:39:09,258 basehttp "POST /api/auth/logout/ HTTP/1.1" 200 37
INFO 2026-05-02 13:39:09,268 basehttp "GET /favicon.ico HTTP/1.1" 200 420
INFO 2026-05-02 13:39:50,124 autoreload C:\Users\Welcome\Desktop\CRM\March 24\IIE_crm\views.py changed, reloading.
INFO 2026-05-02 13:39:51,156 autoreload Watching for file changes with StatReloader
INFO 2026-05-02 13:45:22,864 basehttp "POST /api/auth/login/ HTTP/1.1" 200 866
INFO 2026-05-02 13:45:22,930 basehttp "GET /api/notifications/ HTTP/1.1" 200 2
INFO 2026-05-02 13:45:22,932 basehttp "GET /api/branches/ HTTP/1.1" 200 1107
INFO 2026-05-02 13:45:22,952 basehttp "GET /api/dashboard/historical-analytics/?branch=all HTTP/1.1" 200 289
INFO 2026-05-02 13:45:22,988 basehttp "GET /api/dashboard/summary/ HTTP/1.1" 200 682
INFO 2026-05-02 13:45:22,992 basehttp "GET /favicon.ico HTTP/1.1" 200 420
INFO 2026-05-02 13:45:26,843 basehttp "GET /api/dashboard/historical-analytics/?branch=3 HTTP/1.1" 200 285
INFO 2026-05-02 13:45:26,848 basehttp "GET /api/dashboard/summary/?branch=3 HTTP/1.1" 200 649
INFO 2026-05-02 13:45:27,840 basehttp "GET /api/dashboard/historical-analytics/?branch=2 HTTP/1.1" 200 279
INFO 2026-05-02 13:45:27,869 basehttp "GET /api/dashboard/summary/?branch=2 HTTP/1.1" 200 643
INFO 2026-05-02 13:45:28,560 basehttp "GET /api/dashboard/historical-analytics/?branch=1 HTTP/1.1" 200 286
INFO 2026-05-02 13:45:28,586 basehttp "GET /api/dashboard/summary/?branch=1 HTTP/1.1" 200 679
INFO 2026-05-02 13:46:22,902 basehttp "POST /api/auth/heartbeat/ HTTP/1.1" 200 57
INFO 2026-05-02 13:47:22,967 basehttp "POST /api/auth/heartbeat/ HTTP/1.1" 200 57
INFO 2026-05-02 13:48:22,978 basehttp "POST /api/auth/heartbeat/ HTTP/1.1" 200 57
INFO 2026-05-02 13:49:22,977 basehttp "POST /api/auth/heartbeat/ HTTP/1.1" 200 57
INFO 2026-05-02 13:50:22,967 basehttp "POST /api/auth/heartbeat/ HTTP/1.1" 200 57
INFO 2026-05-02 13:51:22,978 basehttp "POST /api/auth/heartbeat/ HTTP/1.1" 200 57
INFO 2026-05-02 13:53:17,437 basehttp "POST /api/auth/heartbeat/ HTTP/1.1" 200 57
INFO 2026-05-02 13:54:15,968 basehttp "POST /api/auth/heartbeat/ HTTP/1.1" 200 57
INFO 2026-05-02 13:55:15,979 basehttp "POST /api/auth/heartbeat/ HTTP/1.1" 200 57
INFO 2026-05-02 13:56:15,973 basehttp "POST /api/auth/heartbeat/ HTTP/1.1" 200 57
INFO 2026-05-02 14:14:38,557 basehttp "POST /api/auth/heartbeat/ HTTP/1.1" 200 57
INFO 2026-05-02 14:16:15,979 basehttp "POST /api/auth/heartbeat/ HTTP/1.1" 200 57
INFO 2026-05-02 15:02:23,290 basehttp "POST /api/auth/heartbeat/ HTTP/1.1" 200 57
